TargetID,AccountID,Date,TargetRevenue
T1,A001,2026-09-30,9000
T2,A002,2026-09-30,9000
T3,A003,2026-09-30,9000
T4,A004,2026-09-30,9000
T5,A005,2026-09-30,9000
T6,A006,2026-09-30,9000
T7,A007,2026-09-30,9000
T8,A008,2026-09-30,9000
T9,A009,2026-09-30,9000
T10,A010,2026-09-30,9000
T11,A011,2026-09-30,9000
T12,A012,2026-09-30,9000
T13,A013,2026-09-30,9000
T14,A014,2026-09-30,9000
T15,A015,2026-09-30,9000
T16,A016,2026-09-30,9000
T17,A017,2026-09-30,9000
T18,A018,2026-09-30,9000
T19,A019,2026-09-30,9000
T20,A020,2026-09-30,9000
T21,A021,2026-09-30,9000
T22,A022,2026-09-30,9000
T23,A023,2026-09-30,9000
T24,A024,2026-09-30,9000
T25,A025,2026-09-30,9000
T26,A026,2026-09-30,9000
T27,A027,2026-09-30,9000
T28,A028,2026-09-30,9000
T29,A029,2026-09-30,9000
T30,A030,2026-09-30,9000
T31,A001,2026-09-29,9000
T32,A002,2026-09-29,9000
T33,A003,2026-09-29,9000
T34,A004,2026-09-29,9000
T35,A005,2026-09-29,9000
T36,A006,2026-09-29,9000
T37,A007,2026-09-29,9000
T38,A008,2026-09-29,9000
T39,A009,2026-09-29,9000
T40,A010,2026-09-29,9000
T41,A011,2026-09-29,9000
T42,A012,2026-09-29,9000
T43,A013,2026-09-29,9000
T44,A014,2026-09-29,9000
T45,A015,2026-09-29,9000
T46,A016,2026-09-29,9000
T47,A017,2026-09-29,9000
T48,A018,2026-09-29,9000
T49,A019,2026-09-29,9000
T50,A020,2026-09-29,9000
T51,A021,2026-09-29,9000
T52,A022,2026-09-29,9000
T53,A023,2026-09-29,9000
T54,A024,2026-09-29,9000
T55,A025,2026-09-29,9000
T56,A026,2026-09-29,9000
T57,A027,2026-09-29,9000
T58,A028,2026-09-29,9000
T59,A029,2026-09-29,9000
T60,A030,2026-09-29,9000
T61,A001,2026-09-28,9000
T62,A002,2026-09-28,9000
T63,A003,2026-09-28,9000
T64,A004,2026-09-28,9000
T65,A005,2026-09-28,9000
T66,A006,2026-09-28,9000
T67,A007,2026-09-28,9000
T68,A008,2026-09-28,9000
T69,A009,2026-09-28,9000
T70,A010,2026-09-28,9000
T71,A011,2026-09-28,9000
T72,A012,2026-09-28,9000
T73,A013,2026-09-28,9000
T74,A014,2026-09-28,9000
T75,A015,2026-09-28,9000
T76,A016,2026-09-28,9000
T77,A017,2026-09-28,9000
T78,A018,2026-09-28,9000
T79,A019,2026-09-28,9000
T80,A020,2026-09-28,9000
T81,A021,2026-09-28,9000
T82,A022,2026-09-28,9000
T83,A023,2026-09-28,9000
T84,A024,2026-09-28,9000
T85,A025,2026-09-28,9000
T86,A026,2026-09-28,9000
T87,A027,2026-09-28,9000
T88,A028,2026-09-28,9000
T89,A029,2026-09-28,9000
T90,A030,2026-09-28,9000
T91,A001,2026-09-27,9000
T92,A002,2026-09-27,9000
T93,A003,2026-09-27,9000
T94,A004,2026-09-27,9000
T95,A005,2026-09-27,9000
T96,A006,2026-09-27,9000
T97,A007,2026-09-27,9000
T98,A008,2026-09-27,9000
T99,A009,2026-09-27,9000
T100,A010,2026-09-27,9000
T101,A011,2026-09-27,9000
T102,A012,2026-09-27,9000
T103,A013,2026-09-27,9000
T104,A014,2026-09-27,9000
T105,A015,2026-09-27,9000
T106,A016,2026-09-27,9000
T107,A017,2026-09-27,9000
T108,A018,2026-09-27,9000
T109,A019,2026-09-27,9000
T110,A020,2026-09-27,9000
T111,A021,2026-09-27,9000
T112,A022,2026-09-27,9000
T113,A023,2026-09-27,9000
T114,A024,2026-09-27,9000
T115,A025,2026-09-27,9000
T116,A026,2026-09-27,9000
T117,A027,2026-09-27,9000
T118,A028,2026-09-27,9000
T119,A029,2026-09-27,9000
T120,A030,2026-09-27,9000
T121,A001,2026-09-26,9000
T122,A002,2026-09-26,9000
T123,A003,2026-09-26,9000
T124,A004,2026-09-26,9000
T125,A005,2026-09-26,9000
T126,A006,2026-09-26,9000
T127,A007,2026-09-26,9000
T128,A008,2026-09-26,9000
T129,A009,2026-09-26,9000
T130,A010,2026-09-26,9000
T131,A011,2026-09-26,9000
T132,A012,2026-09-26,9000
T133,A013,2026-09-26,9000
T134,A014,2026-09-26,9000
T135,A015,2026-09-26,9000
T136,A016,2026-09-26,9000
T137,A017,2026-09-26,9000
T138,A018,2026-09-26,9000
T139,A019,2026-09-26,9000
T140,A020,2026-09-26,9000
T141,A021,2026-09-26,9000
T142,A022,2026-09-26,9000
T143,A023,2026-09-26,9000
T144,A024,2026-09-26,9000
T145,A025,2026-09-26,9000
T146,A026,2026-09-26,9000
T147,A027,2026-09-26,9000
T148,A028,2026-09-26,9000
T149,A029,2026-09-26,9000
T150,A030,2026-09-26,9000
T151,A001,2026-09-25,9000
T152,A002,2026-09-25,9000
T153,A003,2026-09-25,9000
T154,A004,2026-09-25,9000
T155,A005,2026-09-25,9000
T156,A006,2026-09-25,9000
T157,A007,2026-09-25,9000
T158,A008,2026-09-25,9000
T159,A009,2026-09-25,9000
T160,A010,2026-09-25,9000
T161,A011,2026-09-25,9000
T162,A012,2026-09-25,9000
T163,A013,2026-09-25,9000
T164,A014,2026-09-25,9000
T165,A015,2026-09-25,9000
T166,A016,2026-09-25,9000
T167,A017,2026-09-25,9000
T168,A018,2026-09-25,9000
T169,A019,2026-09-25,9000
T170,A020,2026-09-25,9000
T171,A021,2026-09-25,9000
T172,A022,2026-09-25,9000
T173,A023,2026-09-25,9000
T174,A024,2026-09-25,9000
T175,A025,2026-09-25,9000
T176,A026,2026-09-25,9000
T177,A027,2026-09-25,9000
T178,A028,2026-09-25,9000
T179,A029,2026-09-25,9000
T180,A030,2026-09-25,9000
T181,A001,2026-09-24,9000
T182,A002,2026-09-24,9000
T183,A003,2026-09-24,9000
T184,A004,2026-09-24,9000
T185,A005,2026-09-24,9000
T186,A006,2026-09-24,9000
T187,A007,2026-09-24,9000
T188,A008,2026-09-24,9000
T189,A009,2026-09-24,9000
T190,A010,2026-09-24,9000
T191,A011,2026-09-24,9000
T192,A012,2026-09-24,9000
T193,A013,2026-09-24,9000
T194,A014,2026-09-24,9000
T195,A015,2026-09-24,9000
T196,A016,2026-09-24,9000
T197,A017,2026-09-24,9000
T198,A018,2026-09-24,9000
T199,A019,2026-09-24,9000
T200,A020,2026-09-24,9000
T201,A021,2026-09-24,9000
T202,A022,2026-09-24,9000
T203,A023,2026-09-24,9000
T204,A024,2026-09-24,9000
T205,A025,2026-09-24,9000
T206,A026,2026-09-24,9000
T207,A027,2026-09-24,9000
T208,A028,2026-09-24,9000
T209,A029,2026-09-24,9000
T210,A030,2026-09-24,9000
T211,A001,2026-09-23,9000
T212,A002,2026-09-23,9000
T213,A003,2026-09-23,9000
T214,A004,2026-09-23,9000
T215,A005,2026-09-23,9000
T216,A006,2026-09-23,9000
T217,A007,2026-09-23,9000
T218,A008,2026-09-23,9000
T219,A009,2026-09-23,9000
T220,A010,2026-09-23,9000
T221,A011,2026-09-23,9000
T222,A012,2026-09-23,9000
T223,A013,2026-09-23,9000
T224,A014,2026-09-23,9000
T225,A015,2026-09-23,9000
T226,A016,2026-09-23,9000
T227,A017,2026-09-23,9000
T228,A018,2026-09-23,9000
T229,A019,2026-09-23,9000
T230,A020,2026-09-23,9000
T231,A021,2026-09-23,9000
T232,A022,2026-09-23,9000
T233,A023,2026-09-23,9000
T234,A024,2026-09-23,9000
T235,A025,2026-09-23,9000
T236,A026,2026-09-23,9000
T237,A027,2026-09-23,9000
T238,A028,2026-09-23,9000
T239,A029,2026-09-23,9000
T240,A030,2026-09-23,9000
T241,A001,2026-09-22,9000
T242,A002,2026-09-22,9000
T243,A003,2026-09-22,9000
T244,A004,2026-09-22,9000
T245,A005,2026-09-22,9000
T246,A006,2026-09-22,9000
T247,A007,2026-09-22,9000
T248,A008,2026-09-22,9000
T249,A009,2026-09-22,9000
T250,A010,2026-09-22,9000
T251,A011,2026-09-22,9000
T252,A012,2026-09-22,9000
T253,A013,2026-09-22,9000
T254,A014,2026-09-22,9000
T255,A015,2026-09-22,9000
T256,A016,2026-09-22,9000
T257,A017,2026-09-22,9000
T258,A018,2026-09-22,9000
T259,A019,2026-09-22,9000
T260,A020,2026-09-22,9000
T261,A021,2026-09-22,9000
T262,A022,2026-09-22,9000
T263,A023,2026-09-22,9000
T264,A024,2026-09-22,9000
T265,A025,2026-09-22,9000
T266,A026,2026-09-22,9000
T267,A027,2026-09-22,9000
T268,A028,2026-09-22,9000
T269,A029,2026-09-22,9000
T270,A030,2026-09-22,9000
T271,A001,2026-09-21,9000
T272,A002,2026-09-21,9000
T273,A003,2026-09-21,9000
T274,A004,2026-09-21,9000
T275,A005,2026-09-21,9000
T276,A006,2026-09-21,9000
T277,A007,2026-09-21,9000
T278,A008,2026-09-21,9000
T279,A009,2026-09-21,9000
T280,A010,2026-09-21,9000
T281,A011,2026-09-21,9000
T282,A012,2026-09-21,9000
T283,A013,2026-09-21,9000
T284,A014,2026-09-21,9000
T285,A015,2026-09-21,9000
T286,A016,2026-09-21,9000
T287,A017,2026-09-21,9000
T288,A018,2026-09-21,9000
T289,A019,2026-09-21,9000
T290,A020,2026-09-21,9000
T291,A021,2026-09-21,9000
T292,A022,2026-09-21,9000
T293,A023,2026-09-21,9000
T294,A024,2026-09-21,9000
T295,A025,2026-09-21,9000
T296,A026,2026-09-21,9000
T297,A027,2026-09-21,9000
T298,A028,2026-09-21,9000
T299,A029,2026-09-21,9000
T300,A030,2026-09-21,9000
T301,A001,2026-09-20,9000
T302,A002,2026-09-20,9000
T303,A003,2026-09-20,9000
T304,A004,2026-09-20,9000
T305,A005,2026-09-20,9000
T306,A006,2026-09-20,9000
T307,A007,2026-09-20,9000
T308,A008,2026-09-20,9000
T309,A009,2026-09-20,9000
T310,A010,2026-09-20,9000
T311,A011,2026-09-20,9000
T312,A012,2026-09-20,9000
T313,A013,2026-09-20,9000
T314,A014,2026-09-20,9000
T315,A015,2026-09-20,9000
T316,A016,2026-09-20,9000
T317,A017,2026-09-20,9000
T318,A018,2026-09-20,9000
T319,A019,2026-09-20,9000
T320,A020,2026-09-20,9000
T321,A021,2026-09-20,9000
T322,A022,2026-09-20,9000
T323,A023,2026-09-20,9000
T324,A024,2026-09-20,9000
T325,A025,2026-09-20,9000
T326,A026,2026-09-20,9000
T327,A027,2026-09-20,9000
T328,A028,2026-09-20,9000
T329,A029,2026-09-20,9000
T330,A030,2026-09-20,9000
T331,A001,2026-09-19,9000
T332,A002,2026-09-19,9000
T333,A003,2026-09-19,9000
T334,A004,2026-09-19,9000
T335,A005,2026-09-19,9000
T336,A006,2026-09-19,9000
T337,A007,2026-09-19,9000
T338,A008,2026-09-19,9000
T339,A009,2026-09-19,9000
T340,A010,2026-09-19,9000
T341,A011,2026-09-19,9000
T342,A012,2026-09-19,9000
T343,A013,2026-09-19,9000
T344,A014,2026-09-19,9000
T345,A015,2026-09-19,9000
T346,A016,2026-09-19,9000
T347,A017,2026-09-19,9000
T348,A018,2026-09-19,9000
T349,A019,2026-09-19,9000
T350,A020,2026-09-19,9000
T351,A021,2026-09-19,9000
T352,A022,2026-09-19,9000
T353,A023,2026-09-19,9000
T354,A024,2026-09-19,9000
T355,A025,2026-09-19,9000
T356,A026,2026-09-19,9000
T357,A027,2026-09-19,9000
T358,A028,2026-09-19,9000
T359,A029,2026-09-19,9000
T360,A030,2026-09-19,9000
T361,A001,2026-09-18,9000
T362,A002,2026-09-18,9000
T363,A003,2026-09-18,9000
T364,A004,2026-09-18,9000
T365,A005,2026-09-18,9000
T366,A006,2026-09-18,9000
T367,A007,2026-09-18,9000
T368,A008,2026-09-18,9000
T369,A009,2026-09-18,9000
T370,A010,2026-09-18,9000
T371,A011,2026-09-18,9000
T372,A012,2026-09-18,9000
T373,A013,2026-09-18,9000
T374,A014,2026-09-18,9000
T375,A015,2026-09-18,9000
T376,A016,2026-09-18,9000
T377,A017,2026-09-18,9000
T378,A018,2026-09-18,9000
T379,A019,2026-09-18,9000
T380,A020,2026-09-18,9000
T381,A021,2026-09-18,9000
T382,A022,2026-09-18,9000
T383,A023,2026-09-18,9000
T384,A024,2026-09-18,9000
T385,A025,2026-09-18,9000
T386,A026,2026-09-18,9000
T387,A027,2026-09-18,9000
T388,A028,2026-09-18,9000
T389,A029,2026-09-18,9000
T390,A030,2026-09-18,9000
T391,A001,2026-09-17,9000
T392,A002,2026-09-17,9000
T393,A003,2026-09-17,9000
T394,A004,2026-09-17,9000
T395,A005,2026-09-17,9000
T396,A006,2026-09-17,9000
T397,A007,2026-09-17,9000
T398,A008,2026-09-17,9000
T399,A009,2026-09-17,9000
T400,A010,2026-09-17,9000
T401,A011,2026-09-17,9000
T402,A012,2026-09-17,9000
T403,A013,2026-09-17,9000
T404,A014,2026-09-17,9000
T405,A015,2026-09-17,9000
T406,A016,2026-09-17,9000
T407,A017,2026-09-17,9000
T408,A018,2026-09-17,9000
T409,A019,2026-09-17,9000
T410,A020,2026-09-17,9000
T411,A021,2026-09-17,9000
T412,A022,2026-09-17,9000
T413,A023,2026-09-17,9000
T414,A024,2026-09-17,9000
T415,A025,2026-09-17,9000
T416,A026,2026-09-17,9000
T417,A027,2026-09-17,9000
T418,A028,2026-09-17,9000
T419,A029,2026-09-17,9000
T420,A030,2026-09-17,9000
T421,A001,2026-09-16,9000
T422,A002,2026-09-16,9000
T423,A003,2026-09-16,9000
T424,A004,2026-09-16,9000
T425,A005,2026-09-16,9000
T426,A006,2026-09-16,9000
T427,A007,2026-09-16,9000
T428,A008,2026-09-16,9000
T429,A009,2026-09-16,9000
T430,A010,2026-09-16,9000
T431,A011,2026-09-16,9000
T432,A012,2026-09-16,9000
T433,A013,2026-09-16,9000
T434,A014,2026-09-16,9000
T435,A015,2026-09-16,9000
T436,A016,2026-09-16,9000
T437,A017,2026-09-16,9000
T438,A018,2026-09-16,9000
T439,A019,2026-09-16,9000
T440,A020,2026-09-16,9000
T441,A021,2026-09-16,9000
T442,A022,2026-09-16,9000
T443,A023,2026-09-16,9000
T444,A024,2026-09-16,9000
T445,A025,2026-09-16,9000
T446,A026,2026-09-16,9000
T447,A027,2026-09-16,9000
T448,A028,2026-09-16,9000
T449,A029,2026-09-16,9000
T450,A030,2026-09-16,9000
T451,A001,2026-09-15,9000
T452,A002,2026-09-15,9000
T453,A003,2026-09-15,9000
T454,A004,2026-09-15,9000
T455,A005,2026-09-15,9000
T456,A006,2026-09-15,9000
T457,A007,2026-09-15,9000
T458,A008,2026-09-15,9000
T459,A009,2026-09-15,9000
T460,A010,2026-09-15,9000
T461,A011,2026-09-15,9000
T462,A012,2026-09-15,9000
T463,A013,2026-09-15,9000
T464,A014,2026-09-15,9000
T465,A015,2026-09-15,9000
T466,A016,2026-09-15,9000
T467,A017,2026-09-15,9000
T468,A018,2026-09-15,9000
T469,A019,2026-09-15,9000
T470,A020,2026-09-15,9000
T471,A021,2026-09-15,9000
T472,A022,2026-09-15,9000
T473,A023,2026-09-15,9000
T474,A024,2026-09-15,9000
T475,A025,2026-09-15,9000
T476,A026,2026-09-15,9000
T477,A027,2026-09-15,9000
T478,A028,2026-09-15,9000
T479,A029,2026-09-15,9000
T480,A030,2026-09-15,9000
T481,A001,2026-09-14,9000
T482,A002,2026-09-14,9000
T483,A003,2026-09-14,9000
T484,A004,2026-09-14,9000
T485,A005,2026-09-14,9000
T486,A006,2026-09-14,9000
T487,A007,2026-09-14,9000
T488,A008,2026-09-14,9000
T489,A009,2026-09-14,9000
T490,A010,2026-09-14,9000
T491,A011,2026-09-14,9000
T492,A012,2026-09-14,9000
T493,A013,2026-09-14,9000
T494,A014,2026-09-14,9000
T495,A015,2026-09-14,9000
T496,A016,2026-09-14,9000
T497,A017,2026-09-14,9000
T498,A018,2026-09-14,9000
T499,A019,2026-09-14,9000
T500,A020,2026-09-14,9000
T501,A021,2026-09-14,9000
T502,A022,2026-09-14,9000
T503,A023,2026-09-14,9000
T504,A024,2026-09-14,9000
T505,A025,2026-09-14,9000
T506,A026,2026-09-14,9000
T507,A027,2026-09-14,9000
T508,A028,2026-09-14,9000
T509,A029,2026-09-14,9000
T510,A030,2026-09-14,9000
T511,A001,2026-09-13,9000
T512,A002,2026-09-13,9000
T513,A003,2026-09-13,9000
T514,A004,2026-09-13,9000
T515,A005,2026-09-13,9000
T516,A006,2026-09-13,9000
T517,A007,2026-09-13,9000
T518,A008,2026-09-13,9000
T519,A009,2026-09-13,9000
T520,A010,2026-09-13,9000
T521,A011,2026-09-13,9000
T522,A012,2026-09-13,9000
T523,A013,2026-09-13,9000
T524,A014,2026-09-13,9000
T525,A015,2026-09-13,9000
T526,A016,2026-09-13,9000
T527,A017,2026-09-13,9000
T528,A018,2026-09-13,9000
T529,A019,2026-09-13,9000
T530,A020,2026-09-13,9000
T531,A021,2026-09-13,9000
T532,A022,2026-09-13,9000
T533,A023,2026-09-13,9000
T534,A024,2026-09-13,9000
T535,A025,2026-09-13,9000
T536,A026,2026-09-13,9000
T537,A027,2026-09-13,9000
T538,A028,2026-09-13,9000
T539,A029,2026-09-13,9000
T540,A030,2026-09-13,9000
T541,A001,2026-09-12,9000
T542,A002,2026-09-12,9000
T543,A003,2026-09-12,9000
T544,A004,2026-09-12,9000
T545,A005,2026-09-12,9000
T546,A006,2026-09-12,9000
T547,A007,2026-09-12,9000
T548,A008,2026-09-12,9000
T549,A009,2026-09-12,9000
T550,A010,2026-09-12,9000
T551,A011,2026-09-12,9000
T552,A012,2026-09-12,9000
T553,A013,2026-09-12,9000
T554,A014,2026-09-12,9000
T555,A015,2026-09-12,9000
T556,A016,2026-09-12,9000
T557,A017,2026-09-12,9000
T558,A018,2026-09-12,9000
T559,A019,2026-09-12,9000
T560,A020,2026-09-12,9000
T561,A021,2026-09-12,9000
T562,A022,2026-09-12,9000
T563,A023,2026-09-12,9000
T564,A024,2026-09-12,9000
T565,A025,2026-09-12,9000
T566,A026,2026-09-12,9000
T567,A027,2026-09-12,9000
T568,A028,2026-09-12,9000
T569,A029,2026-09-12,9000
T570,A030,2026-09-12,9000
T571,A001,2026-09-11,9000
T572,A002,2026-09-11,9000
T573,A003,2026-09-11,9000
T574,A004,2026-09-11,9000
T575,A005,2026-09-11,9000
T576,A006,2026-09-11,9000
T577,A007,2026-09-11,9000
T578,A008,2026-09-11,9000
T579,A009,2026-09-11,9000
T580,A010,2026-09-11,9000
T581,A011,2026-09-11,9000
T582,A012,2026-09-11,9000
T583,A013,2026-09-11,9000
T584,A014,2026-09-11,9000
T585,A015,2026-09-11,9000
T586,A016,2026-09-11,9000
T587,A017,2026-09-11,9000
T588,A018,2026-09-11,9000
T589,A019,2026-09-11,9000
T590,A020,2026-09-11,9000
T591,A021,2026-09-11,9000
T592,A022,2026-09-11,9000
T593,A023,2026-09-11,9000
T594,A024,2026-09-11,9000
T595,A025,2026-09-11,9000
T596,A026,2026-09-11,9000
T597,A027,2026-09-11,9000
T598,A028,2026-09-11,9000
T599,A029,2026-09-11,9000
T600,A030,2026-09-11,9000
T601,A001,2026-09-10,9000
T602,A002,2026-09-10,9000
T603,A003,2026-09-10,9000
T604,A004,2026-09-10,9000
T605,A005,2026-09-10,9000
T606,A006,2026-09-10,9000
T607,A007,2026-09-10,9000
T608,A008,2026-09-10,9000
T609,A009,2026-09-10,9000
T610,A010,2026-09-10,9000
T611,A011,2026-09-10,9000
T612,A012,2026-09-10,9000
T613,A013,2026-09-10,9000
T614,A014,2026-09-10,9000
T615,A015,2026-09-10,9000
T616,A016,2026-09-10,9000
T617,A017,2026-09-10,9000
T618,A018,2026-09-10,9000
T619,A019,2026-09-10,9000
T620,A020,2026-09-10,9000
T621,A021,2026-09-10,9000
T622,A022,2026-09-10,9000
T623,A023,2026-09-10,9000
T624,A024,2026-09-10,9000
T625,A025,2026-09-10,9000
T626,A026,2026-09-10,9000
T627,A027,2026-09-10,9000
T628,A028,2026-09-10,9000
T629,A029,2026-09-10,9000
T630,A030,2026-09-10,9000
T631,A001,2026-09-09,9000
T632,A002,2026-09-09,9000
T633,A003,2026-09-09,9000
T634,A004,2026-09-09,9000
T635,A005,2026-09-09,9000
T636,A006,2026-09-09,9000
T637,A007,2026-09-09,9000
T638,A008,2026-09-09,9000
T639,A009,2026-09-09,9000
T640,A010,2026-09-09,9000
T641,A011,2026-09-09,9000
T642,A012,2026-09-09,9000
T643,A013,2026-09-09,9000
T644,A014,2026-09-09,9000
T645,A015,2026-09-09,9000
T646,A016,2026-09-09,9000
T647,A017,2026-09-09,9000
T648,A018,2026-09-09,9000
T649,A019,2026-09-09,9000
T650,A020,2026-09-09,9000
T651,A021,2026-09-09,9000
T652,A022,2026-09-09,9000
T653,A023,2026-09-09,9000
T654,A024,2026-09-09,9000
T655,A025,2026-09-09,9000
T656,A026,2026-09-09,9000
T657,A027,2026-09-09,9000
T658,A028,2026-09-09,9000
T659,A029,2026-09-09,9000
T660,A030,2026-09-09,9000
T661,A001,2026-09-08,9000
T662,A002,2026-09-08,9000
T663,A003,2026-09-08,9000
T664,A004,2026-09-08,9000
T665,A005,2026-09-08,9000
T666,A006,2026-09-08,9000
T667,A007,2026-09-08,9000
T668,A008,2026-09-08,9000
T669,A009,2026-09-08,9000
T670,A010,2026-09-08,9000
T671,A011,2026-09-08,9000
T672,A012,2026-09-08,9000
T673,A013,2026-09-08,9000
T674,A014,2026-09-08,9000
T675,A015,2026-09-08,9000
T676,A016,2026-09-08,9000
T677,A017,2026-09-08,9000
T678,A018,2026-09-08,9000
T679,A019,2026-09-08,9000
T680,A020,2026-09-08,9000
T681,A021,2026-09-08,9000
T682,A022,2026-09-08,9000
T683,A023,2026-09-08,9000
T684,A024,2026-09-08,9000
T685,A025,2026-09-08,9000
T686,A026,2026-09-08,9000
T687,A027,2026-09-08,9000
T688,A028,2026-09-08,9000
T689,A029,2026-09-08,9000
T690,A030,2026-09-08,9000
T691,A001,2026-09-07,9000
T692,A002,2026-09-07,9000
T693,A003,2026-09-07,9000
T694,A004,2026-09-07,9000
T695,A005,2026-09-07,9000
T696,A006,2026-09-07,9000
T697,A007,2026-09-07,9000
T698,A008,2026-09-07,9000
T699,A009,2026-09-07,9000
T700,A010,2026-09-07,9000
T701,A011,2026-09-07,9000
T702,A012,2026-09-07,9000
T703,A013,2026-09-07,9000
T704,A014,2026-09-07,9000
T705,A015,2026-09-07,9000
T706,A016,2026-09-07,9000
T707,A017,2026-09-07,9000
T708,A018,2026-09-07,9000
T709,A019,2026-09-07,9000
T710,A020,2026-09-07,9000
T711,A021,2026-09-07,9000
T712,A022,2026-09-07,9000
T713,A023,2026-09-07,9000
T714,A024,2026-09-07,9000
T715,A025,2026-09-07,9000
T716,A026,2026-09-07,9000
T717,A027,2026-09-07,9000
T718,A028,2026-09-07,9000
T719,A029,2026-09-07,9000
T720,A030,2026-09-07,9000
T721,A001,2026-09-06,9000
T722,A002,2026-09-06,9000
T723,A003,2026-09-06,9000
T724,A004,2026-09-06,9000
T725,A005,2026-09-06,9000
T726,A006,2026-09-06,9000
T727,A007,2026-09-06,9000
T728,A008,2026-09-06,9000
T729,A009,2026-09-06,9000
T730,A010,2026-09-06,9000
T731,A011,2026-09-06,9000
T732,A012,2026-09-06,9000
T733,A013,2026-09-06,9000
T734,A014,2026-09-06,9000
T735,A015,2026-09-06,9000
T736,A016,2026-09-06,9000
T737,A017,2026-09-06,9000
T738,A018,2026-09-06,9000
T739,A019,2026-09-06,9000
T740,A020,2026-09-06,9000
T741,A021,2026-09-06,9000
T742,A022,2026-09-06,9000
T743,A023,2026-09-06,9000
T744,A024,2026-09-06,9000
T745,A025,2026-09-06,9000
T746,A026,2026-09-06,9000
T747,A027,2026-09-06,9000
T748,A028,2026-09-06,9000
T749,A029,2026-09-06,9000
T750,A030,2026-09-06,9000
T751,A001,2026-09-05,9000
T752,A002,2026-09-05,9000
T753,A003,2026-09-05,9000
T754,A004,2026-09-05,9000
T755,A005,2026-09-05,9000
T756,A006,2026-09-05,9000
T757,A007,2026-09-05,9000
T758,A008,2026-09-05,9000
T759,A009,2026-09-05,9000
T760,A010,2026-09-05,9000
T761,A011,2026-09-05,9000
T762,A012,2026-09-05,9000
T763,A013,2026-09-05,9000
T764,A014,2026-09-05,9000
T765,A015,2026-09-05,9000
T766,A016,2026-09-05,9000
T767,A017,2026-09-05,9000
T768,A018,2026-09-05,9000
T769,A019,2026-09-05,9000
T770,A020,2026-09-05,9000
T771,A021,2026-09-05,9000
T772,A022,2026-09-05,9000
T773,A023,2026-09-05,9000
T774,A024,2026-09-05,9000
T775,A025,2026-09-05,9000
T776,A026,2026-09-05,9000
T777,A027,2026-09-05,9000
T778,A028,2026-09-05,9000
T779,A029,2026-09-05,9000
T780,A030,2026-09-05,9000
T781,A001,2026-09-04,9000
T782,A002,2026-09-04,9000
T783,A003,2026-09-04,9000
T784,A004,2026-09-04,9000
T785,A005,2026-09-04,9000
T786,A006,2026-09-04,9000
T787,A007,2026-09-04,9000
T788,A008,2026-09-04,9000
T789,A009,2026-09-04,9000
T790,A010,2026-09-04,9000
T791,A011,2026-09-04,9000
T792,A012,2026-09-04,9000
T793,A013,2026-09-04,9000
T794,A014,2026-09-04,9000
T795,A015,2026-09-04,9000
T796,A016,2026-09-04,9000
T797,A017,2026-09-04,9000
T798,A018,2026-09-04,9000
T799,A019,2026-09-04,9000
T800,A020,2026-09-04,9000
T801,A021,2026-09-04,9000
T802,A022,2026-09-04,9000
T803,A023,2026-09-04,9000
T804,A024,2026-09-04,9000
T805,A025,2026-09-04,9000
T806,A026,2026-09-04,9000
T807,A027,2026-09-04,9000
T808,A028,2026-09-04,9000
T809,A029,2026-09-04,9000
T810,A030,2026-09-04,9000
T811,A001,2026-09-03,9000
T812,A002,2026-09-03,9000
T813,A003,2026-09-03,9000
T814,A004,2026-09-03,9000
T815,A005,2026-09-03,9000
T816,A006,2026-09-03,9000
T817,A007,2026-09-03,9000
T818,A008,2026-09-03,9000
T819,A009,2026-09-03,9000
T820,A010,2026-09-03,9000
T821,A011,2026-09-03,9000
T822,A012,2026-09-03,9000
T823,A013,2026-09-03,9000
T824,A014,2026-09-03,9000
T825,A015,2026-09-03,9000
T826,A016,2026-09-03,9000
T827,A017,2026-09-03,9000
T828,A018,2026-09-03,9000
T829,A019,2026-09-03,9000
T830,A020,2026-09-03,9000
T831,A021,2026-09-03,9000
T832,A022,2026-09-03,9000
T833,A023,2026-09-03,9000
T834,A024,2026-09-03,9000
T835,A025,2026-09-03,9000
T836,A026,2026-09-03,9000
T837,A027,2026-09-03,9000
T838,A028,2026-09-03,9000
T839,A029,2026-09-03,9000
T840,A030,2026-09-03,9000
T841,A001,2026-09-02,9000
T842,A002,2026-09-02,9000
T843,A003,2026-09-02,9000
T844,A004,2026-09-02,9000
T845,A005,2026-09-02,9000
T846,A006,2026-09-02,9000
T847,A007,2026-09-02,9000
T848,A008,2026-09-02,9000
T849,A009,2026-09-02,9000
T850,A010,2026-09-02,9000
T851,A011,2026-09-02,9000
T852,A012,2026-09-02,9000
T853,A013,2026-09-02,9000
T854,A014,2026-09-02,9000
T855,A015,2026-09-02,9000
T856,A016,2026-09-02,9000
T857,A017,2026-09-02,9000
T858,A018,2026-09-02,9000
T859,A019,2026-09-02,9000
T860,A020,2026-09-02,9000
T861,A021,2026-09-02,9000
T862,A022,2026-09-02,9000
T863,A023,2026-09-02,9000
T864,A024,2026-09-02,9000
T865,A025,2026-09-02,9000
T866,A026,2026-09-02,9000
T867,A027,2026-09-02,9000
T868,A028,2026-09-02,9000
T869,A029,2026-09-02,9000
T870,A030,2026-09-02,9000
T871,A001,2026-09-01,9000
T872,A002,2026-09-01,9000
T873,A003,2026-09-01,9000
T874,A004,2026-09-01,9000
T875,A005,2026-09-01,9000
T876,A006,2026-09-01,9000
T877,A007,2026-09-01,9000
T878,A008,2026-09-01,9000
T879,A009,2026-09-01,9000
T880,A010,2026-09-01,9000
T881,A011,2026-09-01,9000
T882,A012,2026-09-01,9000
T883,A013,2026-09-01,9000
T884,A014,2026-09-01,9000
T885,A015,2026-09-01,9000
T886,A016,2026-09-01,9000
T887,A017,2026-09-01,9000
T888,A018,2026-09-01,9000
T889,A019,2026-09-01,9000
T890,A020,2026-09-01,9000
T891,A021,2026-09-01,9000
T892,A022,2026-09-01,9000
T893,A023,2026-09-01,9000
T894,A024,2026-09-01,9000
T895,A025,2026-09-01,9000
T896,A026,2026-09-01,9000
T897,A027,2026-09-01,9000
T898,A028,2026-09-01,9000
T899,A029,2026-09-01,9000
T900,A030,2026-09-01,9000
T901,A001,2026-08-31,9000
T902,A002,2026-08-31,9000
T903,A003,2026-08-31,9000
T904,A004,2026-08-31,9000
T905,A005,2026-08-31,9000
T906,A006,2026-08-31,9000
T907,A007,2026-08-31,9000
T908,A008,2026-08-31,9000
T909,A009,2026-08-31,9000
T910,A010,2026-08-31,9000
T911,A011,2026-08-31,9000
T912,A012,2026-08-31,9000
T913,A013,2026-08-31,9000
T914,A014,2026-08-31,9000
T915,A015,2026-08-31,9000
T916,A016,2026-08-31,9000
T917,A017,2026-08-31,9000
T918,A018,2026-08-31,9000
T919,A019,2026-08-31,9000
T920,A020,2026-08-31,9000
T921,A021,2026-08-31,9000
T922,A022,2026-08-31,9000
T923,A023,2026-08-31,9000
T924,A024,2026-08-31,9000
T925,A025,2026-08-31,9000
T926,A026,2026-08-31,9000
T927,A027,2026-08-31,9000
T928,A028,2026-08-31,9000
T929,A029,2026-08-31,9000
T930,A030,2026-08-31,9000
T931,A001,2026-08-30,9000
T932,A002,2026-08-30,9000
T933,A003,2026-08-30,9000
T934,A004,2026-08-30,9000
T935,A005,2026-08-30,9000
T936,A006,2026-08-30,9000
T937,A007,2026-08-30,9000
T938,A008,2026-08-30,9000
T939,A009,2026-08-30,9000
T940,A010,2026-08-30,9000
T941,A011,2026-08-30,9000
T942,A012,2026-08-30,9000
T943,A013,2026-08-30,9000
T944,A014,2026-08-30,9000
T945,A015,2026-08-30,9000
T946,A016,2026-08-30,9000
T947,A017,2026-08-30,9000
T948,A018,2026-08-30,9000
T949,A019,2026-08-30,9000
T950,A020,2026-08-30,9000
T951,A021,2026-08-30,9000
T952,A022,2026-08-30,9000
T953,A023,2026-08-30,9000
T954,A024,2026-08-30,9000
T955,A025,2026-08-30,9000
T956,A026,2026-08-30,9000
T957,A027,2026-08-30,9000
T958,A028,2026-08-30,9000
T959,A029,2026-08-30,9000
T960,A030,2026-08-30,9000
T961,A001,2026-08-29,9000
T962,A002,2026-08-29,9000
T963,A003,2026-08-29,9000
T964,A004,2026-08-29,9000
T965,A005,2026-08-29,9000
T966,A006,2026-08-29,9000
T967,A007,2026-08-29,9000
T968,A008,2026-08-29,9000
T969,A009,2026-08-29,9000
T970,A010,2026-08-29,9000
T971,A011,2026-08-29,9000
T972,A012,2026-08-29,9000
T973,A013,2026-08-29,9000
T974,A014,2026-08-29,9000
T975,A015,2026-08-29,9000
T976,A016,2026-08-29,9000
T977,A017,2026-08-29,9000
T978,A018,2026-08-29,9000
T979,A019,2026-08-29,9000
T980,A020,2026-08-29,9000
T981,A021,2026-08-29,9000
T982,A022,2026-08-29,9000
T983,A023,2026-08-29,9000
T984,A024,2026-08-29,9000
T985,A025,2026-08-29,9000
T986,A026,2026-08-29,9000
T987,A027,2026-08-29,9000
T988,A028,2026-08-29,9000
T989,A029,2026-08-29,9000
T990,A030,2026-08-29,9000
T991,A001,2026-08-28,9000
T992,A002,2026-08-28,9000
T993,A003,2026-08-28,9000
T994,A004,2026-08-28,9000
T995,A005,2026-08-28,9000
T996,A006,2026-08-28,9000
T997,A007,2026-08-28,9000
T998,A008,2026-08-28,9000
T999,A009,2026-08-28,9000
T1000,A010,2026-08-28,9000
T1001,A011,2026-08-28,9000
T1002,A012,2026-08-28,9000
T1003,A013,2026-08-28,9000
T1004,A014,2026-08-28,9000
T1005,A015,2026-08-28,9000
T1006,A016,2026-08-28,9000
T1007,A017,2026-08-28,9000
T1008,A018,2026-08-28,9000
T1009,A019,2026-08-28,9000
T1010,A020,2026-08-28,9000
T1011,A021,2026-08-28,9000
T1012,A022,2026-08-28,9000
T1013,A023,2026-08-28,9000
T1014,A024,2026-08-28,9000
T1015,A025,2026-08-28,9000
T1016,A026,2026-08-28,9000
T1017,A027,2026-08-28,9000
T1018,A028,2026-08-28,9000
T1019,A029,2026-08-28,9000
T1020,A030,2026-08-28,9000
T1021,A001,2026-08-27,9000
T1022,A002,2026-08-27,9000
T1023,A003,2026-08-27,9000
T1024,A004,2026-08-27,9000
T1025,A005,2026-08-27,9000
T1026,A006,2026-08-27,9000
T1027,A007,2026-08-27,9000
T1028,A008,2026-08-27,9000
T1029,A009,2026-08-27,9000
T1030,A010,2026-08-27,9000
T1031,A011,2026-08-27,9000
T1032,A012,2026-08-27,9000
T1033,A013,2026-08-27,9000
T1034,A014,2026-08-27,9000
T1035,A015,2026-08-27,9000
T1036,A016,2026-08-27,9000
T1037,A017,2026-08-27,9000
T1038,A018,2026-08-27,9000
T1039,A019,2026-08-27,9000
T1040,A020,2026-08-27,9000
T1041,A021,2026-08-27,9000
T1042,A022,2026-08-27,9000
T1043,A023,2026-08-27,9000
T1044,A024,2026-08-27,9000
T1045,A025,2026-08-27,9000
T1046,A026,2026-08-27,9000
T1047,A027,2026-08-27,9000
T1048,A028,2026-08-27,9000
T1049,A029,2026-08-27,9000
T1050,A030,2026-08-27,9000
T1051,A001,2026-08-26,9000
T1052,A002,2026-08-26,9000
T1053,A003,2026-08-26,9000
T1054,A004,2026-08-26,9000
T1055,A005,2026-08-26,9000
T1056,A006,2026-08-26,9000
T1057,A007,2026-08-26,9000
T1058,A008,2026-08-26,9000
T1059,A009,2026-08-26,9000
T1060,A010,2026-08-26,9000
T1061,A011,2026-08-26,9000
T1062,A012,2026-08-26,9000
T1063,A013,2026-08-26,9000
T1064,A014,2026-08-26,9000
T1065,A015,2026-08-26,9000
T1066,A016,2026-08-26,9000
T1067,A017,2026-08-26,9000
T1068,A018,2026-08-26,9000
T1069,A019,2026-08-26,9000
T1070,A020,2026-08-26,9000
T1071,A021,2026-08-26,9000
T1072,A022,2026-08-26,9000
T1073,A023,2026-08-26,9000
T1074,A024,2026-08-26,9000
T1075,A025,2026-08-26,9000
T1076,A026,2026-08-26,9000
T1077,A027,2026-08-26,9000
T1078,A028,2026-08-26,9000
T1079,A029,2026-08-26,9000
T1080,A030,2026-08-26,9000
T1081,A001,2026-08-25,9000
T1082,A002,2026-08-25,9000
T1083,A003,2026-08-25,9000
T1084,A004,2026-08-25,9000
T1085,A005,2026-08-25,9000
T1086,A006,2026-08-25,9000
T1087,A007,2026-08-25,9000
T1088,A008,2026-08-25,9000
T1089,A009,2026-08-25,9000
T1090,A010,2026-08-25,9000
T1091,A011,2026-08-25,9000
T1092,A012,2026-08-25,9000
T1093,A013,2026-08-25,9000
T1094,A014,2026-08-25,9000
T1095,A015,2026-08-25,9000
T1096,A016,2026-08-25,9000
T1097,A017,2026-08-25,9000
T1098,A018,2026-08-25,9000
T1099,A019,2026-08-25,9000
T1100,A020,2026-08-25,9000
T1101,A021,2026-08-25,9000
T1102,A022,2026-08-25,9000
T1103,A023,2026-08-25,9000
T1104,A024,2026-08-25,9000
T1105,A025,2026-08-25,9000
T1106,A026,2026-08-25,9000
T1107,A027,2026-08-25,9000
T1108,A028,2026-08-25,9000
T1109,A029,2026-08-25,9000
T1110,A030,2026-08-25,9000
T1111,A001,2026-08-24,9000
T1112,A002,2026-08-24,9000
T1113,A003,2026-08-24,9000
T1114,A004,2026-08-24,9000
T1115,A005,2026-08-24,9000
T1116,A006,2026-08-24,9000
T1117,A007,2026-08-24,9000
T1118,A008,2026-08-24,9000
T1119,A009,2026-08-24,9000
T1120,A010,2026-08-24,9000
T1121,A011,2026-08-24,9000
T1122,A012,2026-08-24,9000
T1123,A013,2026-08-24,9000
T1124,A014,2026-08-24,9000
T1125,A015,2026-08-24,9000
T1126,A016,2026-08-24,9000
T1127,A017,2026-08-24,9000
T1128,A018,2026-08-24,9000
T1129,A019,2026-08-24,9000
T1130,A020,2026-08-24,9000
T1131,A021,2026-08-24,9000
T1132,A022,2026-08-24,9000
T1133,A023,2026-08-24,9000
T1134,A024,2026-08-24,9000
T1135,A025,2026-08-24,9000
T1136,A026,2026-08-24,9000
T1137,A027,2026-08-24,9000
T1138,A028,2026-08-24,9000
T1139,A029,2026-08-24,9000
T1140,A030,2026-08-24,9000
T1141,A001,2026-08-23,9000
T1142,A002,2026-08-23,9000
T1143,A003,2026-08-23,9000
T1144,A004,2026-08-23,9000
T1145,A005,2026-08-23,9000
T1146,A006,2026-08-23,9000
T1147,A007,2026-08-23,9000
T1148,A008,2026-08-23,9000
T1149,A009,2026-08-23,9000
T1150,A010,2026-08-23,9000
T1151,A011,2026-08-23,9000
T1152,A012,2026-08-23,9000
T1153,A013,2026-08-23,9000
T1154,A014,2026-08-23,9000
T1155,A015,2026-08-23,9000
T1156,A016,2026-08-23,9000
T1157,A017,2026-08-23,9000
T1158,A018,2026-08-23,9000
T1159,A019,2026-08-23,9000
T1160,A020,2026-08-23,9000
T1161,A021,2026-08-23,9000
T1162,A022,2026-08-23,9000
T1163,A023,2026-08-23,9000
T1164,A024,2026-08-23,9000
T1165,A025,2026-08-23,9000
T1166,A026,2026-08-23,9000
T1167,A027,2026-08-23,9000
T1168,A028,2026-08-23,9000
T1169,A029,2026-08-23,9000
T1170,A030,2026-08-23,9000
T1171,A001,2026-08-22,9000
T1172,A002,2026-08-22,9000
T1173,A003,2026-08-22,9000
T1174,A004,2026-08-22,9000
T1175,A005,2026-08-22,9000
T1176,A006,2026-08-22,9000
T1177,A007,2026-08-22,9000
T1178,A008,2026-08-22,9000
T1179,A009,2026-08-22,9000
T1180,A010,2026-08-22,9000
T1181,A011,2026-08-22,9000
T1182,A012,2026-08-22,9000
T1183,A013,2026-08-22,9000
T1184,A014,2026-08-22,9000
T1185,A015,2026-08-22,9000
T1186,A016,2026-08-22,9000
T1187,A017,2026-08-22,9000
T1188,A018,2026-08-22,9000
T1189,A019,2026-08-22,9000
T1190,A020,2026-08-22,9000
T1191,A021,2026-08-22,9000
T1192,A022,2026-08-22,9000
T1193,A023,2026-08-22,9000
T1194,A024,2026-08-22,9000
T1195,A025,2026-08-22,9000
T1196,A026,2026-08-22,9000
T1197,A027,2026-08-22,9000
T1198,A028,2026-08-22,9000
T1199,A029,2026-08-22,9000
T1200,A030,2026-08-22,9000
T1201,A001,2026-08-21,9000
T1202,A002,2026-08-21,9000
T1203,A003,2026-08-21,9000
T1204,A004,2026-08-21,9000
T1205,A005,2026-08-21,9000
T1206,A006,2026-08-21,9000
T1207,A007,2026-08-21,9000
T1208,A008,2026-08-21,9000
T1209,A009,2026-08-21,9000
T1210,A010,2026-08-21,9000
T1211,A011,2026-08-21,9000
T1212,A012,2026-08-21,9000
T1213,A013,2026-08-21,9000
T1214,A014,2026-08-21,9000
T1215,A015,2026-08-21,9000
T1216,A016,2026-08-21,9000
T1217,A017,2026-08-21,9000
T1218,A018,2026-08-21,9000
T1219,A019,2026-08-21,9000
T1220,A020,2026-08-21,9000
T1221,A021,2026-08-21,9000
T1222,A022,2026-08-21,9000
T1223,A023,2026-08-21,9000
T1224,A024,2026-08-21,9000
T1225,A025,2026-08-21,9000
T1226,A026,2026-08-21,9000
T1227,A027,2026-08-21,9000
T1228,A028,2026-08-21,9000
T1229,A029,2026-08-21,9000
T1230,A030,2026-08-21,9000
T1231,A001,2026-08-20,9000
T1232,A002,2026-08-20,9000
T1233,A003,2026-08-20,9000
T1234,A004,2026-08-20,9000
T1235,A005,2026-08-20,9000
T1236,A006,2026-08-20,9000
T1237,A007,2026-08-20,9000
T1238,A008,2026-08-20,9000
T1239,A009,2026-08-20,9000
T1240,A010,2026-08-20,9000
T1241,A011,2026-08-20,9000
T1242,A012,2026-08-20,9000
T1243,A013,2026-08-20,9000
T1244,A014,2026-08-20,9000
T1245,A015,2026-08-20,9000
T1246,A016,2026-08-20,9000
T1247,A017,2026-08-20,9000
T1248,A018,2026-08-20,9000
T1249,A019,2026-08-20,9000
T1250,A020,2026-08-20,9000
T1251,A021,2026-08-20,9000
T1252,A022,2026-08-20,9000
T1253,A023,2026-08-20,9000
T1254,A024,2026-08-20,9000
T1255,A025,2026-08-20,9000
T1256,A026,2026-08-20,9000
T1257,A027,2026-08-20,9000
T1258,A028,2026-08-20,9000
T1259,A029,2026-08-20,9000
T1260,A030,2026-08-20,9000
T1261,A001,2026-08-19,9000
T1262,A002,2026-08-19,9000
T1263,A003,2026-08-19,9000
T1264,A004,2026-08-19,9000
T1265,A005,2026-08-19,9000
T1266,A006,2026-08-19,9000
T1267,A007,2026-08-19,9000
T1268,A008,2026-08-19,9000
T1269,A009,2026-08-19,9000
T1270,A010,2026-08-19,9000
T1271,A011,2026-08-19,9000
T1272,A012,2026-08-19,9000
T1273,A013,2026-08-19,9000
T1274,A014,2026-08-19,9000
T1275,A015,2026-08-19,9000
T1276,A016,2026-08-19,9000
T1277,A017,2026-08-19,9000
T1278,A018,2026-08-19,9000
T1279,A019,2026-08-19,9000
T1280,A020,2026-08-19,9000
T1281,A021,2026-08-19,9000
T1282,A022,2026-08-19,9000
T1283,A023,2026-08-19,9000
T1284,A024,2026-08-19,9000
T1285,A025,2026-08-19,9000
T1286,A026,2026-08-19,9000
T1287,A027,2026-08-19,9000
T1288,A028,2026-08-19,9000
T1289,A029,2026-08-19,9000
T1290,A030,2026-08-19,9000
T1291,A001,2026-08-18,9000
T1292,A002,2026-08-18,9000
T1293,A003,2026-08-18,9000
T1294,A004,2026-08-18,9000
T1295,A005,2026-08-18,9000
T1296,A006,2026-08-18,9000
T1297,A007,2026-08-18,9000
T1298,A008,2026-08-18,9000
T1299,A009,2026-08-18,9000
T1300,A010,2026-08-18,9000
T1301,A011,2026-08-18,9000
T1302,A012,2026-08-18,9000
T1303,A013,2026-08-18,9000
T1304,A014,2026-08-18,9000
T1305,A015,2026-08-18,9000
T1306,A016,2026-08-18,9000
T1307,A017,2026-08-18,9000
T1308,A018,2026-08-18,9000
T1309,A019,2026-08-18,9000
T1310,A020,2026-08-18,9000
T1311,A021,2026-08-18,9000
T1312,A022,2026-08-18,9000
T1313,A023,2026-08-18,9000
T1314,A024,2026-08-18,9000
T1315,A025,2026-08-18,9000
T1316,A026,2026-08-18,9000
T1317,A027,2026-08-18,9000
T1318,A028,2026-08-18,9000
T1319,A029,2026-08-18,9000
T1320,A030,2026-08-18,9000
T1321,A001,2026-08-17,9000
T1322,A002,2026-08-17,9000
T1323,A003,2026-08-17,9000
T1324,A004,2026-08-17,9000
T1325,A005,2026-08-17,9000
T1326,A006,2026-08-17,9000
T1327,A007,2026-08-17,9000
T1328,A008,2026-08-17,9000
T1329,A009,2026-08-17,9000
T1330,A010,2026-08-17,9000
T1331,A011,2026-08-17,9000
T1332,A012,2026-08-17,9000
T1333,A013,2026-08-17,9000
T1334,A014,2026-08-17,9000
T1335,A015,2026-08-17,9000
T1336,A016,2026-08-17,9000
T1337,A017,2026-08-17,9000
T1338,A018,2026-08-17,9000
T1339,A019,2026-08-17,9000
T1340,A020,2026-08-17,9000
T1341,A021,2026-08-17,9000
T1342,A022,2026-08-17,9000
T1343,A023,2026-08-17,9000
T1344,A024,2026-08-17,9000
T1345,A025,2026-08-17,9000
T1346,A026,2026-08-17,9000
T1347,A027,2026-08-17,9000
T1348,A028,2026-08-17,9000
T1349,A029,2026-08-17,9000
T1350,A030,2026-08-17,9000
T1351,A001,2026-08-16,9000
T1352,A002,2026-08-16,9000
T1353,A003,2026-08-16,9000
T1354,A004,2026-08-16,9000
T1355,A005,2026-08-16,9000
T1356,A006,2026-08-16,9000
T1357,A007,2026-08-16,9000
T1358,A008,2026-08-16,9000
T1359,A009,2026-08-16,9000
T1360,A010,2026-08-16,9000
T1361,A011,2026-08-16,9000
T1362,A012,2026-08-16,9000
T1363,A013,2026-08-16,9000
T1364,A014,2026-08-16,9000
T1365,A015,2026-08-16,9000
T1366,A016,2026-08-16,9000
T1367,A017,2026-08-16,9000
T1368,A018,2026-08-16,9000
T1369,A019,2026-08-16,9000
T1370,A020,2026-08-16,9000
T1371,A021,2026-08-16,9000
T1372,A022,2026-08-16,9000
T1373,A023,2026-08-16,9000
T1374,A024,2026-08-16,9000
T1375,A025,2026-08-16,9000
T1376,A026,2026-08-16,9000
T1377,A027,2026-08-16,9000
T1378,A028,2026-08-16,9000
T1379,A029,2026-08-16,9000
T1380,A030,2026-08-16,9000
T1381,A001,2026-08-15,9000
T1382,A002,2026-08-15,9000
T1383,A003,2026-08-15,9000
T1384,A004,2026-08-15,9000
T1385,A005,2026-08-15,9000
T1386,A006,2026-08-15,9000
T1387,A007,2026-08-15,9000
T1388,A008,2026-08-15,9000
T1389,A009,2026-08-15,9000
T1390,A010,2026-08-15,9000
T1391,A011,2026-08-15,9000
T1392,A012,2026-08-15,9000
T1393,A013,2026-08-15,9000
T1394,A014,2026-08-15,9000
T1395,A015,2026-08-15,9000
T1396,A016,2026-08-15,9000
T1397,A017,2026-08-15,9000
T1398,A018,2026-08-15,9000
T1399,A019,2026-08-15,9000
T1400,A020,2026-08-15,9000
T1401,A021,2026-08-15,9000
T1402,A022,2026-08-15,9000
T1403,A023,2026-08-15,9000
T1404,A024,2026-08-15,9000
T1405,A025,2026-08-15,9000
T1406,A026,2026-08-15,9000
T1407,A027,2026-08-15,9000
T1408,A028,2026-08-15,9000
T1409,A029,2026-08-15,9000
T1410,A030,2026-08-15,9000
T1411,A001,2026-08-14,9000
T1412,A002,2026-08-14,9000
T1413,A003,2026-08-14,9000
T1414,A004,2026-08-14,9000
T1415,A005,2026-08-14,9000
T1416,A006,2026-08-14,9000
T1417,A007,2026-08-14,9000
T1418,A008,2026-08-14,9000
T1419,A009,2026-08-14,9000
T1420,A010,2026-08-14,9000
T1421,A011,2026-08-14,9000
T1422,A012,2026-08-14,9000
T1423,A013,2026-08-14,9000
T1424,A014,2026-08-14,9000
T1425,A015,2026-08-14,9000
T1426,A016,2026-08-14,9000
T1427,A017,2026-08-14,9000
T1428,A018,2026-08-14,9000
T1429,A019,2026-08-14,9000
T1430,A020,2026-08-14,9000
T1431,A021,2026-08-14,9000
T1432,A022,2026-08-14,9000
T1433,A023,2026-08-14,9000
T1434,A024,2026-08-14,9000
T1435,A025,2026-08-14,9000
T1436,A026,2026-08-14,9000
T1437,A027,2026-08-14,9000
T1438,A028,2026-08-14,9000
T1439,A029,2026-08-14,9000
T1440,A030,2026-08-14,9000
T1441,A001,2026-08-13,9000
T1442,A002,2026-08-13,9000
T1443,A003,2026-08-13,9000
T1444,A004,2026-08-13,9000
T1445,A005,2026-08-13,9000
T1446,A006,2026-08-13,9000
T1447,A007,2026-08-13,9000
T1448,A008,2026-08-13,9000
T1449,A009,2026-08-13,9000
T1450,A010,2026-08-13,9000
T1451,A011,2026-08-13,9000
T1452,A012,2026-08-13,9000
T1453,A013,2026-08-13,9000
T1454,A014,2026-08-13,9000
T1455,A015,2026-08-13,9000
T1456,A016,2026-08-13,9000
T1457,A017,2026-08-13,9000
T1458,A018,2026-08-13,9000
T1459,A019,2026-08-13,9000
T1460,A020,2026-08-13,9000
T1461,A021,2026-08-13,9000
T1462,A022,2026-08-13,9000
T1463,A023,2026-08-13,9000
T1464,A024,2026-08-13,9000
T1465,A025,2026-08-13,9000
T1466,A026,2026-08-13,9000
T1467,A027,2026-08-13,9000
T1468,A028,2026-08-13,9000
T1469,A029,2026-08-13,9000
T1470,A030,2026-08-13,9000
T1471,A001,2026-08-12,9000
T1472,A002,2026-08-12,9000
T1473,A003,2026-08-12,9000
T1474,A004,2026-08-12,9000
T1475,A005,2026-08-12,9000
T1476,A006,2026-08-12,9000
T1477,A007,2026-08-12,9000
T1478,A008,2026-08-12,9000
T1479,A009,2026-08-12,9000
T1480,A010,2026-08-12,9000
T1481,A011,2026-08-12,9000
T1482,A012,2026-08-12,9000
T1483,A013,2026-08-12,9000
T1484,A014,2026-08-12,9000
T1485,A015,2026-08-12,9000
T1486,A016,2026-08-12,9000
T1487,A017,2026-08-12,9000
T1488,A018,2026-08-12,9000
T1489,A019,2026-08-12,9000
T1490,A020,2026-08-12,9000
T1491,A021,2026-08-12,9000
T1492,A022,2026-08-12,9000
T1493,A023,2026-08-12,9000
T1494,A024,2026-08-12,9000
T1495,A025,2026-08-12,9000
T1496,A026,2026-08-12,9000
T1497,A027,2026-08-12,9000
T1498,A028,2026-08-12,9000
T1499,A029,2026-08-12,9000
T1500,A030,2026-08-12,9000
T1501,A001,2026-08-11,9000
T1502,A002,2026-08-11,9000
T1503,A003,2026-08-11,9000
T1504,A004,2026-08-11,9000
T1505,A005,2026-08-11,9000
T1506,A006,2026-08-11,9000
T1507,A007,2026-08-11,9000
T1508,A008,2026-08-11,9000
T1509,A009,2026-08-11,9000
T1510,A010,2026-08-11,9000
T1511,A011,2026-08-11,9000
T1512,A012,2026-08-11,9000
T1513,A013,2026-08-11,9000
T1514,A014,2026-08-11,9000
T1515,A015,2026-08-11,9000
T1516,A016,2026-08-11,9000
T1517,A017,2026-08-11,9000
T1518,A018,2026-08-11,9000
T1519,A019,2026-08-11,9000
T1520,A020,2026-08-11,9000
T1521,A021,2026-08-11,9000
T1522,A022,2026-08-11,9000
T1523,A023,2026-08-11,9000
T1524,A024,2026-08-11,9000
T1525,A025,2026-08-11,9000
T1526,A026,2026-08-11,9000
T1527,A027,2026-08-11,9000
T1528,A028,2026-08-11,9000
T1529,A029,2026-08-11,9000
T1530,A030,2026-08-11,9000
T1531,A001,2026-08-10,9000
T1532,A002,2026-08-10,9000
T1533,A003,2026-08-10,9000
T1534,A004,2026-08-10,9000
T1535,A005,2026-08-10,9000
T1536,A006,2026-08-10,9000
T1537,A007,2026-08-10,9000
T1538,A008,2026-08-10,9000
T1539,A009,2026-08-10,9000
T1540,A010,2026-08-10,9000
T1541,A011,2026-08-10,9000
T1542,A012,2026-08-10,9000
T1543,A013,2026-08-10,9000
T1544,A014,2026-08-10,9000
T1545,A015,2026-08-10,9000
T1546,A016,2026-08-10,9000
T1547,A017,2026-08-10,9000
T1548,A018,2026-08-10,9000
T1549,A019,2026-08-10,9000
T1550,A020,2026-08-10,9000
T1551,A021,2026-08-10,9000
T1552,A022,2026-08-10,9000
T1553,A023,2026-08-10,9000
T1554,A024,2026-08-10,9000
T1555,A025,2026-08-10,9000
T1556,A026,2026-08-10,9000
T1557,A027,2026-08-10,9000
T1558,A028,2026-08-10,9000
T1559,A029,2026-08-10,9000
T1560,A030,2026-08-10,9000
T1561,A001,2026-08-09,9000
T1562,A002,2026-08-09,9000
T1563,A003,2026-08-09,9000
T1564,A004,2026-08-09,9000
T1565,A005,2026-08-09,9000
T1566,A006,2026-08-09,9000
T1567,A007,2026-08-09,9000
T1568,A008,2026-08-09,9000
T1569,A009,2026-08-09,9000
T1570,A010,2026-08-09,9000
T1571,A011,2026-08-09,9000
T1572,A012,2026-08-09,9000
T1573,A013,2026-08-09,9000
T1574,A014,2026-08-09,9000
T1575,A015,2026-08-09,9000
T1576,A016,2026-08-09,9000
T1577,A017,2026-08-09,9000
T1578,A018,2026-08-09,9000
T1579,A019,2026-08-09,9000
T1580,A020,2026-08-09,9000
T1581,A021,2026-08-09,9000
T1582,A022,2026-08-09,9000
T1583,A023,2026-08-09,9000
T1584,A024,2026-08-09,9000
T1585,A025,2026-08-09,9000
T1586,A026,2026-08-09,9000
T1587,A027,2026-08-09,9000
T1588,A028,2026-08-09,9000
T1589,A029,2026-08-09,9000
T1590,A030,2026-08-09,9000
T1591,A001,2026-08-08,9000
T1592,A002,2026-08-08,9000
T1593,A003,2026-08-08,9000
T1594,A004,2026-08-08,9000
T1595,A005,2026-08-08,9000
T1596,A006,2026-08-08,9000
T1597,A007,2026-08-08,9000
T1598,A008,2026-08-08,9000
T1599,A009,2026-08-08,9000
T1600,A010,2026-08-08,9000
T1601,A011,2026-08-08,9000
T1602,A012,2026-08-08,9000
T1603,A013,2026-08-08,9000
T1604,A014,2026-08-08,9000
T1605,A015,2026-08-08,9000
T1606,A016,2026-08-08,9000
T1607,A017,2026-08-08,9000
T1608,A018,2026-08-08,9000
T1609,A019,2026-08-08,9000
T1610,A020,2026-08-08,9000
T1611,A021,2026-08-08,9000
T1612,A022,2026-08-08,9000
T1613,A023,2026-08-08,9000
T1614,A024,2026-08-08,9000
T1615,A025,2026-08-08,9000
T1616,A026,2026-08-08,9000
T1617,A027,2026-08-08,9000
T1618,A028,2026-08-08,9000
T1619,A029,2026-08-08,9000
T1620,A030,2026-08-08,9000
T1621,A001,2026-08-07,9000
T1622,A002,2026-08-07,9000
T1623,A003,2026-08-07,9000
T1624,A004,2026-08-07,9000
T1625,A005,2026-08-07,9000
T1626,A006,2026-08-07,9000
T1627,A007,2026-08-07,9000
T1628,A008,2026-08-07,9000
T1629,A009,2026-08-07,9000
T1630,A010,2026-08-07,9000
T1631,A011,2026-08-07,9000
T1632,A012,2026-08-07,9000
T1633,A013,2026-08-07,9000
T1634,A014,2026-08-07,9000
T1635,A015,2026-08-07,9000
T1636,A016,2026-08-07,9000
T1637,A017,2026-08-07,9000
T1638,A018,2026-08-07,9000
T1639,A019,2026-08-07,9000
T1640,A020,2026-08-07,9000
T1641,A021,2026-08-07,9000
T1642,A022,2026-08-07,9000
T1643,A023,2026-08-07,9000
T1644,A024,2026-08-07,9000
T1645,A025,2026-08-07,9000
T1646,A026,2026-08-07,9000
T1647,A027,2026-08-07,9000
T1648,A028,2026-08-07,9000
T1649,A029,2026-08-07,9000
T1650,A030,2026-08-07,9000
T1651,A001,2026-08-06,9000
T1652,A002,2026-08-06,9000
T1653,A003,2026-08-06,9000
T1654,A004,2026-08-06,9000
T1655,A005,2026-08-06,9000
T1656,A006,2026-08-06,9000
T1657,A007,2026-08-06,9000
T1658,A008,2026-08-06,9000
T1659,A009,2026-08-06,9000
T1660,A010,2026-08-06,9000
T1661,A011,2026-08-06,9000
T1662,A012,2026-08-06,9000
T1663,A013,2026-08-06,9000
T1664,A014,2026-08-06,9000
T1665,A015,2026-08-06,9000
T1666,A016,2026-08-06,9000
T1667,A017,2026-08-06,9000
T1668,A018,2026-08-06,9000
T1669,A019,2026-08-06,9000
T1670,A020,2026-08-06,9000
T1671,A021,2026-08-06,9000
T1672,A022,2026-08-06,9000
T1673,A023,2026-08-06,9000
T1674,A024,2026-08-06,9000
T1675,A025,2026-08-06,9000
T1676,A026,2026-08-06,9000
T1677,A027,2026-08-06,9000
T1678,A028,2026-08-06,9000
T1679,A029,2026-08-06,9000
T1680,A030,2026-08-06,9000
T1681,A001,2026-08-05,9000
T1682,A002,2026-08-05,9000
T1683,A003,2026-08-05,9000
T1684,A004,2026-08-05,9000
T1685,A005,2026-08-05,9000
T1686,A006,2026-08-05,9000
T1687,A007,2026-08-05,9000
T1688,A008,2026-08-05,9000
T1689,A009,2026-08-05,9000
T1690,A010,2026-08-05,9000
T1691,A011,2026-08-05,9000
T1692,A012,2026-08-05,9000
T1693,A013,2026-08-05,9000
T1694,A014,2026-08-05,9000
T1695,A015,2026-08-05,9000
T1696,A016,2026-08-05,9000
T1697,A017,2026-08-05,9000
T1698,A018,2026-08-05,9000
T1699,A019,2026-08-05,9000
T1700,A020,2026-08-05,9000
T1701,A021,2026-08-05,9000
T1702,A022,2026-08-05,9000
T1703,A023,2026-08-05,9000
T1704,A024,2026-08-05,9000
T1705,A025,2026-08-05,9000
T1706,A026,2026-08-05,9000
T1707,A027,2026-08-05,9000
T1708,A028,2026-08-05,9000
T1709,A029,2026-08-05,9000
T1710,A030,2026-08-05,9000
T1711,A001,2026-08-04,9000
T1712,A002,2026-08-04,9000
T1713,A003,2026-08-04,9000
T1714,A004,2026-08-04,9000
T1715,A005,2026-08-04,9000
T1716,A006,2026-08-04,9000
T1717,A007,2026-08-04,9000
T1718,A008,2026-08-04,9000
T1719,A009,2026-08-04,9000
T1720,A010,2026-08-04,9000
T1721,A011,2026-08-04,9000
T1722,A012,2026-08-04,9000
T1723,A013,2026-08-04,9000
T1724,A014,2026-08-04,9000
T1725,A015,2026-08-04,9000
T1726,A016,2026-08-04,9000
T1727,A017,2026-08-04,9000
T1728,A018,2026-08-04,9000
T1729,A019,2026-08-04,9000
T1730,A020,2026-08-04,9000
T1731,A021,2026-08-04,9000
T1732,A022,2026-08-04,9000
T1733,A023,2026-08-04,9000
T1734,A024,2026-08-04,9000
T1735,A025,2026-08-04,9000
T1736,A026,2026-08-04,9000
T1737,A027,2026-08-04,9000
T1738,A028,2026-08-04,9000
T1739,A029,2026-08-04,9000
T1740,A030,2026-08-04,9000
T1741,A001,2026-08-03,9000
T1742,A002,2026-08-03,9000
T1743,A003,2026-08-03,9000
T1744,A004,2026-08-03,9000
T1745,A005,2026-08-03,9000
T1746,A006,2026-08-03,9000
T1747,A007,2026-08-03,9000
T1748,A008,2026-08-03,9000
T1749,A009,2026-08-03,9000
T1750,A010,2026-08-03,9000
T1751,A011,2026-08-03,9000
T1752,A012,2026-08-03,9000
T1753,A013,2026-08-03,9000
T1754,A014,2026-08-03,9000
T1755,A015,2026-08-03,9000
T1756,A016,2026-08-03,9000
T1757,A017,2026-08-03,9000
T1758,A018,2026-08-03,9000
T1759,A019,2026-08-03,9000
T1760,A020,2026-08-03,9000
T1761,A021,2026-08-03,9000
T1762,A022,2026-08-03,9000
T1763,A023,2026-08-03,9000
T1764,A024,2026-08-03,9000
T1765,A025,2026-08-03,9000
T1766,A026,2026-08-03,9000
T1767,A027,2026-08-03,9000
T1768,A028,2026-08-03,9000
T1769,A029,2026-08-03,9000
T1770,A030,2026-08-03,9000
T1771,A001,2026-08-02,9000
T1772,A002,2026-08-02,9000
T1773,A003,2026-08-02,9000
T1774,A004,2026-08-02,9000
T1775,A005,2026-08-02,9000
T1776,A006,2026-08-02,9000
T1777,A007,2026-08-02,9000
T1778,A008,2026-08-02,9000
T1779,A009,2026-08-02,9000
T1780,A010,2026-08-02,9000
T1781,A011,2026-08-02,9000
T1782,A012,2026-08-02,9000
T1783,A013,2026-08-02,9000
T1784,A014,2026-08-02,9000
T1785,A015,2026-08-02,9000
T1786,A016,2026-08-02,9000
T1787,A017,2026-08-02,9000
T1788,A018,2026-08-02,9000
T1789,A019,2026-08-02,9000
T1790,A020,2026-08-02,9000
T1791,A021,2026-08-02,9000
T1792,A022,2026-08-02,9000
T1793,A023,2026-08-02,9000
T1794,A024,2026-08-02,9000
T1795,A025,2026-08-02,9000
T1796,A026,2026-08-02,9000
T1797,A027,2026-08-02,9000
T1798,A028,2026-08-02,9000
T1799,A029,2026-08-02,9000
T1800,A030,2026-08-02,9000
T1801,A001,2026-08-01,9000
T1802,A002,2026-08-01,9000
T1803,A003,2026-08-01,9000
T1804,A004,2026-08-01,9000
T1805,A005,2026-08-01,9000
T1806,A006,2026-08-01,9000
T1807,A007,2026-08-01,9000
T1808,A008,2026-08-01,9000
T1809,A009,2026-08-01,9000
T1810,A010,2026-08-01,9000
T1811,A011,2026-08-01,9000
T1812,A012,2026-08-01,9000
T1813,A013,2026-08-01,9000
T1814,A014,2026-08-01,9000
T1815,A015,2026-08-01,9000
T1816,A016,2026-08-01,9000
T1817,A017,2026-08-01,9000
T1818,A018,2026-08-01,9000
T1819,A019,2026-08-01,9000
T1820,A020,2026-08-01,9000
T1821,A021,2026-08-01,9000
T1822,A022,2026-08-01,9000
T1823,A023,2026-08-01,9000
T1824,A024,2026-08-01,9000
T1825,A025,2026-08-01,9000
T1826,A026,2026-08-01,9000
T1827,A027,2026-08-01,9000
T1828,A028,2026-08-01,9000
T1829,A029,2026-08-01,9000
T1830,A030,2026-08-01,9000
T1831,A001,2026-07-31,9000
T1832,A002,2026-07-31,9000
T1833,A003,2026-07-31,9000
T1834,A004,2026-07-31,9000
T1835,A005,2026-07-31,9000
T1836,A006,2026-07-31,9000
T1837,A007,2026-07-31,9000
T1838,A008,2026-07-31,9000
T1839,A009,2026-07-31,9000
T1840,A010,2026-07-31,9000
T1841,A011,2026-07-31,9000
T1842,A012,2026-07-31,9000
T1843,A013,2026-07-31,9000
T1844,A014,2026-07-31,9000
T1845,A015,2026-07-31,9000
T1846,A016,2026-07-31,9000
T1847,A017,2026-07-31,9000
T1848,A018,2026-07-31,9000
T1849,A019,2026-07-31,9000
T1850,A020,2026-07-31,9000
T1851,A021,2026-07-31,9000
T1852,A022,2026-07-31,9000
T1853,A023,2026-07-31,9000
T1854,A024,2026-07-31,9000
T1855,A025,2026-07-31,9000
T1856,A026,2026-07-31,9000
T1857,A027,2026-07-31,9000
T1858,A028,2026-07-31,9000
T1859,A029,2026-07-31,9000
T1860,A030,2026-07-31,9000
T1861,A001,2026-07-30,9000
T1862,A002,2026-07-30,9000
T1863,A003,2026-07-30,9000
T1864,A004,2026-07-30,9000
T1865,A005,2026-07-30,9000
T1866,A006,2026-07-30,9000
T1867,A007,2026-07-30,9000
T1868,A008,2026-07-30,9000
T1869,A009,2026-07-30,9000
T1870,A010,2026-07-30,9000
T1871,A011,2026-07-30,9000
T1872,A012,2026-07-30,9000
T1873,A013,2026-07-30,9000
T1874,A014,2026-07-30,9000
T1875,A015,2026-07-30,9000
T1876,A016,2026-07-30,9000
T1877,A017,2026-07-30,9000
T1878,A018,2026-07-30,9000
T1879,A019,2026-07-30,9000
T1880,A020,2026-07-30,9000
T1881,A021,2026-07-30,9000
T1882,A022,2026-07-30,9000
T1883,A023,2026-07-30,9000
T1884,A024,2026-07-30,9000
T1885,A025,2026-07-30,9000
T1886,A026,2026-07-30,9000
T1887,A027,2026-07-30,9000
T1888,A028,2026-07-30,9000
T1889,A029,2026-07-30,9000
T1890,A030,2026-07-30,9000
T1891,A001,2026-07-29,9000
T1892,A002,2026-07-29,9000
T1893,A003,2026-07-29,9000
T1894,A004,2026-07-29,9000
T1895,A005,2026-07-29,9000
T1896,A006,2026-07-29,9000
T1897,A007,2026-07-29,9000
T1898,A008,2026-07-29,9000
T1899,A009,2026-07-29,9000
T1900,A010,2026-07-29,9000
T1901,A011,2026-07-29,9000
T1902,A012,2026-07-29,9000
T1903,A013,2026-07-29,9000
T1904,A014,2026-07-29,9000
T1905,A015,2026-07-29,9000
T1906,A016,2026-07-29,9000
T1907,A017,2026-07-29,9000
T1908,A018,2026-07-29,9000
T1909,A019,2026-07-29,9000
T1910,A020,2026-07-29,9000
T1911,A021,2026-07-29,9000
T1912,A022,2026-07-29,9000
T1913,A023,2026-07-29,9000
T1914,A024,2026-07-29,9000
T1915,A025,2026-07-29,9000
T1916,A026,2026-07-29,9000
T1917,A027,2026-07-29,9000
T1918,A028,2026-07-29,9000
T1919,A029,2026-07-29,9000
T1920,A030,2026-07-29,9000
T1921,A001,2026-07-28,9000
T1922,A002,2026-07-28,9000
T1923,A003,2026-07-28,9000
T1924,A004,2026-07-28,9000
T1925,A005,2026-07-28,9000
T1926,A006,2026-07-28,9000
T1927,A007,2026-07-28,9000
T1928,A008,2026-07-28,9000
T1929,A009,2026-07-28,9000
T1930,A010,2026-07-28,9000
T1931,A011,2026-07-28,9000
T1932,A012,2026-07-28,9000
T1933,A013,2026-07-28,9000
T1934,A014,2026-07-28,9000
T1935,A015,2026-07-28,9000
T1936,A016,2026-07-28,9000
T1937,A017,2026-07-28,9000
T1938,A018,2026-07-28,9000
T1939,A019,2026-07-28,9000
T1940,A020,2026-07-28,9000
T1941,A021,2026-07-28,9000
T1942,A022,2026-07-28,9000
T1943,A023,2026-07-28,9000
T1944,A024,2026-07-28,9000
T1945,A025,2026-07-28,9000
T1946,A026,2026-07-28,9000
T1947,A027,2026-07-28,9000
T1948,A028,2026-07-28,9000
T1949,A029,2026-07-28,9000
T1950,A030,2026-07-28,9000
T1951,A001,2026-07-27,9000
T1952,A002,2026-07-27,9000
T1953,A003,2026-07-27,9000
T1954,A004,2026-07-27,9000
T1955,A005,2026-07-27,9000
T1956,A006,2026-07-27,9000
T1957,A007,2026-07-27,9000
T1958,A008,2026-07-27,9000
T1959,A009,2026-07-27,9000
T1960,A010,2026-07-27,9000
T1961,A011,2026-07-27,9000
T1962,A012,2026-07-27,9000
T1963,A013,2026-07-27,9000
T1964,A014,2026-07-27,9000
T1965,A015,2026-07-27,9000
T1966,A016,2026-07-27,9000
T1967,A017,2026-07-27,9000
T1968,A018,2026-07-27,9000
T1969,A019,2026-07-27,9000
T1970,A020,2026-07-27,9000
T1971,A021,2026-07-27,9000
T1972,A022,2026-07-27,9000
T1973,A023,2026-07-27,9000
T1974,A024,2026-07-27,9000
T1975,A025,2026-07-27,9000
T1976,A026,2026-07-27,9000
T1977,A027,2026-07-27,9000
T1978,A028,2026-07-27,9000
T1979,A029,2026-07-27,9000
T1980,A030,2026-07-27,9000
T1981,A001,2026-07-26,9000
T1982,A002,2026-07-26,9000
T1983,A003,2026-07-26,9000
T1984,A004,2026-07-26,9000
T1985,A005,2026-07-26,9000
T1986,A006,2026-07-26,9000
T1987,A007,2026-07-26,9000
T1988,A008,2026-07-26,9000
T1989,A009,2026-07-26,9000
T1990,A010,2026-07-26,9000
T1991,A011,2026-07-26,9000
T1992,A012,2026-07-26,9000
T1993,A013,2026-07-26,9000
T1994,A014,2026-07-26,9000
T1995,A015,2026-07-26,9000
T1996,A016,2026-07-26,9000
T1997,A017,2026-07-26,9000
T1998,A018,2026-07-26,9000
T1999,A019,2026-07-26,9000
T2000,A020,2026-07-26,9000
T2001,A021,2026-07-26,9000
T2002,A022,2026-07-26,9000
T2003,A023,2026-07-26,9000
T2004,A024,2026-07-26,9000
T2005,A025,2026-07-26,9000
T2006,A026,2026-07-26,9000
T2007,A027,2026-07-26,9000
T2008,A028,2026-07-26,9000
T2009,A029,2026-07-26,9000
T2010,A030,2026-07-26,9000
T2011,A001,2026-07-25,9000
T2012,A002,2026-07-25,9000
T2013,A003,2026-07-25,9000
T2014,A004,2026-07-25,9000
T2015,A005,2026-07-25,9000
T2016,A006,2026-07-25,9000
T2017,A007,2026-07-25,9000
T2018,A008,2026-07-25,9000
T2019,A009,2026-07-25,9000
T2020,A010,2026-07-25,9000
T2021,A011,2026-07-25,9000
T2022,A012,2026-07-25,9000
T2023,A013,2026-07-25,9000
T2024,A014,2026-07-25,9000
T2025,A015,2026-07-25,9000
T2026,A016,2026-07-25,9000
T2027,A017,2026-07-25,9000
T2028,A018,2026-07-25,9000
T2029,A019,2026-07-25,9000
T2030,A020,2026-07-25,9000
T2031,A021,2026-07-25,9000
T2032,A022,2026-07-25,9000
T2033,A023,2026-07-25,9000
T2034,A024,2026-07-25,9000
T2035,A025,2026-07-25,9000
T2036,A026,2026-07-25,9000
T2037,A027,2026-07-25,9000
T2038,A028,2026-07-25,9000
T2039,A029,2026-07-25,9000
T2040,A030,2026-07-25,9000
T2041,A001,2026-07-24,9000
T2042,A002,2026-07-24,9000
T2043,A003,2026-07-24,9000
T2044,A004,2026-07-24,9000
T2045,A005,2026-07-24,9000
T2046,A006,2026-07-24,9000
T2047,A007,2026-07-24,9000
T2048,A008,2026-07-24,9000
T2049,A009,2026-07-24,9000
T2050,A010,2026-07-24,9000
T2051,A011,2026-07-24,9000
T2052,A012,2026-07-24,9000
T2053,A013,2026-07-24,9000
T2054,A014,2026-07-24,9000
T2055,A015,2026-07-24,9000
T2056,A016,2026-07-24,9000
T2057,A017,2026-07-24,9000
T2058,A018,2026-07-24,9000
T2059,A019,2026-07-24,9000
T2060,A020,2026-07-24,9000
T2061,A021,2026-07-24,9000
T2062,A022,2026-07-24,9000
T2063,A023,2026-07-24,9000
T2064,A024,2026-07-24,9000
T2065,A025,2026-07-24,9000
T2066,A026,2026-07-24,9000
T2067,A027,2026-07-24,9000
T2068,A028,2026-07-24,9000
T2069,A029,2026-07-24,9000
T2070,A030,2026-07-24,9000
T2071,A001,2026-07-23,9000
T2072,A002,2026-07-23,9000
T2073,A003,2026-07-23,9000
T2074,A004,2026-07-23,9000
T2075,A005,2026-07-23,9000
T2076,A006,2026-07-23,9000
T2077,A007,2026-07-23,9000
T2078,A008,2026-07-23,9000
T2079,A009,2026-07-23,9000
T2080,A010,2026-07-23,9000
T2081,A011,2026-07-23,9000
T2082,A012,2026-07-23,9000
T2083,A013,2026-07-23,9000
T2084,A014,2026-07-23,9000
T2085,A015,2026-07-23,9000
T2086,A016,2026-07-23,9000
T2087,A017,2026-07-23,9000
T2088,A018,2026-07-23,9000
T2089,A019,2026-07-23,9000
T2090,A020,2026-07-23,9000
T2091,A021,2026-07-23,9000
T2092,A022,2026-07-23,9000
T2093,A023,2026-07-23,9000
T2094,A024,2026-07-23,9000
T2095,A025,2026-07-23,9000
T2096,A026,2026-07-23,9000
T2097,A027,2026-07-23,9000
T2098,A028,2026-07-23,9000
T2099,A029,2026-07-23,9000
T2100,A030,2026-07-23,9000
T2101,A001,2026-07-22,9000
T2102,A002,2026-07-22,9000
T2103,A003,2026-07-22,9000
T2104,A004,2026-07-22,9000
T2105,A005,2026-07-22,9000
T2106,A006,2026-07-22,9000
T2107,A007,2026-07-22,9000
T2108,A008,2026-07-22,9000
T2109,A009,2026-07-22,9000
T2110,A010,2026-07-22,9000
T2111,A011,2026-07-22,9000
T2112,A012,2026-07-22,9000
T2113,A013,2026-07-22,9000
T2114,A014,2026-07-22,9000
T2115,A015,2026-07-22,9000
T2116,A016,2026-07-22,9000
T2117,A017,2026-07-22,9000
T2118,A018,2026-07-22,9000
T2119,A019,2026-07-22,9000
T2120,A020,2026-07-22,9000
T2121,A021,2026-07-22,9000
T2122,A022,2026-07-22,9000
T2123,A023,2026-07-22,9000
T2124,A024,2026-07-22,9000
T2125,A025,2026-07-22,9000
T2126,A026,2026-07-22,9000
T2127,A027,2026-07-22,9000
T2128,A028,2026-07-22,9000
T2129,A029,2026-07-22,9000
T2130,A030,2026-07-22,9000
T2131,A001,2026-07-21,9000
T2132,A002,2026-07-21,9000
T2133,A003,2026-07-21,9000
T2134,A004,2026-07-21,9000
T2135,A005,2026-07-21,9000
T2136,A006,2026-07-21,9000
T2137,A007,2026-07-21,9000
T2138,A008,2026-07-21,9000
T2139,A009,2026-07-21,9000
T2140,A010,2026-07-21,9000
T2141,A011,2026-07-21,9000
T2142,A012,2026-07-21,9000
T2143,A013,2026-07-21,9000
T2144,A014,2026-07-21,9000
T2145,A015,2026-07-21,9000
T2146,A016,2026-07-21,9000
T2147,A017,2026-07-21,9000
T2148,A018,2026-07-21,9000
T2149,A019,2026-07-21,9000
T2150,A020,2026-07-21,9000
T2151,A021,2026-07-21,9000
T2152,A022,2026-07-21,9000
T2153,A023,2026-07-21,9000
T2154,A024,2026-07-21,9000
T2155,A025,2026-07-21,9000
T2156,A026,2026-07-21,9000
T2157,A027,2026-07-21,9000
T2158,A028,2026-07-21,9000
T2159,A029,2026-07-21,9000
T2160,A030,2026-07-21,9000
T2161,A001,2026-07-20,9000
T2162,A002,2026-07-20,9000
T2163,A003,2026-07-20,9000
T2164,A004,2026-07-20,9000
T2165,A005,2026-07-20,9000
T2166,A006,2026-07-20,9000
T2167,A007,2026-07-20,9000
T2168,A008,2026-07-20,9000
T2169,A009,2026-07-20,9000
T2170,A010,2026-07-20,9000
T2171,A011,2026-07-20,9000
T2172,A012,2026-07-20,9000
T2173,A013,2026-07-20,9000
T2174,A014,2026-07-20,9000
T2175,A015,2026-07-20,9000
T2176,A016,2026-07-20,9000
T2177,A017,2026-07-20,9000
T2178,A018,2026-07-20,9000
T2179,A019,2026-07-20,9000
T2180,A020,2026-07-20,9000
T2181,A021,2026-07-20,9000
T2182,A022,2026-07-20,9000
T2183,A023,2026-07-20,9000
T2184,A024,2026-07-20,9000
T2185,A025,2026-07-20,9000
T2186,A026,2026-07-20,9000
T2187,A027,2026-07-20,9000
T2188,A028,2026-07-20,9000
T2189,A029,2026-07-20,9000
T2190,A030,2026-07-20,9000
T2191,A001,2026-07-19,9000
T2192,A002,2026-07-19,9000
T2193,A003,2026-07-19,9000
T2194,A004,2026-07-19,9000
T2195,A005,2026-07-19,9000
T2196,A006,2026-07-19,9000
T2197,A007,2026-07-19,9000
T2198,A008,2026-07-19,9000
T2199,A009,2026-07-19,9000
T2200,A010,2026-07-19,9000
T2201,A011,2026-07-19,9000
T2202,A012,2026-07-19,9000
T2203,A013,2026-07-19,9000
T2204,A014,2026-07-19,9000
T2205,A015,2026-07-19,9000
T2206,A016,2026-07-19,9000
T2207,A017,2026-07-19,9000
T2208,A018,2026-07-19,9000
T2209,A019,2026-07-19,9000
T2210,A020,2026-07-19,9000
T2211,A021,2026-07-19,9000
T2212,A022,2026-07-19,9000
T2213,A023,2026-07-19,9000
T2214,A024,2026-07-19,9000
T2215,A025,2026-07-19,9000
T2216,A026,2026-07-19,9000
T2217,A027,2026-07-19,9000
T2218,A028,2026-07-19,9000
T2219,A029,2026-07-19,9000
T2220,A030,2026-07-19,9000
T2221,A001,2026-07-18,9000
T2222,A002,2026-07-18,9000
T2223,A003,2026-07-18,9000
T2224,A004,2026-07-18,9000
T2225,A005,2026-07-18,9000
T2226,A006,2026-07-18,9000
T2227,A007,2026-07-18,9000
T2228,A008,2026-07-18,9000
T2229,A009,2026-07-18,9000
T2230,A010,2026-07-18,9000
T2231,A011,2026-07-18,9000
T2232,A012,2026-07-18,9000
T2233,A013,2026-07-18,9000
T2234,A014,2026-07-18,9000
T2235,A015,2026-07-18,9000
T2236,A016,2026-07-18,9000
T2237,A017,2026-07-18,9000
T2238,A018,2026-07-18,9000
T2239,A019,2026-07-18,9000
T2240,A020,2026-07-18,9000
T2241,A021,2026-07-18,9000
T2242,A022,2026-07-18,9000
T2243,A023,2026-07-18,9000
T2244,A024,2026-07-18,9000
T2245,A025,2026-07-18,9000
T2246,A026,2026-07-18,9000
T2247,A027,2026-07-18,9000
T2248,A028,2026-07-18,9000
T2249,A029,2026-07-18,9000
T2250,A030,2026-07-18,9000
T2251,A001,2026-07-17,9000
T2252,A002,2026-07-17,9000
T2253,A003,2026-07-17,9000
T2254,A004,2026-07-17,9000
T2255,A005,2026-07-17,9000
T2256,A006,2026-07-17,9000
T2257,A007,2026-07-17,9000
T2258,A008,2026-07-17,9000
T2259,A009,2026-07-17,9000
T2260,A010,2026-07-17,9000
T2261,A011,2026-07-17,9000
T2262,A012,2026-07-17,9000
T2263,A013,2026-07-17,9000
T2264,A014,2026-07-17,9000
T2265,A015,2026-07-17,9000
T2266,A016,2026-07-17,9000
T2267,A017,2026-07-17,9000
T2268,A018,2026-07-17,9000
T2269,A019,2026-07-17,9000
T2270,A020,2026-07-17,9000
T2271,A021,2026-07-17,9000
T2272,A022,2026-07-17,9000
T2273,A023,2026-07-17,9000
T2274,A024,2026-07-17,9000
T2275,A025,2026-07-17,9000
T2276,A026,2026-07-17,9000
T2277,A027,2026-07-17,9000
T2278,A028,2026-07-17,9000
T2279,A029,2026-07-17,9000
T2280,A030,2026-07-17,9000
T2281,A001,2026-07-16,9000
T2282,A002,2026-07-16,9000
T2283,A003,2026-07-16,9000
T2284,A004,2026-07-16,9000
T2285,A005,2026-07-16,9000
T2286,A006,2026-07-16,9000
T2287,A007,2026-07-16,9000
T2288,A008,2026-07-16,9000
T2289,A009,2026-07-16,9000
T2290,A010,2026-07-16,9000
T2291,A011,2026-07-16,9000
T2292,A012,2026-07-16,9000
T2293,A013,2026-07-16,9000
T2294,A014,2026-07-16,9000
T2295,A015,2026-07-16,9000
T2296,A016,2026-07-16,9000
T2297,A017,2026-07-16,9000
T2298,A018,2026-07-16,9000
T2299,A019,2026-07-16,9000
T2300,A020,2026-07-16,9000
T2301,A021,2026-07-16,9000
T2302,A022,2026-07-16,9000
T2303,A023,2026-07-16,9000
T2304,A024,2026-07-16,9000
T2305,A025,2026-07-16,9000
T2306,A026,2026-07-16,9000
T2307,A027,2026-07-16,9000
T2308,A028,2026-07-16,9000
T2309,A029,2026-07-16,9000
T2310,A030,2026-07-16,9000
T2311,A001,2026-07-15,9000
T2312,A002,2026-07-15,9000
T2313,A003,2026-07-15,9000
T2314,A004,2026-07-15,9000
T2315,A005,2026-07-15,9000
T2316,A006,2026-07-15,9000
T2317,A007,2026-07-15,9000
T2318,A008,2026-07-15,9000
T2319,A009,2026-07-15,9000
T2320,A010,2026-07-15,9000
T2321,A011,2026-07-15,9000
T2322,A012,2026-07-15,9000
T2323,A013,2026-07-15,9000
T2324,A014,2026-07-15,9000
T2325,A015,2026-07-15,9000
T2326,A016,2026-07-15,9000
T2327,A017,2026-07-15,9000
T2328,A018,2026-07-15,9000
T2329,A019,2026-07-15,9000
T2330,A020,2026-07-15,9000
T2331,A021,2026-07-15,9000
T2332,A022,2026-07-15,9000
T2333,A023,2026-07-15,9000
T2334,A024,2026-07-15,9000
T2335,A025,2026-07-15,9000
T2336,A026,2026-07-15,9000
T2337,A027,2026-07-15,9000
T2338,A028,2026-07-15,9000
T2339,A029,2026-07-15,9000
T2340,A030,2026-07-15,9000
T2341,A001,2026-07-14,9000
T2342,A002,2026-07-14,9000
T2343,A003,2026-07-14,9000
T2344,A004,2026-07-14,9000
T2345,A005,2026-07-14,9000
T2346,A006,2026-07-14,9000
T2347,A007,2026-07-14,9000
T2348,A008,2026-07-14,9000
T2349,A009,2026-07-14,9000
T2350,A010,2026-07-14,9000
T2351,A011,2026-07-14,9000
T2352,A012,2026-07-14,9000
T2353,A013,2026-07-14,9000
T2354,A014,2026-07-14,9000
T2355,A015,2026-07-14,9000
T2356,A016,2026-07-14,9000
T2357,A017,2026-07-14,9000
T2358,A018,2026-07-14,9000
T2359,A019,2026-07-14,9000
T2360,A020,2026-07-14,9000
T2361,A021,2026-07-14,9000
T2362,A022,2026-07-14,9000
T2363,A023,2026-07-14,9000
T2364,A024,2026-07-14,9000
T2365,A025,2026-07-14,9000
T2366,A026,2026-07-14,9000
T2367,A027,2026-07-14,9000
T2368,A028,2026-07-14,9000
T2369,A029,2026-07-14,9000
T2370,A030,2026-07-14,9000
T2371,A001,2026-07-13,9000
T2372,A002,2026-07-13,9000
T2373,A003,2026-07-13,9000
T2374,A004,2026-07-13,9000
T2375,A005,2026-07-13,9000
T2376,A006,2026-07-13,9000
T2377,A007,2026-07-13,9000
T2378,A008,2026-07-13,9000
T2379,A009,2026-07-13,9000
T2380,A010,2026-07-13,9000
T2381,A011,2026-07-13,9000
T2382,A012,2026-07-13,9000
T2383,A013,2026-07-13,9000
T2384,A014,2026-07-13,9000
T2385,A015,2026-07-13,9000
T2386,A016,2026-07-13,9000
T2387,A017,2026-07-13,9000
T2388,A018,2026-07-13,9000
T2389,A019,2026-07-13,9000
T2390,A020,2026-07-13,9000
T2391,A021,2026-07-13,9000
T2392,A022,2026-07-13,9000
T2393,A023,2026-07-13,9000
T2394,A024,2026-07-13,9000
T2395,A025,2026-07-13,9000
T2396,A026,2026-07-13,9000
T2397,A027,2026-07-13,9000
T2398,A028,2026-07-13,9000
T2399,A029,2026-07-13,9000
T2400,A030,2026-07-13,9000
T2401,A001,2026-07-12,9000
T2402,A002,2026-07-12,9000
T2403,A003,2026-07-12,9000
T2404,A004,2026-07-12,9000
T2405,A005,2026-07-12,9000
T2406,A006,2026-07-12,9000
T2407,A007,2026-07-12,9000
T2408,A008,2026-07-12,9000
T2409,A009,2026-07-12,9000
T2410,A010,2026-07-12,9000
T2411,A011,2026-07-12,9000
T2412,A012,2026-07-12,9000
T2413,A013,2026-07-12,9000
T2414,A014,2026-07-12,9000
T2415,A015,2026-07-12,9000
T2416,A016,2026-07-12,9000
T2417,A017,2026-07-12,9000
T2418,A018,2026-07-12,9000
T2419,A019,2026-07-12,9000
T2420,A020,2026-07-12,9000
T2421,A021,2026-07-12,9000
T2422,A022,2026-07-12,9000
T2423,A023,2026-07-12,9000
T2424,A024,2026-07-12,9000
T2425,A025,2026-07-12,9000
T2426,A026,2026-07-12,9000
T2427,A027,2026-07-12,9000
T2428,A028,2026-07-12,9000
T2429,A029,2026-07-12,9000
T2430,A030,2026-07-12,9000
T2431,A001,2026-07-11,9000
T2432,A002,2026-07-11,9000
T2433,A003,2026-07-11,9000
T2434,A004,2026-07-11,9000
T2435,A005,2026-07-11,9000
T2436,A006,2026-07-11,9000
T2437,A007,2026-07-11,9000
T2438,A008,2026-07-11,9000
T2439,A009,2026-07-11,9000
T2440,A010,2026-07-11,9000
T2441,A011,2026-07-11,9000
T2442,A012,2026-07-11,9000
T2443,A013,2026-07-11,9000
T2444,A014,2026-07-11,9000
T2445,A015,2026-07-11,9000
T2446,A016,2026-07-11,9000
T2447,A017,2026-07-11,9000
T2448,A018,2026-07-11,9000
T2449,A019,2026-07-11,9000
T2450,A020,2026-07-11,9000
T2451,A021,2026-07-11,9000
T2452,A022,2026-07-11,9000
T2453,A023,2026-07-11,9000
T2454,A024,2026-07-11,9000
T2455,A025,2026-07-11,9000
T2456,A026,2026-07-11,9000
T2457,A027,2026-07-11,9000
T2458,A028,2026-07-11,9000
T2459,A029,2026-07-11,9000
T2460,A030,2026-07-11,9000
T2461,A001,2026-07-10,9000
T2462,A002,2026-07-10,9000
T2463,A003,2026-07-10,9000
T2464,A004,2026-07-10,9000
T2465,A005,2026-07-10,9000
T2466,A006,2026-07-10,9000
T2467,A007,2026-07-10,9000
T2468,A008,2026-07-10,9000
T2469,A009,2026-07-10,9000
T2470,A010,2026-07-10,9000
T2471,A011,2026-07-10,9000
T2472,A012,2026-07-10,9000
T2473,A013,2026-07-10,9000
T2474,A014,2026-07-10,9000
T2475,A015,2026-07-10,9000
T2476,A016,2026-07-10,9000
T2477,A017,2026-07-10,9000
T2478,A018,2026-07-10,9000
T2479,A019,2026-07-10,9000
T2480,A020,2026-07-10,9000
T2481,A021,2026-07-10,9000
T2482,A022,2026-07-10,9000
T2483,A023,2026-07-10,9000
T2484,A024,2026-07-10,9000
T2485,A025,2026-07-10,9000
T2486,A026,2026-07-10,9000
T2487,A027,2026-07-10,9000
T2488,A028,2026-07-10,9000
T2489,A029,2026-07-10,9000
T2490,A030,2026-07-10,9000
T2491,A001,2026-07-09,9000
T2492,A002,2026-07-09,9000
T2493,A003,2026-07-09,9000
T2494,A004,2026-07-09,9000
T2495,A005,2026-07-09,9000
T2496,A006,2026-07-09,9000
T2497,A007,2026-07-09,9000
T2498,A008,2026-07-09,9000
T2499,A009,2026-07-09,9000
T2500,A010,2026-07-09,9000
T2501,A011,2026-07-09,9000
T2502,A012,2026-07-09,9000
T2503,A013,2026-07-09,9000
T2504,A014,2026-07-09,9000
T2505,A015,2026-07-09,9000
T2506,A016,2026-07-09,9000
T2507,A017,2026-07-09,9000
T2508,A018,2026-07-09,9000
T2509,A019,2026-07-09,9000
T2510,A020,2026-07-09,9000
T2511,A021,2026-07-09,9000
T2512,A022,2026-07-09,9000
T2513,A023,2026-07-09,9000
T2514,A024,2026-07-09,9000
T2515,A025,2026-07-09,9000
T2516,A026,2026-07-09,9000
T2517,A027,2026-07-09,9000
T2518,A028,2026-07-09,9000
T2519,A029,2026-07-09,9000
T2520,A030,2026-07-09,9000
T2521,A001,2026-07-08,9000
T2522,A002,2026-07-08,9000
T2523,A003,2026-07-08,9000
T2524,A004,2026-07-08,9000
T2525,A005,2026-07-08,9000
T2526,A006,2026-07-08,9000
T2527,A007,2026-07-08,9000
T2528,A008,2026-07-08,9000
T2529,A009,2026-07-08,9000
T2530,A010,2026-07-08,9000
T2531,A011,2026-07-08,9000
T2532,A012,2026-07-08,9000
T2533,A013,2026-07-08,9000
T2534,A014,2026-07-08,9000
T2535,A015,2026-07-08,9000
T2536,A016,2026-07-08,9000
T2537,A017,2026-07-08,9000
T2538,A018,2026-07-08,9000
T2539,A019,2026-07-08,9000
T2540,A020,2026-07-08,9000
T2541,A021,2026-07-08,9000
T2542,A022,2026-07-08,9000
T2543,A023,2026-07-08,9000
T2544,A024,2026-07-08,9000
T2545,A025,2026-07-08,9000
T2546,A026,2026-07-08,9000
T2547,A027,2026-07-08,9000
T2548,A028,2026-07-08,9000
T2549,A029,2026-07-08,9000
T2550,A030,2026-07-08,9000
T2551,A001,2026-07-07,9000
T2552,A002,2026-07-07,9000
T2553,A003,2026-07-07,9000
T2554,A004,2026-07-07,9000
T2555,A005,2026-07-07,9000
T2556,A006,2026-07-07,9000
T2557,A007,2026-07-07,9000
T2558,A008,2026-07-07,9000
T2559,A009,2026-07-07,9000
T2560,A010,2026-07-07,9000
T2561,A011,2026-07-07,9000
T2562,A012,2026-07-07,9000
T2563,A013,2026-07-07,9000
T2564,A014,2026-07-07,9000
T2565,A015,2026-07-07,9000
T2566,A016,2026-07-07,9000
T2567,A017,2026-07-07,9000
T2568,A018,2026-07-07,9000
T2569,A019,2026-07-07,9000
T2570,A020,2026-07-07,9000
T2571,A021,2026-07-07,9000
T2572,A022,2026-07-07,9000
T2573,A023,2026-07-07,9000
T2574,A024,2026-07-07,9000
T2575,A025,2026-07-07,9000
T2576,A026,2026-07-07,9000
T2577,A027,2026-07-07,9000
T2578,A028,2026-07-07,9000
T2579,A029,2026-07-07,9000
T2580,A030,2026-07-07,9000
T2581,A001,2026-07-06,9000
T2582,A002,2026-07-06,9000
T2583,A003,2026-07-06,9000
T2584,A004,2026-07-06,9000
T2585,A005,2026-07-06,9000
T2586,A006,2026-07-06,9000
T2587,A007,2026-07-06,9000
T2588,A008,2026-07-06,9000
T2589,A009,2026-07-06,9000
T2590,A010,2026-07-06,9000
T2591,A011,2026-07-06,9000
T2592,A012,2026-07-06,9000
T2593,A013,2026-07-06,9000
T2594,A014,2026-07-06,9000
T2595,A015,2026-07-06,9000
T2596,A016,2026-07-06,9000
T2597,A017,2026-07-06,9000
T2598,A018,2026-07-06,9000
T2599,A019,2026-07-06,9000
T2600,A020,2026-07-06,9000
T2601,A021,2026-07-06,9000
T2602,A022,2026-07-06,9000
T2603,A023,2026-07-06,9000
T2604,A024,2026-07-06,9000
T2605,A025,2026-07-06,9000
T2606,A026,2026-07-06,9000
T2607,A027,2026-07-06,9000
T2608,A028,2026-07-06,9000
T2609,A029,2026-07-06,9000
T2610,A030,2026-07-06,9000
T2611,A001,2026-07-05,9000
T2612,A002,2026-07-05,9000
T2613,A003,2026-07-05,9000
T2614,A004,2026-07-05,9000
T2615,A005,2026-07-05,9000
T2616,A006,2026-07-05,9000
T2617,A007,2026-07-05,9000
T2618,A008,2026-07-05,9000
T2619,A009,2026-07-05,9000
T2620,A010,2026-07-05,9000
T2621,A011,2026-07-05,9000
T2622,A012,2026-07-05,9000
T2623,A013,2026-07-05,9000
T2624,A014,2026-07-05,9000
T2625,A015,2026-07-05,9000
T2626,A016,2026-07-05,9000
T2627,A017,2026-07-05,9000
T2628,A018,2026-07-05,9000
T2629,A019,2026-07-05,9000
T2630,A020,2026-07-05,9000
T2631,A021,2026-07-05,9000
T2632,A022,2026-07-05,9000
T2633,A023,2026-07-05,9000
T2634,A024,2026-07-05,9000
T2635,A025,2026-07-05,9000
T2636,A026,2026-07-05,9000
T2637,A027,2026-07-05,9000
T2638,A028,2026-07-05,9000
T2639,A029,2026-07-05,9000
T2640,A030,2026-07-05,9000
T2641,A001,2026-07-04,9000
T2642,A002,2026-07-04,9000
T2643,A003,2026-07-04,9000
T2644,A004,2026-07-04,9000
T2645,A005,2026-07-04,9000
T2646,A006,2026-07-04,9000
T2647,A007,2026-07-04,9000
T2648,A008,2026-07-04,9000
T2649,A009,2026-07-04,9000
T2650,A010,2026-07-04,9000
T2651,A011,2026-07-04,9000
T2652,A012,2026-07-04,9000
T2653,A013,2026-07-04,9000
T2654,A014,2026-07-04,9000
T2655,A015,2026-07-04,9000
T2656,A016,2026-07-04,9000
T2657,A017,2026-07-04,9000
T2658,A018,2026-07-04,9000
T2659,A019,2026-07-04,9000
T2660,A020,2026-07-04,9000
T2661,A021,2026-07-04,9000
T2662,A022,2026-07-04,9000
T2663,A023,2026-07-04,9000
T2664,A024,2026-07-04,9000
T2665,A025,2026-07-04,9000
T2666,A026,2026-07-04,9000
T2667,A027,2026-07-04,9000
T2668,A028,2026-07-04,9000
T2669,A029,2026-07-04,9000
T2670,A030,2026-07-04,9000
T2671,A001,2026-07-03,9000
T2672,A002,2026-07-03,9000
T2673,A003,2026-07-03,9000
T2674,A004,2026-07-03,9000
T2675,A005,2026-07-03,9000
T2676,A006,2026-07-03,9000
T2677,A007,2026-07-03,9000
T2678,A008,2026-07-03,9000
T2679,A009,2026-07-03,9000
T2680,A010,2026-07-03,9000
T2681,A011,2026-07-03,9000
T2682,A012,2026-07-03,9000
T2683,A013,2026-07-03,9000
T2684,A014,2026-07-03,9000
T2685,A015,2026-07-03,9000
T2686,A016,2026-07-03,9000
T2687,A017,2026-07-03,9000
T2688,A018,2026-07-03,9000
T2689,A019,2026-07-03,9000
T2690,A020,2026-07-03,9000
T2691,A021,2026-07-03,9000
T2692,A022,2026-07-03,9000
T2693,A023,2026-07-03,9000
T2694,A024,2026-07-03,9000
T2695,A025,2026-07-03,9000
T2696,A026,2026-07-03,9000
T2697,A027,2026-07-03,9000
T2698,A028,2026-07-03,9000
T2699,A029,2026-07-03,9000
T2700,A030,2026-07-03,9000
T2701,A001,2026-07-02,9000
T2702,A002,2026-07-02,9000
T2703,A003,2026-07-02,9000
T2704,A004,2026-07-02,9000
T2705,A005,2026-07-02,9000
T2706,A006,2026-07-02,9000
T2707,A007,2026-07-02,9000
T2708,A008,2026-07-02,9000
T2709,A009,2026-07-02,9000
T2710,A010,2026-07-02,9000
T2711,A011,2026-07-02,9000
T2712,A012,2026-07-02,9000
T2713,A013,2026-07-02,9000
T2714,A014,2026-07-02,9000
T2715,A015,2026-07-02,9000
T2716,A016,2026-07-02,9000
T2717,A017,2026-07-02,9000
T2718,A018,2026-07-02,9000
T2719,A019,2026-07-02,9000
T2720,A020,2026-07-02,9000
T2721,A021,2026-07-02,9000
T2722,A022,2026-07-02,9000
T2723,A023,2026-07-02,9000
T2724,A024,2026-07-02,9000
T2725,A025,2026-07-02,9000
T2726,A026,2026-07-02,9000
T2727,A027,2026-07-02,9000
T2728,A028,2026-07-02,9000
T2729,A029,2026-07-02,9000
T2730,A030,2026-07-02,9000
T2731,A001,2026-07-01,9000
T2732,A002,2026-07-01,9000
T2733,A003,2026-07-01,9000
T2734,A004,2026-07-01,9000
T2735,A005,2026-07-01,9000
T2736,A006,2026-07-01,9000
T2737,A007,2026-07-01,9000
T2738,A008,2026-07-01,9000
T2739,A009,2026-07-01,9000
T2740,A010,2026-07-01,9000
T2741,A011,2026-07-01,9000
T2742,A012,2026-07-01,9000
T2743,A013,2026-07-01,9000
T2744,A014,2026-07-01,9000
T2745,A015,2026-07-01,9000
T2746,A016,2026-07-01,9000
T2747,A017,2026-07-01,9000
T2748,A018,2026-07-01,9000
T2749,A019,2026-07-01,9000
T2750,A020,2026-07-01,9000
T2751,A021,2026-07-01,9000
T2752,A022,2026-07-01,9000
T2753,A023,2026-07-01,9000
T2754,A024,2026-07-01,9000
T2755,A025,2026-07-01,9000
T2756,A026,2026-07-01,9000
T2757,A027,2026-07-01,9000
T2758,A028,2026-07-01,9000
T2759,A029,2026-07-01,9000
T2760,A030,2026-07-01,9000
T2761,A001,2026-06-30,9000
T2762,A002,2026-06-30,9000
T2763,A003,2026-06-30,9000
T2764,A004,2026-06-30,9000
T2765,A005,2026-06-30,9000
T2766,A006,2026-06-30,9000
T2767,A007,2026-06-30,9000
T2768,A008,2026-06-30,9000
T2769,A009,2026-06-30,9000
T2770,A010,2026-06-30,9000
T2771,A011,2026-06-30,9000
T2772,A012,2026-06-30,9000
T2773,A013,2026-06-30,9000
T2774,A014,2026-06-30,9000
T2775,A015,2026-06-30,9000
T2776,A016,2026-06-30,9000
T2777,A017,2026-06-30,9000
T2778,A018,2026-06-30,9000
T2779,A019,2026-06-30,9000
T2780,A020,2026-06-30,9000
T2781,A021,2026-06-30,9000
T2782,A022,2026-06-30,9000
T2783,A023,2026-06-30,9000
T2784,A024,2026-06-30,9000
T2785,A025,2026-06-30,9000
T2786,A026,2026-06-30,9000
T2787,A027,2026-06-30,9000
T2788,A028,2026-06-30,9000
T2789,A029,2026-06-30,9000
T2790,A030,2026-06-30,9000
T2791,A001,2026-06-29,9000
T2792,A002,2026-06-29,9000
T2793,A003,2026-06-29,9000
T2794,A004,2026-06-29,9000
T2795,A005,2026-06-29,9000
T2796,A006,2026-06-29,9000
T2797,A007,2026-06-29,9000
T2798,A008,2026-06-29,9000
T2799,A009,2026-06-29,9000
T2800,A010,2026-06-29,9000
T2801,A011,2026-06-29,9000
T2802,A012,2026-06-29,9000
T2803,A013,2026-06-29,9000
T2804,A014,2026-06-29,9000
T2805,A015,2026-06-29,9000
T2806,A016,2026-06-29,9000
T2807,A017,2026-06-29,9000
T2808,A018,2026-06-29,9000
T2809,A019,2026-06-29,9000
T2810,A020,2026-06-29,9000
T2811,A021,2026-06-29,9000
T2812,A022,2026-06-29,9000
T2813,A023,2026-06-29,9000
T2814,A024,2026-06-29,9000
T2815,A025,2026-06-29,9000
T2816,A026,2026-06-29,9000
T2817,A027,2026-06-29,9000
T2818,A028,2026-06-29,9000
T2819,A029,2026-06-29,9000
T2820,A030,2026-06-29,9000
T2821,A001,2026-06-28,9000
T2822,A002,2026-06-28,9000
T2823,A003,2026-06-28,9000
T2824,A004,2026-06-28,9000
T2825,A005,2026-06-28,9000
T2826,A006,2026-06-28,9000
T2827,A007,2026-06-28,9000
T2828,A008,2026-06-28,9000
T2829,A009,2026-06-28,9000
T2830,A010,2026-06-28,9000
T2831,A011,2026-06-28,9000
T2832,A012,2026-06-28,9000
T2833,A013,2026-06-28,9000
T2834,A014,2026-06-28,9000
T2835,A015,2026-06-28,9000
T2836,A016,2026-06-28,9000
T2837,A017,2026-06-28,9000
T2838,A018,2026-06-28,9000
T2839,A019,2026-06-28,9000
T2840,A020,2026-06-28,9000
T2841,A021,2026-06-28,9000
T2842,A022,2026-06-28,9000
T2843,A023,2026-06-28,9000
T2844,A024,2026-06-28,9000
T2845,A025,2026-06-28,9000
T2846,A026,2026-06-28,9000
T2847,A027,2026-06-28,9000
T2848,A028,2026-06-28,9000
T2849,A029,2026-06-28,9000
T2850,A030,2026-06-28,9000
T2851,A001,2026-06-27,9000
T2852,A002,2026-06-27,9000
T2853,A003,2026-06-27,9000
T2854,A004,2026-06-27,9000
T2855,A005,2026-06-27,9000
T2856,A006,2026-06-27,9000
T2857,A007,2026-06-27,9000
T2858,A008,2026-06-27,9000
T2859,A009,2026-06-27,9000
T2860,A010,2026-06-27,9000
T2861,A011,2026-06-27,9000
T2862,A012,2026-06-27,9000
T2863,A013,2026-06-27,9000
T2864,A014,2026-06-27,9000
T2865,A015,2026-06-27,9000
T2866,A016,2026-06-27,9000
T2867,A017,2026-06-27,9000
T2868,A018,2026-06-27,9000
T2869,A019,2026-06-27,9000
T2870,A020,2026-06-27,9000
T2871,A021,2026-06-27,9000
T2872,A022,2026-06-27,9000
T2873,A023,2026-06-27,9000
T2874,A024,2026-06-27,9000
T2875,A025,2026-06-27,9000
T2876,A026,2026-06-27,9000
T2877,A027,2026-06-27,9000
T2878,A028,2026-06-27,9000
T2879,A029,2026-06-27,9000
T2880,A030,2026-06-27,9000
T2881,A001,2026-06-26,9000
T2882,A002,2026-06-26,9000
T2883,A003,2026-06-26,9000
T2884,A004,2026-06-26,9000
T2885,A005,2026-06-26,9000
T2886,A006,2026-06-26,9000
T2887,A007,2026-06-26,9000
T2888,A008,2026-06-26,9000
T2889,A009,2026-06-26,9000
T2890,A010,2026-06-26,9000
T2891,A011,2026-06-26,9000
T2892,A012,2026-06-26,9000
T2893,A013,2026-06-26,9000
T2894,A014,2026-06-26,9000
T2895,A015,2026-06-26,9000
T2896,A016,2026-06-26,9000
T2897,A017,2026-06-26,9000
T2898,A018,2026-06-26,9000
T2899,A019,2026-06-26,9000
T2900,A020,2026-06-26,9000
T2901,A021,2026-06-26,9000
T2902,A022,2026-06-26,9000
T2903,A023,2026-06-26,9000
T2904,A024,2026-06-26,9000
T2905,A025,2026-06-26,9000
T2906,A026,2026-06-26,9000
T2907,A027,2026-06-26,9000
T2908,A028,2026-06-26,9000
T2909,A029,2026-06-26,9000
T2910,A030,2026-06-26,9000
T2911,A001,2026-06-25,9000
T2912,A002,2026-06-25,9000
T2913,A003,2026-06-25,9000
T2914,A004,2026-06-25,9000
T2915,A005,2026-06-25,9000
T2916,A006,2026-06-25,9000
T2917,A007,2026-06-25,9000
T2918,A008,2026-06-25,9000
T2919,A009,2026-06-25,9000
T2920,A010,2026-06-25,9000
T2921,A011,2026-06-25,9000
T2922,A012,2026-06-25,9000
T2923,A013,2026-06-25,9000
T2924,A014,2026-06-25,9000
T2925,A015,2026-06-25,9000
T2926,A016,2026-06-25,9000
T2927,A017,2026-06-25,9000
T2928,A018,2026-06-25,9000
T2929,A019,2026-06-25,9000
T2930,A020,2026-06-25,9000
T2931,A021,2026-06-25,9000
T2932,A022,2026-06-25,9000
T2933,A023,2026-06-25,9000
T2934,A024,2026-06-25,9000
T2935,A025,2026-06-25,9000
T2936,A026,2026-06-25,9000
T2937,A027,2026-06-25,9000
T2938,A028,2026-06-25,9000
T2939,A029,2026-06-25,9000
T2940,A030,2026-06-25,9000
T2941,A001,2026-06-24,9000
T2942,A002,2026-06-24,9000
T2943,A003,2026-06-24,9000
T2944,A004,2026-06-24,9000
T2945,A005,2026-06-24,9000
T2946,A006,2026-06-24,9000
T2947,A007,2026-06-24,9000
T2948,A008,2026-06-24,9000
T2949,A009,2026-06-24,9000
T2950,A010,2026-06-24,9000
T2951,A011,2026-06-24,9000
T2952,A012,2026-06-24,9000
T2953,A013,2026-06-24,9000
T2954,A014,2026-06-24,9000
T2955,A015,2026-06-24,9000
T2956,A016,2026-06-24,9000
T2957,A017,2026-06-24,9000
T2958,A018,2026-06-24,9000
T2959,A019,2026-06-24,9000
T2960,A020,2026-06-24,9000
T2961,A021,2026-06-24,9000
T2962,A022,2026-06-24,9000
T2963,A023,2026-06-24,9000
T2964,A024,2026-06-24,9000
T2965,A025,2026-06-24,9000
T2966,A026,2026-06-24,9000
T2967,A027,2026-06-24,9000
T2968,A028,2026-06-24,9000
T2969,A029,2026-06-24,9000
T2970,A030,2026-06-24,9000
T2971,A001,2026-06-23,9000
T2972,A002,2026-06-23,9000
T2973,A003,2026-06-23,9000
T2974,A004,2026-06-23,9000
T2975,A005,2026-06-23,9000
T2976,A006,2026-06-23,9000
T2977,A007,2026-06-23,9000
T2978,A008,2026-06-23,9000
T2979,A009,2026-06-23,9000
T2980,A010,2026-06-23,9000
T2981,A011,2026-06-23,9000
T2982,A012,2026-06-23,9000
T2983,A013,2026-06-23,9000
T2984,A014,2026-06-23,9000
T2985,A015,2026-06-23,9000
T2986,A016,2026-06-23,9000
T2987,A017,2026-06-23,9000
T2988,A018,2026-06-23,9000
T2989,A019,2026-06-23,9000
T2990,A020,2026-06-23,9000
T2991,A021,2026-06-23,9000
T2992,A022,2026-06-23,9000
T2993,A023,2026-06-23,9000
T2994,A024,2026-06-23,9000
T2995,A025,2026-06-23,9000
T2996,A026,2026-06-23,9000
T2997,A027,2026-06-23,9000
T2998,A028,2026-06-23,9000
T2999,A029,2026-06-23,9000
T3000,A030,2026-06-23,9000
T3001,A001,2026-06-22,9000
T3002,A002,2026-06-22,9000
T3003,A003,2026-06-22,9000
T3004,A004,2026-06-22,9000
T3005,A005,2026-06-22,9000
T3006,A006,2026-06-22,9000
T3007,A007,2026-06-22,9000
T3008,A008,2026-06-22,9000
T3009,A009,2026-06-22,9000
T3010,A010,2026-06-22,9000
T3011,A011,2026-06-22,9000
T3012,A012,2026-06-22,9000
T3013,A013,2026-06-22,9000
T3014,A014,2026-06-22,9000
T3015,A015,2026-06-22,9000
T3016,A016,2026-06-22,9000
T3017,A017,2026-06-22,9000
T3018,A018,2026-06-22,9000
T3019,A019,2026-06-22,9000
T3020,A020,2026-06-22,9000
T3021,A021,2026-06-22,9000
T3022,A022,2026-06-22,9000
T3023,A023,2026-06-22,9000
T3024,A024,2026-06-22,9000
T3025,A025,2026-06-22,9000
T3026,A026,2026-06-22,9000
T3027,A027,2026-06-22,9000
T3028,A028,2026-06-22,9000
T3029,A029,2026-06-22,9000
T3030,A030,2026-06-22,9000
T3031,A001,2026-06-21,9000
T3032,A002,2026-06-21,9000
T3033,A003,2026-06-21,9000
T3034,A004,2026-06-21,9000
T3035,A005,2026-06-21,9000
T3036,A006,2026-06-21,9000
T3037,A007,2026-06-21,9000
T3038,A008,2026-06-21,9000
T3039,A009,2026-06-21,9000
T3040,A010,2026-06-21,9000
T3041,A011,2026-06-21,9000
T3042,A012,2026-06-21,9000
T3043,A013,2026-06-21,9000
T3044,A014,2026-06-21,9000
T3045,A015,2026-06-21,9000
T3046,A016,2026-06-21,9000
T3047,A017,2026-06-21,9000
T3048,A018,2026-06-21,9000
T3049,A019,2026-06-21,9000
T3050,A020,2026-06-21,9000
T3051,A021,2026-06-21,9000
T3052,A022,2026-06-21,9000
T3053,A023,2026-06-21,9000
T3054,A024,2026-06-21,9000
T3055,A025,2026-06-21,9000
T3056,A026,2026-06-21,9000
T3057,A027,2026-06-21,9000
T3058,A028,2026-06-21,9000
T3059,A029,2026-06-21,9000
T3060,A030,2026-06-21,9000
T3061,A001,2026-06-20,9000
T3062,A002,2026-06-20,9000
T3063,A003,2026-06-20,9000
T3064,A004,2026-06-20,9000
T3065,A005,2026-06-20,9000
T3066,A006,2026-06-20,9000
T3067,A007,2026-06-20,9000
T3068,A008,2026-06-20,9000
T3069,A009,2026-06-20,9000
T3070,A010,2026-06-20,9000
T3071,A011,2026-06-20,9000
T3072,A012,2026-06-20,9000
T3073,A013,2026-06-20,9000
T3074,A014,2026-06-20,9000
T3075,A015,2026-06-20,9000
T3076,A016,2026-06-20,9000
T3077,A017,2026-06-20,9000
T3078,A018,2026-06-20,9000
T3079,A019,2026-06-20,9000
T3080,A020,2026-06-20,9000
T3081,A021,2026-06-20,9000
T3082,A022,2026-06-20,9000
T3083,A023,2026-06-20,9000
T3084,A024,2026-06-20,9000
T3085,A025,2026-06-20,9000
T3086,A026,2026-06-20,9000
T3087,A027,2026-06-20,9000
T3088,A028,2026-06-20,9000
T3089,A029,2026-06-20,9000
T3090,A030,2026-06-20,9000
T3091,A001,2026-06-19,9000
T3092,A002,2026-06-19,9000
T3093,A003,2026-06-19,9000
T3094,A004,2026-06-19,9000
T3095,A005,2026-06-19,9000
T3096,A006,2026-06-19,9000
T3097,A007,2026-06-19,9000
T3098,A008,2026-06-19,9000
T3099,A009,2026-06-19,9000
T3100,A010,2026-06-19,9000
T3101,A011,2026-06-19,9000
T3102,A012,2026-06-19,9000
T3103,A013,2026-06-19,9000
T3104,A014,2026-06-19,9000
T3105,A015,2026-06-19,9000
T3106,A016,2026-06-19,9000
T3107,A017,2026-06-19,9000
T3108,A018,2026-06-19,9000
T3109,A019,2026-06-19,9000
T3110,A020,2026-06-19,9000
T3111,A021,2026-06-19,9000
T3112,A022,2026-06-19,9000
T3113,A023,2026-06-19,9000
T3114,A024,2026-06-19,9000
T3115,A025,2026-06-19,9000
T3116,A026,2026-06-19,9000
T3117,A027,2026-06-19,9000
T3118,A028,2026-06-19,9000
T3119,A029,2026-06-19,9000
T3120,A030,2026-06-19,9000
T3121,A001,2026-06-18,9000
T3122,A002,2026-06-18,9000
T3123,A003,2026-06-18,9000
T3124,A004,2026-06-18,9000
T3125,A005,2026-06-18,9000
T3126,A006,2026-06-18,9000
T3127,A007,2026-06-18,9000
T3128,A008,2026-06-18,9000
T3129,A009,2026-06-18,9000
T3130,A010,2026-06-18,9000
T3131,A011,2026-06-18,9000
T3132,A012,2026-06-18,9000
T3133,A013,2026-06-18,9000
T3134,A014,2026-06-18,9000
T3135,A015,2026-06-18,9000
T3136,A016,2026-06-18,9000
T3137,A017,2026-06-18,9000
T3138,A018,2026-06-18,9000
T3139,A019,2026-06-18,9000
T3140,A020,2026-06-18,9000
T3141,A021,2026-06-18,9000
T3142,A022,2026-06-18,9000
T3143,A023,2026-06-18,9000
T3144,A024,2026-06-18,9000
T3145,A025,2026-06-18,9000
T3146,A026,2026-06-18,9000
T3147,A027,2026-06-18,9000
T3148,A028,2026-06-18,9000
T3149,A029,2026-06-18,9000
T3150,A030,2026-06-18,9000
T3151,A001,2026-06-17,9000
T3152,A002,2026-06-17,9000
T3153,A003,2026-06-17,9000
T3154,A004,2026-06-17,9000
T3155,A005,2026-06-17,9000
T3156,A006,2026-06-17,9000
T3157,A007,2026-06-17,9000
T3158,A008,2026-06-17,9000
T3159,A009,2026-06-17,9000
T3160,A010,2026-06-17,9000
T3161,A011,2026-06-17,9000
T3162,A012,2026-06-17,9000
T3163,A013,2026-06-17,9000
T3164,A014,2026-06-17,9000
T3165,A015,2026-06-17,9000
T3166,A016,2026-06-17,9000
T3167,A017,2026-06-17,9000
T3168,A018,2026-06-17,9000
T3169,A019,2026-06-17,9000
T3170,A020,2026-06-17,9000
T3171,A021,2026-06-17,9000
T3172,A022,2026-06-17,9000
T3173,A023,2026-06-17,9000
T3174,A024,2026-06-17,9000
T3175,A025,2026-06-17,9000
T3176,A026,2026-06-17,9000
T3177,A027,2026-06-17,9000
T3178,A028,2026-06-17,9000
T3179,A029,2026-06-17,9000
T3180,A030,2026-06-17,9000
T3181,A001,2026-06-16,9000
T3182,A002,2026-06-16,9000
T3183,A003,2026-06-16,9000
T3184,A004,2026-06-16,9000
T3185,A005,2026-06-16,9000
T3186,A006,2026-06-16,9000
T3187,A007,2026-06-16,9000
T3188,A008,2026-06-16,9000
T3189,A009,2026-06-16,9000
T3190,A010,2026-06-16,9000
T3191,A011,2026-06-16,9000
T3192,A012,2026-06-16,9000
T3193,A013,2026-06-16,9000
T3194,A014,2026-06-16,9000
T3195,A015,2026-06-16,9000
T3196,A016,2026-06-16,9000
T3197,A017,2026-06-16,9000
T3198,A018,2026-06-16,9000
T3199,A019,2026-06-16,9000
T3200,A020,2026-06-16,9000
T3201,A021,2026-06-16,9000
T3202,A022,2026-06-16,9000
T3203,A023,2026-06-16,9000
T3204,A024,2026-06-16,9000
T3205,A025,2026-06-16,9000
T3206,A026,2026-06-16,9000
T3207,A027,2026-06-16,9000
T3208,A028,2026-06-16,9000
T3209,A029,2026-06-16,9000
T3210,A030,2026-06-16,9000
T3211,A001,2026-06-15,9000
T3212,A002,2026-06-15,9000
T3213,A003,2026-06-15,9000
T3214,A004,2026-06-15,9000
T3215,A005,2026-06-15,9000
T3216,A006,2026-06-15,9000
T3217,A007,2026-06-15,9000
T3218,A008,2026-06-15,9000
T3219,A009,2026-06-15,9000
T3220,A010,2026-06-15,9000
T3221,A011,2026-06-15,9000
T3222,A012,2026-06-15,9000
T3223,A013,2026-06-15,9000
T3224,A014,2026-06-15,9000
T3225,A015,2026-06-15,9000
T3226,A016,2026-06-15,9000
T3227,A017,2026-06-15,9000
T3228,A018,2026-06-15,9000
T3229,A019,2026-06-15,9000
T3230,A020,2026-06-15,9000
T3231,A021,2026-06-15,9000
T3232,A022,2026-06-15,9000
T3233,A023,2026-06-15,9000
T3234,A024,2026-06-15,9000
T3235,A025,2026-06-15,9000
T3236,A026,2026-06-15,9000
T3237,A027,2026-06-15,9000
T3238,A028,2026-06-15,9000
T3239,A029,2026-06-15,9000
T3240,A030,2026-06-15,9000
T3241,A001,2026-06-14,9000
T3242,A002,2026-06-14,9000
T3243,A003,2026-06-14,9000
T3244,A004,2026-06-14,9000
T3245,A005,2026-06-14,9000
T3246,A006,2026-06-14,9000
T3247,A007,2026-06-14,9000
T3248,A008,2026-06-14,9000
T3249,A009,2026-06-14,9000
T3250,A010,2026-06-14,9000
T3251,A011,2026-06-14,9000
T3252,A012,2026-06-14,9000
T3253,A013,2026-06-14,9000
T3254,A014,2026-06-14,9000
T3255,A015,2026-06-14,9000
T3256,A016,2026-06-14,9000
T3257,A017,2026-06-14,9000
T3258,A018,2026-06-14,9000
T3259,A019,2026-06-14,9000
T3260,A020,2026-06-14,9000
T3261,A021,2026-06-14,9000
T3262,A022,2026-06-14,9000
T3263,A023,2026-06-14,9000
T3264,A024,2026-06-14,9000
T3265,A025,2026-06-14,9000
T3266,A026,2026-06-14,9000
T3267,A027,2026-06-14,9000
T3268,A028,2026-06-14,9000
T3269,A029,2026-06-14,9000
T3270,A030,2026-06-14,9000
T3271,A001,2026-06-13,9000
T3272,A002,2026-06-13,9000
T3273,A003,2026-06-13,9000
T3274,A004,2026-06-13,9000
T3275,A005,2026-06-13,9000
T3276,A006,2026-06-13,9000
T3277,A007,2026-06-13,9000
T3278,A008,2026-06-13,9000
T3279,A009,2026-06-13,9000
T3280,A010,2026-06-13,9000
T3281,A011,2026-06-13,9000
T3282,A012,2026-06-13,9000
T3283,A013,2026-06-13,9000
T3284,A014,2026-06-13,9000
T3285,A015,2026-06-13,9000
T3286,A016,2026-06-13,9000
T3287,A017,2026-06-13,9000
T3288,A018,2026-06-13,9000
T3289,A019,2026-06-13,9000
T3290,A020,2026-06-13,9000
T3291,A021,2026-06-13,9000
T3292,A022,2026-06-13,9000
T3293,A023,2026-06-13,9000
T3294,A024,2026-06-13,9000
T3295,A025,2026-06-13,9000
T3296,A026,2026-06-13,9000
T3297,A027,2026-06-13,9000
T3298,A028,2026-06-13,9000
T3299,A029,2026-06-13,9000
T3300,A030,2026-06-13,9000
T3301,A001,2026-06-12,9000
T3302,A002,2026-06-12,9000
T3303,A003,2026-06-12,9000
T3304,A004,2026-06-12,9000
T3305,A005,2026-06-12,9000
T3306,A006,2026-06-12,9000
T3307,A007,2026-06-12,9000
T3308,A008,2026-06-12,9000
T3309,A009,2026-06-12,9000
T3310,A010,2026-06-12,9000
T3311,A011,2026-06-12,9000
T3312,A012,2026-06-12,9000
T3313,A013,2026-06-12,9000
T3314,A014,2026-06-12,9000
T3315,A015,2026-06-12,9000
T3316,A016,2026-06-12,9000
T3317,A017,2026-06-12,9000
T3318,A018,2026-06-12,9000
T3319,A019,2026-06-12,9000
T3320,A020,2026-06-12,9000
T3321,A021,2026-06-12,9000
T3322,A022,2026-06-12,9000
T3323,A023,2026-06-12,9000
T3324,A024,2026-06-12,9000
T3325,A025,2026-06-12,9000
T3326,A026,2026-06-12,9000
T3327,A027,2026-06-12,9000
T3328,A028,2026-06-12,9000
T3329,A029,2026-06-12,9000
T3330,A030,2026-06-12,9000
T3331,A001,2026-06-11,9000
T3332,A002,2026-06-11,9000
T3333,A003,2026-06-11,9000
T3334,A004,2026-06-11,9000
T3335,A005,2026-06-11,9000
T3336,A006,2026-06-11,9000
T3337,A007,2026-06-11,9000
T3338,A008,2026-06-11,9000
T3339,A009,2026-06-11,9000
T3340,A010,2026-06-11,9000
T3341,A011,2026-06-11,9000
T3342,A012,2026-06-11,9000
T3343,A013,2026-06-11,9000
T3344,A014,2026-06-11,9000
T3345,A015,2026-06-11,9000
T3346,A016,2026-06-11,9000
T3347,A017,2026-06-11,9000
T3348,A018,2026-06-11,9000
T3349,A019,2026-06-11,9000
T3350,A020,2026-06-11,9000
T3351,A021,2026-06-11,9000
T3352,A022,2026-06-11,9000
T3353,A023,2026-06-11,9000
T3354,A024,2026-06-11,9000
T3355,A025,2026-06-11,9000
T3356,A026,2026-06-11,9000
T3357,A027,2026-06-11,9000
T3358,A028,2026-06-11,9000
T3359,A029,2026-06-11,9000
T3360,A030,2026-06-11,9000
T3361,A001,2026-06-10,9000
T3362,A002,2026-06-10,9000
T3363,A003,2026-06-10,9000
T3364,A004,2026-06-10,9000
T3365,A005,2026-06-10,9000
T3366,A006,2026-06-10,9000
T3367,A007,2026-06-10,9000
T3368,A008,2026-06-10,9000
T3369,A009,2026-06-10,9000
T3370,A010,2026-06-10,9000
T3371,A011,2026-06-10,9000
T3372,A012,2026-06-10,9000
T3373,A013,2026-06-10,9000
T3374,A014,2026-06-10,9000
T3375,A015,2026-06-10,9000
T3376,A016,2026-06-10,9000
T3377,A017,2026-06-10,9000
T3378,A018,2026-06-10,9000
T3379,A019,2026-06-10,9000
T3380,A020,2026-06-10,9000
T3381,A021,2026-06-10,9000
T3382,A022,2026-06-10,9000
T3383,A023,2026-06-10,9000
T3384,A024,2026-06-10,9000
T3385,A025,2026-06-10,9000
T3386,A026,2026-06-10,9000
T3387,A027,2026-06-10,9000
T3388,A028,2026-06-10,9000
T3389,A029,2026-06-10,9000
T3390,A030,2026-06-10,9000
T3391,A001,2026-06-09,9000
T3392,A002,2026-06-09,9000
T3393,A003,2026-06-09,9000
T3394,A004,2026-06-09,9000
T3395,A005,2026-06-09,9000
T3396,A006,2026-06-09,9000
T3397,A007,2026-06-09,9000
T3398,A008,2026-06-09,9000
T3399,A009,2026-06-09,9000
T3400,A010,2026-06-09,9000
T3401,A011,2026-06-09,9000
T3402,A012,2026-06-09,9000
T3403,A013,2026-06-09,9000
T3404,A014,2026-06-09,9000
T3405,A015,2026-06-09,9000
T3406,A016,2026-06-09,9000
T3407,A017,2026-06-09,9000
T3408,A018,2026-06-09,9000
T3409,A019,2026-06-09,9000
T3410,A020,2026-06-09,9000
T3411,A021,2026-06-09,9000
T3412,A022,2026-06-09,9000
T3413,A023,2026-06-09,9000
T3414,A024,2026-06-09,9000
T3415,A025,2026-06-09,9000
T3416,A026,2026-06-09,9000
T3417,A027,2026-06-09,9000
T3418,A028,2026-06-09,9000
T3419,A029,2026-06-09,9000
T3420,A030,2026-06-09,9000
T3421,A001,2026-06-08,9000
T3422,A002,2026-06-08,9000
T3423,A003,2026-06-08,9000
T3424,A004,2026-06-08,9000
T3425,A005,2026-06-08,9000
T3426,A006,2026-06-08,9000
T3427,A007,2026-06-08,9000
T3428,A008,2026-06-08,9000
T3429,A009,2026-06-08,9000
T3430,A010,2026-06-08,9000
T3431,A011,2026-06-08,9000
T3432,A012,2026-06-08,9000
T3433,A013,2026-06-08,9000
T3434,A014,2026-06-08,9000
T3435,A015,2026-06-08,9000
T3436,A016,2026-06-08,9000
T3437,A017,2026-06-08,9000
T3438,A018,2026-06-08,9000
T3439,A019,2026-06-08,9000
T3440,A020,2026-06-08,9000
T3441,A021,2026-06-08,9000
T3442,A022,2026-06-08,9000
T3443,A023,2026-06-08,9000
T3444,A024,2026-06-08,9000
T3445,A025,2026-06-08,9000
T3446,A026,2026-06-08,9000
T3447,A027,2026-06-08,9000
T3448,A028,2026-06-08,9000
T3449,A029,2026-06-08,9000
T3450,A030,2026-06-08,9000
T3451,A001,2026-06-07,9000
T3452,A002,2026-06-07,9000
T3453,A003,2026-06-07,9000
T3454,A004,2026-06-07,9000
T3455,A005,2026-06-07,9000
T3456,A006,2026-06-07,9000
T3457,A007,2026-06-07,9000
T3458,A008,2026-06-07,9000
T3459,A009,2026-06-07,9000
T3460,A010,2026-06-07,9000
T3461,A011,2026-06-07,9000
T3462,A012,2026-06-07,9000
T3463,A013,2026-06-07,9000
T3464,A014,2026-06-07,9000
T3465,A015,2026-06-07,9000
T3466,A016,2026-06-07,9000
T3467,A017,2026-06-07,9000
T3468,A018,2026-06-07,9000
T3469,A019,2026-06-07,9000
T3470,A020,2026-06-07,9000
T3471,A021,2026-06-07,9000
T3472,A022,2026-06-07,9000
T3473,A023,2026-06-07,9000
T3474,A024,2026-06-07,9000
T3475,A025,2026-06-07,9000
T3476,A026,2026-06-07,9000
T3477,A027,2026-06-07,9000
T3478,A028,2026-06-07,9000
T3479,A029,2026-06-07,9000
T3480,A030,2026-06-07,9000
T3481,A001,2026-06-06,9000
T3482,A002,2026-06-06,9000
T3483,A003,2026-06-06,9000
T3484,A004,2026-06-06,9000
T3485,A005,2026-06-06,9000
T3486,A006,2026-06-06,9000
T3487,A007,2026-06-06,9000
T3488,A008,2026-06-06,9000
T3489,A009,2026-06-06,9000
T3490,A010,2026-06-06,9000
T3491,A011,2026-06-06,9000
T3492,A012,2026-06-06,9000
T3493,A013,2026-06-06,9000
T3494,A014,2026-06-06,9000
T3495,A015,2026-06-06,9000
T3496,A016,2026-06-06,9000
T3497,A017,2026-06-06,9000
T3498,A018,2026-06-06,9000
T3499,A019,2026-06-06,9000
T3500,A020,2026-06-06,9000
T3501,A021,2026-06-06,9000
T3502,A022,2026-06-06,9000
T3503,A023,2026-06-06,9000
T3504,A024,2026-06-06,9000
T3505,A025,2026-06-06,9000
T3506,A026,2026-06-06,9000
T3507,A027,2026-06-06,9000
T3508,A028,2026-06-06,9000
T3509,A029,2026-06-06,9000
T3510,A030,2026-06-06,9000
T3511,A001,2026-06-05,9000
T3512,A002,2026-06-05,9000
T3513,A003,2026-06-05,9000
T3514,A004,2026-06-05,9000
T3515,A005,2026-06-05,9000
T3516,A006,2026-06-05,9000
T3517,A007,2026-06-05,9000
T3518,A008,2026-06-05,9000
T3519,A009,2026-06-05,9000
T3520,A010,2026-06-05,9000
T3521,A011,2026-06-05,9000
T3522,A012,2026-06-05,9000
T3523,A013,2026-06-05,9000
T3524,A014,2026-06-05,9000
T3525,A015,2026-06-05,9000
T3526,A016,2026-06-05,9000
T3527,A017,2026-06-05,9000
T3528,A018,2026-06-05,9000
T3529,A019,2026-06-05,9000
T3530,A020,2026-06-05,9000
T3531,A021,2026-06-05,9000
T3532,A022,2026-06-05,9000
T3533,A023,2026-06-05,9000
T3534,A024,2026-06-05,9000
T3535,A025,2026-06-05,9000
T3536,A026,2026-06-05,9000
T3537,A027,2026-06-05,9000
T3538,A028,2026-06-05,9000
T3539,A029,2026-06-05,9000
T3540,A030,2026-06-05,9000
T3541,A001,2026-06-04,9000
T3542,A002,2026-06-04,9000
T3543,A003,2026-06-04,9000
T3544,A004,2026-06-04,9000
T3545,A005,2026-06-04,9000
T3546,A006,2026-06-04,9000
T3547,A007,2026-06-04,9000
T3548,A008,2026-06-04,9000
T3549,A009,2026-06-04,9000
T3550,A010,2026-06-04,9000
T3551,A011,2026-06-04,9000
T3552,A012,2026-06-04,9000
T3553,A013,2026-06-04,9000
T3554,A014,2026-06-04,9000
T3555,A015,2026-06-04,9000
T3556,A016,2026-06-04,9000
T3557,A017,2026-06-04,9000
T3558,A018,2026-06-04,9000
T3559,A019,2026-06-04,9000
T3560,A020,2026-06-04,9000
T3561,A021,2026-06-04,9000
T3562,A022,2026-06-04,9000
T3563,A023,2026-06-04,9000
T3564,A024,2026-06-04,9000
T3565,A025,2026-06-04,9000
T3566,A026,2026-06-04,9000
T3567,A027,2026-06-04,9000
T3568,A028,2026-06-04,9000
T3569,A029,2026-06-04,9000
T3570,A030,2026-06-04,9000
T3571,A001,2026-06-03,9000
T3572,A002,2026-06-03,9000
T3573,A003,2026-06-03,9000
T3574,A004,2026-06-03,9000
T3575,A005,2026-06-03,9000
T3576,A006,2026-06-03,9000
T3577,A007,2026-06-03,9000
T3578,A008,2026-06-03,9000
T3579,A009,2026-06-03,9000
T3580,A010,2026-06-03,9000
T3581,A011,2026-06-03,9000
T3582,A012,2026-06-03,9000
T3583,A013,2026-06-03,9000
T3584,A014,2026-06-03,9000
T3585,A015,2026-06-03,9000
T3586,A016,2026-06-03,9000
T3587,A017,2026-06-03,9000
T3588,A018,2026-06-03,9000
T3589,A019,2026-06-03,9000
T3590,A020,2026-06-03,9000
T3591,A021,2026-06-03,9000
T3592,A022,2026-06-03,9000
T3593,A023,2026-06-03,9000
T3594,A024,2026-06-03,9000
T3595,A025,2026-06-03,9000
T3596,A026,2026-06-03,9000
T3597,A027,2026-06-03,9000
T3598,A028,2026-06-03,9000
T3599,A029,2026-06-03,9000
T3600,A030,2026-06-03,9000
T3601,A001,2026-06-02,9000
T3602,A002,2026-06-02,9000
T3603,A003,2026-06-02,9000
T3604,A004,2026-06-02,9000
T3605,A005,2026-06-02,9000
T3606,A006,2026-06-02,9000
T3607,A007,2026-06-02,9000
T3608,A008,2026-06-02,9000
T3609,A009,2026-06-02,9000
T3610,A010,2026-06-02,9000
T3611,A011,2026-06-02,9000
T3612,A012,2026-06-02,9000
T3613,A013,2026-06-02,9000
T3614,A014,2026-06-02,9000
T3615,A015,2026-06-02,9000
T3616,A016,2026-06-02,9000
T3617,A017,2026-06-02,9000
T3618,A018,2026-06-02,9000
T3619,A019,2026-06-02,9000
T3620,A020,2026-06-02,9000
T3621,A021,2026-06-02,9000
T3622,A022,2026-06-02,9000
T3623,A023,2026-06-02,9000
T3624,A024,2026-06-02,9000
T3625,A025,2026-06-02,9000
T3626,A026,2026-06-02,9000
T3627,A027,2026-06-02,9000
T3628,A028,2026-06-02,9000
T3629,A029,2026-06-02,9000
T3630,A030,2026-06-02,9000
T3631,A001,2026-06-01,9000
T3632,A002,2026-06-01,9000
T3633,A003,2026-06-01,9000
T3634,A004,2026-06-01,9000
T3635,A005,2026-06-01,9000
T3636,A006,2026-06-01,9000
T3637,A007,2026-06-01,9000
T3638,A008,2026-06-01,9000
T3639,A009,2026-06-01,9000
T3640,A010,2026-06-01,9000
T3641,A011,2026-06-01,9000
T3642,A012,2026-06-01,9000
T3643,A013,2026-06-01,9000
T3644,A014,2026-06-01,9000
T3645,A015,2026-06-01,9000
T3646,A016,2026-06-01,9000
T3647,A017,2026-06-01,9000
T3648,A018,2026-06-01,9000
T3649,A019,2026-06-01,9000
T3650,A020,2026-06-01,9000
T3651,A021,2026-06-01,9000
T3652,A022,2026-06-01,9000
T3653,A023,2026-06-01,9000
T3654,A024,2026-06-01,9000
T3655,A025,2026-06-01,9000
T3656,A026,2026-06-01,9000
T3657,A027,2026-06-01,9000
T3658,A028,2026-06-01,9000
T3659,A029,2026-06-01,9000
T3660,A030,2026-06-01,9000
T3661,A001,2026-05-31,9000
T3662,A002,2026-05-31,9000
T3663,A003,2026-05-31,9000
T3664,A004,2026-05-31,9000
T3665,A005,2026-05-31,9000
T3666,A006,2026-05-31,9000
T3667,A007,2026-05-31,9000
T3668,A008,2026-05-31,9000
T3669,A009,2026-05-31,9000
T3670,A010,2026-05-31,9000
T3671,A011,2026-05-31,9000
T3672,A012,2026-05-31,9000
T3673,A013,2026-05-31,9000
T3674,A014,2026-05-31,9000
T3675,A015,2026-05-31,9000
T3676,A016,2026-05-31,9000
T3677,A017,2026-05-31,9000
T3678,A018,2026-05-31,9000
T3679,A019,2026-05-31,9000
T3680,A020,2026-05-31,9000
T3681,A021,2026-05-31,9000
T3682,A022,2026-05-31,9000
T3683,A023,2026-05-31,9000
T3684,A024,2026-05-31,9000
T3685,A025,2026-05-31,9000
T3686,A026,2026-05-31,9000
T3687,A027,2026-05-31,9000
T3688,A028,2026-05-31,9000
T3689,A029,2026-05-31,9000
T3690,A030,2026-05-31,9000
T3691,A001,2026-05-30,9000
T3692,A002,2026-05-30,9000
T3693,A003,2026-05-30,9000
T3694,A004,2026-05-30,9000
T3695,A005,2026-05-30,9000
T3696,A006,2026-05-30,9000
T3697,A007,2026-05-30,9000
T3698,A008,2026-05-30,9000
T3699,A009,2026-05-30,9000
T3700,A010,2026-05-30,9000
T3701,A011,2026-05-30,9000
T3702,A012,2026-05-30,9000
T3703,A013,2026-05-30,9000
T3704,A014,2026-05-30,9000
T3705,A015,2026-05-30,9000
T3706,A016,2026-05-30,9000
T3707,A017,2026-05-30,9000
T3708,A018,2026-05-30,9000
T3709,A019,2026-05-30,9000
T3710,A020,2026-05-30,9000
T3711,A021,2026-05-30,9000
T3712,A022,2026-05-30,9000
T3713,A023,2026-05-30,9000
T3714,A024,2026-05-30,9000
T3715,A025,2026-05-30,9000
T3716,A026,2026-05-30,9000
T3717,A027,2026-05-30,9000
T3718,A028,2026-05-30,9000
T3719,A029,2026-05-30,9000
T3720,A030,2026-05-30,9000
T3721,A001,2026-05-29,9000
T3722,A002,2026-05-29,9000
T3723,A003,2026-05-29,9000
T3724,A004,2026-05-29,9000
T3725,A005,2026-05-29,9000
T3726,A006,2026-05-29,9000
T3727,A007,2026-05-29,9000
T3728,A008,2026-05-29,9000
T3729,A009,2026-05-29,9000
T3730,A010,2026-05-29,9000
T3731,A011,2026-05-29,9000
T3732,A012,2026-05-29,9000
T3733,A013,2026-05-29,9000
T3734,A014,2026-05-29,9000
T3735,A015,2026-05-29,9000
T3736,A016,2026-05-29,9000
T3737,A017,2026-05-29,9000
T3738,A018,2026-05-29,9000
T3739,A019,2026-05-29,9000
T3740,A020,2026-05-29,9000
T3741,A021,2026-05-29,9000
T3742,A022,2026-05-29,9000
T3743,A023,2026-05-29,9000
T3744,A024,2026-05-29,9000
T3745,A025,2026-05-29,9000
T3746,A026,2026-05-29,9000
T3747,A027,2026-05-29,9000
T3748,A028,2026-05-29,9000
T3749,A029,2026-05-29,9000
T3750,A030,2026-05-29,9000
T3751,A001,2026-05-28,9000
T3752,A002,2026-05-28,9000
T3753,A003,2026-05-28,9000
T3754,A004,2026-05-28,9000
T3755,A005,2026-05-28,9000
T3756,A006,2026-05-28,9000
T3757,A007,2026-05-28,9000
T3758,A008,2026-05-28,9000
T3759,A009,2026-05-28,9000
T3760,A010,2026-05-28,9000
T3761,A011,2026-05-28,9000
T3762,A012,2026-05-28,9000
T3763,A013,2026-05-28,9000
T3764,A014,2026-05-28,9000
T3765,A015,2026-05-28,9000
T3766,A016,2026-05-28,9000
T3767,A017,2026-05-28,9000
T3768,A018,2026-05-28,9000
T3769,A019,2026-05-28,9000
T3770,A020,2026-05-28,9000
T3771,A021,2026-05-28,9000
T3772,A022,2026-05-28,9000
T3773,A023,2026-05-28,9000
T3774,A024,2026-05-28,9000
T3775,A025,2026-05-28,9000
T3776,A026,2026-05-28,9000
T3777,A027,2026-05-28,9000
T3778,A028,2026-05-28,9000
T3779,A029,2026-05-28,9000
T3780,A030,2026-05-28,9000
T3781,A001,2026-05-27,9000
T3782,A002,2026-05-27,9000
T3783,A003,2026-05-27,9000
T3784,A004,2026-05-27,9000
T3785,A005,2026-05-27,9000
T3786,A006,2026-05-27,9000
T3787,A007,2026-05-27,9000
T3788,A008,2026-05-27,9000
T3789,A009,2026-05-27,9000
T3790,A010,2026-05-27,9000
T3791,A011,2026-05-27,9000
T3792,A012,2026-05-27,9000
T3793,A013,2026-05-27,9000
T3794,A014,2026-05-27,9000
T3795,A015,2026-05-27,9000
T3796,A016,2026-05-27,9000
T3797,A017,2026-05-27,9000
T3798,A018,2026-05-27,9000
T3799,A019,2026-05-27,9000
T3800,A020,2026-05-27,9000
T3801,A021,2026-05-27,9000
T3802,A022,2026-05-27,9000
T3803,A023,2026-05-27,9000
T3804,A024,2026-05-27,9000
T3805,A025,2026-05-27,9000
T3806,A026,2026-05-27,9000
T3807,A027,2026-05-27,9000
T3808,A028,2026-05-27,9000
T3809,A029,2026-05-27,9000
T3810,A030,2026-05-27,9000
T3811,A001,2026-05-26,9000
T3812,A002,2026-05-26,9000
T3813,A003,2026-05-26,9000
T3814,A004,2026-05-26,9000
T3815,A005,2026-05-26,9000
T3816,A006,2026-05-26,9000
T3817,A007,2026-05-26,9000
T3818,A008,2026-05-26,9000
T3819,A009,2026-05-26,9000
T3820,A010,2026-05-26,9000
T3821,A011,2026-05-26,9000
T3822,A012,2026-05-26,9000
T3823,A013,2026-05-26,9000
T3824,A014,2026-05-26,9000
T3825,A015,2026-05-26,9000
T3826,A016,2026-05-26,9000
T3827,A017,2026-05-26,9000
T3828,A018,2026-05-26,9000
T3829,A019,2026-05-26,9000
T3830,A020,2026-05-26,9000
T3831,A021,2026-05-26,9000
T3832,A022,2026-05-26,9000
T3833,A023,2026-05-26,9000
T3834,A024,2026-05-26,9000
T3835,A025,2026-05-26,9000
T3836,A026,2026-05-26,9000
T3837,A027,2026-05-26,9000
T3838,A028,2026-05-26,9000
T3839,A029,2026-05-26,9000
T3840,A030,2026-05-26,9000
T3841,A001,2026-05-25,9000
T3842,A002,2026-05-25,9000
T3843,A003,2026-05-25,9000
T3844,A004,2026-05-25,9000
T3845,A005,2026-05-25,9000
T3846,A006,2026-05-25,9000
T3847,A007,2026-05-25,9000
T3848,A008,2026-05-25,9000
T3849,A009,2026-05-25,9000
T3850,A010,2026-05-25,9000
T3851,A011,2026-05-25,9000
T3852,A012,2026-05-25,9000
T3853,A013,2026-05-25,9000
T3854,A014,2026-05-25,9000
T3855,A015,2026-05-25,9000
T3856,A016,2026-05-25,9000
T3857,A017,2026-05-25,9000
T3858,A018,2026-05-25,9000
T3859,A019,2026-05-25,9000
T3860,A020,2026-05-25,9000
T3861,A021,2026-05-25,9000
T3862,A022,2026-05-25,9000
T3863,A023,2026-05-25,9000
T3864,A024,2026-05-25,9000
T3865,A025,2026-05-25,9000
T3866,A026,2026-05-25,9000
T3867,A027,2026-05-25,9000
T3868,A028,2026-05-25,9000
T3869,A029,2026-05-25,9000
T3870,A030,2026-05-25,9000
T3871,A001,2026-05-24,9000
T3872,A002,2026-05-24,9000
T3873,A003,2026-05-24,9000
T3874,A004,2026-05-24,9000
T3875,A005,2026-05-24,9000
T3876,A006,2026-05-24,9000
T3877,A007,2026-05-24,9000
T3878,A008,2026-05-24,9000
T3879,A009,2026-05-24,9000
T3880,A010,2026-05-24,9000
T3881,A011,2026-05-24,9000
T3882,A012,2026-05-24,9000
T3883,A013,2026-05-24,9000
T3884,A014,2026-05-24,9000
T3885,A015,2026-05-24,9000
T3886,A016,2026-05-24,9000
T3887,A017,2026-05-24,9000
T3888,A018,2026-05-24,9000
T3889,A019,2026-05-24,9000
T3890,A020,2026-05-24,9000
T3891,A021,2026-05-24,9000
T3892,A022,2026-05-24,9000
T3893,A023,2026-05-24,9000
T3894,A024,2026-05-24,9000
T3895,A025,2026-05-24,9000
T3896,A026,2026-05-24,9000
T3897,A027,2026-05-24,9000
T3898,A028,2026-05-24,9000
T3899,A029,2026-05-24,9000
T3900,A030,2026-05-24,9000
T3901,A001,2026-05-23,9000
T3902,A002,2026-05-23,9000
T3903,A003,2026-05-23,9000
T3904,A004,2026-05-23,9000
T3905,A005,2026-05-23,9000
T3906,A006,2026-05-23,9000
T3907,A007,2026-05-23,9000
T3908,A008,2026-05-23,9000
T3909,A009,2026-05-23,9000
T3910,A010,2026-05-23,9000
T3911,A011,2026-05-23,9000
T3912,A012,2026-05-23,9000
T3913,A013,2026-05-23,9000
T3914,A014,2026-05-23,9000
T3915,A015,2026-05-23,9000
T3916,A016,2026-05-23,9000
T3917,A017,2026-05-23,9000
T3918,A018,2026-05-23,9000
T3919,A019,2026-05-23,9000
T3920,A020,2026-05-23,9000
T3921,A021,2026-05-23,9000
T3922,A022,2026-05-23,9000
T3923,A023,2026-05-23,9000
T3924,A024,2026-05-23,9000
T3925,A025,2026-05-23,9000
T3926,A026,2026-05-23,9000
T3927,A027,2026-05-23,9000
T3928,A028,2026-05-23,9000
T3929,A029,2026-05-23,9000
T3930,A030,2026-05-23,9000
T3931,A001,2026-05-22,9000
T3932,A002,2026-05-22,9000
T3933,A003,2026-05-22,9000
T3934,A004,2026-05-22,9000
T3935,A005,2026-05-22,9000
T3936,A006,2026-05-22,9000
T3937,A007,2026-05-22,9000
T3938,A008,2026-05-22,9000
T3939,A009,2026-05-22,9000
T3940,A010,2026-05-22,9000
T3941,A011,2026-05-22,9000
T3942,A012,2026-05-22,9000
T3943,A013,2026-05-22,9000
T3944,A014,2026-05-22,9000
T3945,A015,2026-05-22,9000
T3946,A016,2026-05-22,9000
T3947,A017,2026-05-22,9000
T3948,A018,2026-05-22,9000
T3949,A019,2026-05-22,9000
T3950,A020,2026-05-22,9000
T3951,A021,2026-05-22,9000
T3952,A022,2026-05-22,9000
T3953,A023,2026-05-22,9000
T3954,A024,2026-05-22,9000
T3955,A025,2026-05-22,9000
T3956,A026,2026-05-22,9000
T3957,A027,2026-05-22,9000
T3958,A028,2026-05-22,9000
T3959,A029,2026-05-22,9000
T3960,A030,2026-05-22,9000
T3961,A001,2026-05-21,9000
T3962,A002,2026-05-21,9000
T3963,A003,2026-05-21,9000
T3964,A004,2026-05-21,9000
T3965,A005,2026-05-21,9000
T3966,A006,2026-05-21,9000
T3967,A007,2026-05-21,9000
T3968,A008,2026-05-21,9000
T3969,A009,2026-05-21,9000
T3970,A010,2026-05-21,9000
T3971,A011,2026-05-21,9000
T3972,A012,2026-05-21,9000
T3973,A013,2026-05-21,9000
T3974,A014,2026-05-21,9000
T3975,A015,2026-05-21,9000
T3976,A016,2026-05-21,9000
T3977,A017,2026-05-21,9000
T3978,A018,2026-05-21,9000
T3979,A019,2026-05-21,9000
T3980,A020,2026-05-21,9000
T3981,A021,2026-05-21,9000
T3982,A022,2026-05-21,9000
T3983,A023,2026-05-21,9000
T3984,A024,2026-05-21,9000
T3985,A025,2026-05-21,9000
T3986,A026,2026-05-21,9000
T3987,A027,2026-05-21,9000
T3988,A028,2026-05-21,9000
T3989,A029,2026-05-21,9000
T3990,A030,2026-05-21,9000
T3991,A001,2026-05-20,9000
T3992,A002,2026-05-20,9000
T3993,A003,2026-05-20,9000
T3994,A004,2026-05-20,9000
T3995,A005,2026-05-20,9000
T3996,A006,2026-05-20,9000
T3997,A007,2026-05-20,9000
T3998,A008,2026-05-20,9000
T3999,A009,2026-05-20,9000
T4000,A010,2026-05-20,9000
T4001,A011,2026-05-20,9000
T4002,A012,2026-05-20,9000
T4003,A013,2026-05-20,9000
T4004,A014,2026-05-20,9000
T4005,A015,2026-05-20,9000
T4006,A016,2026-05-20,9000
T4007,A017,2026-05-20,9000
T4008,A018,2026-05-20,9000
T4009,A019,2026-05-20,9000
T4010,A020,2026-05-20,9000
T4011,A021,2026-05-20,9000
T4012,A022,2026-05-20,9000
T4013,A023,2026-05-20,9000
T4014,A024,2026-05-20,9000
T4015,A025,2026-05-20,9000
T4016,A026,2026-05-20,9000
T4017,A027,2026-05-20,9000
T4018,A028,2026-05-20,9000
T4019,A029,2026-05-20,9000
T4020,A030,2026-05-20,9000
T4021,A001,2026-05-19,9000
T4022,A002,2026-05-19,9000
T4023,A003,2026-05-19,9000
T4024,A004,2026-05-19,9000
T4025,A005,2026-05-19,9000
T4026,A006,2026-05-19,9000
T4027,A007,2026-05-19,9000
T4028,A008,2026-05-19,9000
T4029,A009,2026-05-19,9000
T4030,A010,2026-05-19,9000
T4031,A011,2026-05-19,9000
T4032,A012,2026-05-19,9000
T4033,A013,2026-05-19,9000
T4034,A014,2026-05-19,9000
T4035,A015,2026-05-19,9000
T4036,A016,2026-05-19,9000
T4037,A017,2026-05-19,9000
T4038,A018,2026-05-19,9000
T4039,A019,2026-05-19,9000
T4040,A020,2026-05-19,9000
T4041,A021,2026-05-19,9000
T4042,A022,2026-05-19,9000
T4043,A023,2026-05-19,9000
T4044,A024,2026-05-19,9000
T4045,A025,2026-05-19,9000
T4046,A026,2026-05-19,9000
T4047,A027,2026-05-19,9000
T4048,A028,2026-05-19,9000
T4049,A029,2026-05-19,9000
T4050,A030,2026-05-19,9000
T4051,A001,2026-05-18,9000
T4052,A002,2026-05-18,9000
T4053,A003,2026-05-18,9000
T4054,A004,2026-05-18,9000
T4055,A005,2026-05-18,9000
T4056,A006,2026-05-18,9000
T4057,A007,2026-05-18,9000
T4058,A008,2026-05-18,9000
T4059,A009,2026-05-18,9000
T4060,A010,2026-05-18,9000
T4061,A011,2026-05-18,9000
T4062,A012,2026-05-18,9000
T4063,A013,2026-05-18,9000
T4064,A014,2026-05-18,9000
T4065,A015,2026-05-18,9000
T4066,A016,2026-05-18,9000
T4067,A017,2026-05-18,9000
T4068,A018,2026-05-18,9000
T4069,A019,2026-05-18,9000
T4070,A020,2026-05-18,9000
T4071,A021,2026-05-18,9000
T4072,A022,2026-05-18,9000
T4073,A023,2026-05-18,9000
T4074,A024,2026-05-18,9000
T4075,A025,2026-05-18,9000
T4076,A026,2026-05-18,9000
T4077,A027,2026-05-18,9000
T4078,A028,2026-05-18,9000
T4079,A029,2026-05-18,9000
T4080,A030,2026-05-18,9000
T4081,A001,2026-05-17,9000
T4082,A002,2026-05-17,9000
T4083,A003,2026-05-17,9000
T4084,A004,2026-05-17,9000
T4085,A005,2026-05-17,9000
T4086,A006,2026-05-17,9000
T4087,A007,2026-05-17,9000
T4088,A008,2026-05-17,9000
T4089,A009,2026-05-17,9000
T4090,A010,2026-05-17,9000
T4091,A011,2026-05-17,9000
T4092,A012,2026-05-17,9000
T4093,A013,2026-05-17,9000
T4094,A014,2026-05-17,9000
T4095,A015,2026-05-17,9000
T4096,A016,2026-05-17,9000
T4097,A017,2026-05-17,9000
T4098,A018,2026-05-17,9000
T4099,A019,2026-05-17,9000
T4100,A020,2026-05-17,9000
T4101,A021,2026-05-17,9000
T4102,A022,2026-05-17,9000
T4103,A023,2026-05-17,9000
T4104,A024,2026-05-17,9000
T4105,A025,2026-05-17,9000
T4106,A026,2026-05-17,9000
T4107,A027,2026-05-17,9000
T4108,A028,2026-05-17,9000
T4109,A029,2026-05-17,9000
T4110,A030,2026-05-17,9000
T4111,A001,2026-05-16,9000
T4112,A002,2026-05-16,9000
T4113,A003,2026-05-16,9000
T4114,A004,2026-05-16,9000
T4115,A005,2026-05-16,9000
T4116,A006,2026-05-16,9000
T4117,A007,2026-05-16,9000
T4118,A008,2026-05-16,9000
T4119,A009,2026-05-16,9000
T4120,A010,2026-05-16,9000
T4121,A011,2026-05-16,9000
T4122,A012,2026-05-16,9000
T4123,A013,2026-05-16,9000
T4124,A014,2026-05-16,9000
T4125,A015,2026-05-16,9000
T4126,A016,2026-05-16,9000
T4127,A017,2026-05-16,9000
T4128,A018,2026-05-16,9000
T4129,A019,2026-05-16,9000
T4130,A020,2026-05-16,9000
T4131,A021,2026-05-16,9000
T4132,A022,2026-05-16,9000
T4133,A023,2026-05-16,9000
T4134,A024,2026-05-16,9000
T4135,A025,2026-05-16,9000
T4136,A026,2026-05-16,9000
T4137,A027,2026-05-16,9000
T4138,A028,2026-05-16,9000
T4139,A029,2026-05-16,9000
T4140,A030,2026-05-16,9000
T4141,A001,2026-05-15,9000
T4142,A002,2026-05-15,9000
T4143,A003,2026-05-15,9000
T4144,A004,2026-05-15,9000
T4145,A005,2026-05-15,9000
T4146,A006,2026-05-15,9000
T4147,A007,2026-05-15,9000
T4148,A008,2026-05-15,9000
T4149,A009,2026-05-15,9000
T4150,A010,2026-05-15,9000
T4151,A011,2026-05-15,9000
T4152,A012,2026-05-15,9000
T4153,A013,2026-05-15,9000
T4154,A014,2026-05-15,9000
T4155,A015,2026-05-15,9000
T4156,A016,2026-05-15,9000
T4157,A017,2026-05-15,9000
T4158,A018,2026-05-15,9000
T4159,A019,2026-05-15,9000
T4160,A020,2026-05-15,9000
T4161,A021,2026-05-15,9000
T4162,A022,2026-05-15,9000
T4163,A023,2026-05-15,9000
T4164,A024,2026-05-15,9000
T4165,A025,2026-05-15,9000
T4166,A026,2026-05-15,9000
T4167,A027,2026-05-15,9000
T4168,A028,2026-05-15,9000
T4169,A029,2026-05-15,9000
T4170,A030,2026-05-15,9000
T4171,A001,2026-05-14,9000
T4172,A002,2026-05-14,9000
T4173,A003,2026-05-14,9000
T4174,A004,2026-05-14,9000
T4175,A005,2026-05-14,9000
T4176,A006,2026-05-14,9000
T4177,A007,2026-05-14,9000
T4178,A008,2026-05-14,9000
T4179,A009,2026-05-14,9000
T4180,A010,2026-05-14,9000
T4181,A011,2026-05-14,9000
T4182,A012,2026-05-14,9000
T4183,A013,2026-05-14,9000
T4184,A014,2026-05-14,9000
T4185,A015,2026-05-14,9000
T4186,A016,2026-05-14,9000
T4187,A017,2026-05-14,9000
T4188,A018,2026-05-14,9000
T4189,A019,2026-05-14,9000
T4190,A020,2026-05-14,9000
T4191,A021,2026-05-14,9000
T4192,A022,2026-05-14,9000
T4193,A023,2026-05-14,9000
T4194,A024,2026-05-14,9000
T4195,A025,2026-05-14,9000
T4196,A026,2026-05-14,9000
T4197,A027,2026-05-14,9000
T4198,A028,2026-05-14,9000
T4199,A029,2026-05-14,9000
T4200,A030,2026-05-14,9000
T4201,A001,2026-05-13,9000
T4202,A002,2026-05-13,9000
T4203,A003,2026-05-13,9000
T4204,A004,2026-05-13,9000
T4205,A005,2026-05-13,9000
T4206,A006,2026-05-13,9000
T4207,A007,2026-05-13,9000
T4208,A008,2026-05-13,9000
T4209,A009,2026-05-13,9000
T4210,A010,2026-05-13,9000
T4211,A011,2026-05-13,9000
T4212,A012,2026-05-13,9000
T4213,A013,2026-05-13,9000
T4214,A014,2026-05-13,9000
T4215,A015,2026-05-13,9000
T4216,A016,2026-05-13,9000
T4217,A017,2026-05-13,9000
T4218,A018,2026-05-13,9000
T4219,A019,2026-05-13,9000
T4220,A020,2026-05-13,9000
T4221,A021,2026-05-13,9000
T4222,A022,2026-05-13,9000
T4223,A023,2026-05-13,9000
T4224,A024,2026-05-13,9000
T4225,A025,2026-05-13,9000
T4226,A026,2026-05-13,9000
T4227,A027,2026-05-13,9000
T4228,A028,2026-05-13,9000
T4229,A029,2026-05-13,9000
T4230,A030,2026-05-13,9000
T4231,A001,2026-05-12,9000
T4232,A002,2026-05-12,9000
T4233,A003,2026-05-12,9000
T4234,A004,2026-05-12,9000
T4235,A005,2026-05-12,9000
T4236,A006,2026-05-12,9000
T4237,A007,2026-05-12,9000
T4238,A008,2026-05-12,9000
T4239,A009,2026-05-12,9000
T4240,A010,2026-05-12,9000
T4241,A011,2026-05-12,9000
T4242,A012,2026-05-12,9000
T4243,A013,2026-05-12,9000
T4244,A014,2026-05-12,9000
T4245,A015,2026-05-12,9000
T4246,A016,2026-05-12,9000
T4247,A017,2026-05-12,9000
T4248,A018,2026-05-12,9000
T4249,A019,2026-05-12,9000
T4250,A020,2026-05-12,9000
T4251,A021,2026-05-12,9000
T4252,A022,2026-05-12,9000
T4253,A023,2026-05-12,9000
T4254,A024,2026-05-12,9000
T4255,A025,2026-05-12,9000
T4256,A026,2026-05-12,9000
T4257,A027,2026-05-12,9000
T4258,A028,2026-05-12,9000
T4259,A029,2026-05-12,9000
T4260,A030,2026-05-12,9000
T4261,A001,2026-05-11,9000
T4262,A002,2026-05-11,9000
T4263,A003,2026-05-11,9000
T4264,A004,2026-05-11,9000
T4265,A005,2026-05-11,9000
T4266,A006,2026-05-11,9000
T4267,A007,2026-05-11,9000
T4268,A008,2026-05-11,9000
T4269,A009,2026-05-11,9000
T4270,A010,2026-05-11,9000
T4271,A011,2026-05-11,9000
T4272,A012,2026-05-11,9000
T4273,A013,2026-05-11,9000
T4274,A014,2026-05-11,9000
T4275,A015,2026-05-11,9000
T4276,A016,2026-05-11,9000
T4277,A017,2026-05-11,9000
T4278,A018,2026-05-11,9000
T4279,A019,2026-05-11,9000
T4280,A020,2026-05-11,9000
T4281,A021,2026-05-11,9000
T4282,A022,2026-05-11,9000
T4283,A023,2026-05-11,9000
T4284,A024,2026-05-11,9000
T4285,A025,2026-05-11,9000
T4286,A026,2026-05-11,9000
T4287,A027,2026-05-11,9000
T4288,A028,2026-05-11,9000
T4289,A029,2026-05-11,9000
T4290,A030,2026-05-11,9000
T4291,A001,2026-05-10,9000
T4292,A002,2026-05-10,9000
T4293,A003,2026-05-10,9000
T4294,A004,2026-05-10,9000
T4295,A005,2026-05-10,9000
T4296,A006,2026-05-10,9000
T4297,A007,2026-05-10,9000
T4298,A008,2026-05-10,9000
T4299,A009,2026-05-10,9000
T4300,A010,2026-05-10,9000
T4301,A011,2026-05-10,9000
T4302,A012,2026-05-10,9000
T4303,A013,2026-05-10,9000
T4304,A014,2026-05-10,9000
T4305,A015,2026-05-10,9000
T4306,A016,2026-05-10,9000
T4307,A017,2026-05-10,9000
T4308,A018,2026-05-10,9000
T4309,A019,2026-05-10,9000
T4310,A020,2026-05-10,9000
T4311,A021,2026-05-10,9000
T4312,A022,2026-05-10,9000
T4313,A023,2026-05-10,9000
T4314,A024,2026-05-10,9000
T4315,A025,2026-05-10,9000
T4316,A026,2026-05-10,9000
T4317,A027,2026-05-10,9000
T4318,A028,2026-05-10,9000
T4319,A029,2026-05-10,9000
T4320,A030,2026-05-10,9000
T4321,A001,2026-05-09,9000
T4322,A002,2026-05-09,9000
T4323,A003,2026-05-09,9000
T4324,A004,2026-05-09,9000
T4325,A005,2026-05-09,9000
T4326,A006,2026-05-09,9000
T4327,A007,2026-05-09,9000
T4328,A008,2026-05-09,9000
T4329,A009,2026-05-09,9000
T4330,A010,2026-05-09,9000
T4331,A011,2026-05-09,9000
T4332,A012,2026-05-09,9000
T4333,A013,2026-05-09,9000
T4334,A014,2026-05-09,9000
T4335,A015,2026-05-09,9000
T4336,A016,2026-05-09,9000
T4337,A017,2026-05-09,9000
T4338,A018,2026-05-09,9000
T4339,A019,2026-05-09,9000
T4340,A020,2026-05-09,9000
T4341,A021,2026-05-09,9000
T4342,A022,2026-05-09,9000
T4343,A023,2026-05-09,9000
T4344,A024,2026-05-09,9000
T4345,A025,2026-05-09,9000
T4346,A026,2026-05-09,9000
T4347,A027,2026-05-09,9000
T4348,A028,2026-05-09,9000
T4349,A029,2026-05-09,9000
T4350,A030,2026-05-09,9000
T4351,A001,2026-05-08,9000
T4352,A002,2026-05-08,9000
T4353,A003,2026-05-08,9000
T4354,A004,2026-05-08,9000
T4355,A005,2026-05-08,9000
T4356,A006,2026-05-08,9000
T4357,A007,2026-05-08,9000
T4358,A008,2026-05-08,9000
T4359,A009,2026-05-08,9000
T4360,A010,2026-05-08,9000
T4361,A011,2026-05-08,9000
T4362,A012,2026-05-08,9000
T4363,A013,2026-05-08,9000
T4364,A014,2026-05-08,9000
T4365,A015,2026-05-08,9000
T4366,A016,2026-05-08,9000
T4367,A017,2026-05-08,9000
T4368,A018,2026-05-08,9000
T4369,A019,2026-05-08,9000
T4370,A020,2026-05-08,9000
T4371,A021,2026-05-08,9000
T4372,A022,2026-05-08,9000
T4373,A023,2026-05-08,9000
T4374,A024,2026-05-08,9000
T4375,A025,2026-05-08,9000
T4376,A026,2026-05-08,9000
T4377,A027,2026-05-08,9000
T4378,A028,2026-05-08,9000
T4379,A029,2026-05-08,9000
T4380,A030,2026-05-08,9000
T4381,A001,2026-05-07,9000
T4382,A002,2026-05-07,9000
T4383,A003,2026-05-07,9000
T4384,A004,2026-05-07,9000
T4385,A005,2026-05-07,9000
T4386,A006,2026-05-07,9000
T4387,A007,2026-05-07,9000
T4388,A008,2026-05-07,9000
T4389,A009,2026-05-07,9000
T4390,A010,2026-05-07,9000
T4391,A011,2026-05-07,9000
T4392,A012,2026-05-07,9000
T4393,A013,2026-05-07,9000
T4394,A014,2026-05-07,9000
T4395,A015,2026-05-07,9000
T4396,A016,2026-05-07,9000
T4397,A017,2026-05-07,9000
T4398,A018,2026-05-07,9000
T4399,A019,2026-05-07,9000
T4400,A020,2026-05-07,9000
T4401,A021,2026-05-07,9000
T4402,A022,2026-05-07,9000
T4403,A023,2026-05-07,9000
T4404,A024,2026-05-07,9000
T4405,A025,2026-05-07,9000
T4406,A026,2026-05-07,9000
T4407,A027,2026-05-07,9000
T4408,A028,2026-05-07,9000
T4409,A029,2026-05-07,9000
T4410,A030,2026-05-07,9000
T4411,A001,2026-05-06,9000
T4412,A002,2026-05-06,9000
T4413,A003,2026-05-06,9000
T4414,A004,2026-05-06,9000
T4415,A005,2026-05-06,9000
T4416,A006,2026-05-06,9000
T4417,A007,2026-05-06,9000
T4418,A008,2026-05-06,9000
T4419,A009,2026-05-06,9000
T4420,A010,2026-05-06,9000
T4421,A011,2026-05-06,9000
T4422,A012,2026-05-06,9000
T4423,A013,2026-05-06,9000
T4424,A014,2026-05-06,9000
T4425,A015,2026-05-06,9000
T4426,A016,2026-05-06,9000
T4427,A017,2026-05-06,9000
T4428,A018,2026-05-06,9000
T4429,A019,2026-05-06,9000
T4430,A020,2026-05-06,9000
T4431,A021,2026-05-06,9000
T4432,A022,2026-05-06,9000
T4433,A023,2026-05-06,9000
T4434,A024,2026-05-06,9000
T4435,A025,2026-05-06,9000
T4436,A026,2026-05-06,9000
T4437,A027,2026-05-06,9000
T4438,A028,2026-05-06,9000
T4439,A029,2026-05-06,9000
T4440,A030,2026-05-06,9000
T4441,A001,2026-05-05,9000
T4442,A002,2026-05-05,9000
T4443,A003,2026-05-05,9000
T4444,A004,2026-05-05,9000
T4445,A005,2026-05-05,9000
T4446,A006,2026-05-05,9000
T4447,A007,2026-05-05,9000
T4448,A008,2026-05-05,9000
T4449,A009,2026-05-05,9000
T4450,A010,2026-05-05,9000
T4451,A011,2026-05-05,9000
T4452,A012,2026-05-05,9000
T4453,A013,2026-05-05,9000
T4454,A014,2026-05-05,9000
T4455,A015,2026-05-05,9000
T4456,A016,2026-05-05,9000
T4457,A017,2026-05-05,9000
T4458,A018,2026-05-05,9000
T4459,A019,2026-05-05,9000
T4460,A020,2026-05-05,9000
T4461,A021,2026-05-05,9000
T4462,A022,2026-05-05,9000
T4463,A023,2026-05-05,9000
T4464,A024,2026-05-05,9000
T4465,A025,2026-05-05,9000
T4466,A026,2026-05-05,9000
T4467,A027,2026-05-05,9000
T4468,A028,2026-05-05,9000
T4469,A029,2026-05-05,9000
T4470,A030,2026-05-05,9000
T4471,A001,2026-05-04,9000
T4472,A002,2026-05-04,9000
T4473,A003,2026-05-04,9000
T4474,A004,2026-05-04,9000
T4475,A005,2026-05-04,9000
T4476,A006,2026-05-04,9000
T4477,A007,2026-05-04,9000
T4478,A008,2026-05-04,9000
T4479,A009,2026-05-04,9000
T4480,A010,2026-05-04,9000
T4481,A011,2026-05-04,9000
T4482,A012,2026-05-04,9000
T4483,A013,2026-05-04,9000
T4484,A014,2026-05-04,9000
T4485,A015,2026-05-04,9000
T4486,A016,2026-05-04,9000
T4487,A017,2026-05-04,9000
T4488,A018,2026-05-04,9000
T4489,A019,2026-05-04,9000
T4490,A020,2026-05-04,9000
T4491,A021,2026-05-04,9000
T4492,A022,2026-05-04,9000
T4493,A023,2026-05-04,9000
T4494,A024,2026-05-04,9000
T4495,A025,2026-05-04,9000
T4496,A026,2026-05-04,9000
T4497,A027,2026-05-04,9000
T4498,A028,2026-05-04,9000
T4499,A029,2026-05-04,9000
T4500,A030,2026-05-04,9000
T4501,A001,2026-05-03,9000
T4502,A002,2026-05-03,9000
T4503,A003,2026-05-03,9000
T4504,A004,2026-05-03,9000
T4505,A005,2026-05-03,9000
T4506,A006,2026-05-03,9000
T4507,A007,2026-05-03,9000
T4508,A008,2026-05-03,9000
T4509,A009,2026-05-03,9000
T4510,A010,2026-05-03,9000
T4511,A011,2026-05-03,9000
T4512,A012,2026-05-03,9000
T4513,A013,2026-05-03,9000
T4514,A014,2026-05-03,9000
T4515,A015,2026-05-03,9000
T4516,A016,2026-05-03,9000
T4517,A017,2026-05-03,9000
T4518,A018,2026-05-03,9000
T4519,A019,2026-05-03,9000
T4520,A020,2026-05-03,9000
T4521,A021,2026-05-03,9000
T4522,A022,2026-05-03,9000
T4523,A023,2026-05-03,9000
T4524,A024,2026-05-03,9000
T4525,A025,2026-05-03,9000
T4526,A026,2026-05-03,9000
T4527,A027,2026-05-03,9000
T4528,A028,2026-05-03,9000
T4529,A029,2026-05-03,9000
T4530,A030,2026-05-03,9000
T4531,A001,2026-05-02,9000
T4532,A002,2026-05-02,9000
T4533,A003,2026-05-02,9000
T4534,A004,2026-05-02,9000
T4535,A005,2026-05-02,9000
T4536,A006,2026-05-02,9000
T4537,A007,2026-05-02,9000
T4538,A008,2026-05-02,9000
T4539,A009,2026-05-02,9000
T4540,A010,2026-05-02,9000
T4541,A011,2026-05-02,9000
T4542,A012,2026-05-02,9000
T4543,A013,2026-05-02,9000
T4544,A014,2026-05-02,9000
T4545,A015,2026-05-02,9000
T4546,A016,2026-05-02,9000
T4547,A017,2026-05-02,9000
T4548,A018,2026-05-02,9000
T4549,A019,2026-05-02,9000
T4550,A020,2026-05-02,9000
T4551,A021,2026-05-02,9000
T4552,A022,2026-05-02,9000
T4553,A023,2026-05-02,9000
T4554,A024,2026-05-02,9000
T4555,A025,2026-05-02,9000
T4556,A026,2026-05-02,9000
T4557,A027,2026-05-02,9000
T4558,A028,2026-05-02,9000
T4559,A029,2026-05-02,9000
T4560,A030,2026-05-02,9000
T4561,A001,2026-05-01,9000
T4562,A002,2026-05-01,9000
T4563,A003,2026-05-01,9000
T4564,A004,2026-05-01,9000
T4565,A005,2026-05-01,9000
T4566,A006,2026-05-01,9000
T4567,A007,2026-05-01,9000
T4568,A008,2026-05-01,9000
T4569,A009,2026-05-01,9000
T4570,A010,2026-05-01,9000
T4571,A011,2026-05-01,9000
T4572,A012,2026-05-01,9000
T4573,A013,2026-05-01,9000
T4574,A014,2026-05-01,9000
T4575,A015,2026-05-01,9000
T4576,A016,2026-05-01,9000
T4577,A017,2026-05-01,9000
T4578,A018,2026-05-01,9000
T4579,A019,2026-05-01,9000
T4580,A020,2026-05-01,9000
T4581,A021,2026-05-01,9000
T4582,A022,2026-05-01,9000
T4583,A023,2026-05-01,9000
T4584,A024,2026-05-01,9000
T4585,A025,2026-05-01,9000
T4586,A026,2026-05-01,9000
T4587,A027,2026-05-01,9000
T4588,A028,2026-05-01,9000
T4589,A029,2026-05-01,9000
T4590,A030,2026-05-01,9000
T4591,A001,2026-04-30,9000
T4592,A002,2026-04-30,9000
T4593,A003,2026-04-30,9000
T4594,A004,2026-04-30,9000
T4595,A005,2026-04-30,9000
T4596,A006,2026-04-30,9000
T4597,A007,2026-04-30,9000
T4598,A008,2026-04-30,9000
T4599,A009,2026-04-30,9000
T4600,A010,2026-04-30,9000
T4601,A011,2026-04-30,9000
T4602,A012,2026-04-30,9000
T4603,A013,2026-04-30,9000
T4604,A014,2026-04-30,9000
T4605,A015,2026-04-30,9000
T4606,A016,2026-04-30,9000
T4607,A017,2026-04-30,9000
T4608,A018,2026-04-30,9000
T4609,A019,2026-04-30,9000
T4610,A020,2026-04-30,9000
T4611,A021,2026-04-30,9000
T4612,A022,2026-04-30,9000
T4613,A023,2026-04-30,9000
T4614,A024,2026-04-30,9000
T4615,A025,2026-04-30,9000
T4616,A026,2026-04-30,9000
T4617,A027,2026-04-30,9000
T4618,A028,2026-04-30,9000
T4619,A029,2026-04-30,9000
T4620,A030,2026-04-30,9000
T4621,A001,2026-04-29,9000
T4622,A002,2026-04-29,9000
T4623,A003,2026-04-29,9000
T4624,A004,2026-04-29,9000
T4625,A005,2026-04-29,9000
T4626,A006,2026-04-29,9000
T4627,A007,2026-04-29,9000
T4628,A008,2026-04-29,9000
T4629,A009,2026-04-29,9000
T4630,A010,2026-04-29,9000
T4631,A011,2026-04-29,9000
T4632,A012,2026-04-29,9000
T4633,A013,2026-04-29,9000
T4634,A014,2026-04-29,9000
T4635,A015,2026-04-29,9000
T4636,A016,2026-04-29,9000
T4637,A017,2026-04-29,9000
T4638,A018,2026-04-29,9000
T4639,A019,2026-04-29,9000
T4640,A020,2026-04-29,9000
T4641,A021,2026-04-29,9000
T4642,A022,2026-04-29,9000
T4643,A023,2026-04-29,9000
T4644,A024,2026-04-29,9000
T4645,A025,2026-04-29,9000
T4646,A026,2026-04-29,9000
T4647,A027,2026-04-29,9000
T4648,A028,2026-04-29,9000
T4649,A029,2026-04-29,9000
T4650,A030,2026-04-29,9000
T4651,A001,2026-04-28,9000
T4652,A002,2026-04-28,9000
T4653,A003,2026-04-28,9000
T4654,A004,2026-04-28,9000
T4655,A005,2026-04-28,9000
T4656,A006,2026-04-28,9000
T4657,A007,2026-04-28,9000
T4658,A008,2026-04-28,9000
T4659,A009,2026-04-28,9000
T4660,A010,2026-04-28,9000
T4661,A011,2026-04-28,9000
T4662,A012,2026-04-28,9000
T4663,A013,2026-04-28,9000
T4664,A014,2026-04-28,9000
T4665,A015,2026-04-28,9000
T4666,A016,2026-04-28,9000
T4667,A017,2026-04-28,9000
T4668,A018,2026-04-28,9000
T4669,A019,2026-04-28,9000
T4670,A020,2026-04-28,9000
T4671,A021,2026-04-28,9000
T4672,A022,2026-04-28,9000
T4673,A023,2026-04-28,9000
T4674,A024,2026-04-28,9000
T4675,A025,2026-04-28,9000
T4676,A026,2026-04-28,9000
T4677,A027,2026-04-28,9000
T4678,A028,2026-04-28,9000
T4679,A029,2026-04-28,9000
T4680,A030,2026-04-28,9000
T4681,A001,2026-04-27,9000
T4682,A002,2026-04-27,9000
T4683,A003,2026-04-27,9000
T4684,A004,2026-04-27,9000
T4685,A005,2026-04-27,9000
T4686,A006,2026-04-27,9000
T4687,A007,2026-04-27,9000
T4688,A008,2026-04-27,9000
T4689,A009,2026-04-27,9000
T4690,A010,2026-04-27,9000
T4691,A011,2026-04-27,9000
T4692,A012,2026-04-27,9000
T4693,A013,2026-04-27,9000
T4694,A014,2026-04-27,9000
T4695,A015,2026-04-27,9000
T4696,A016,2026-04-27,9000
T4697,A017,2026-04-27,9000
T4698,A018,2026-04-27,9000
T4699,A019,2026-04-27,9000
T4700,A020,2026-04-27,9000
T4701,A021,2026-04-27,9000
T4702,A022,2026-04-27,9000
T4703,A023,2026-04-27,9000
T4704,A024,2026-04-27,9000
T4705,A025,2026-04-27,9000
T4706,A026,2026-04-27,9000
T4707,A027,2026-04-27,9000
T4708,A028,2026-04-27,9000
T4709,A029,2026-04-27,9000
T4710,A030,2026-04-27,9000
T4711,A001,2026-04-26,9000
T4712,A002,2026-04-26,9000
T4713,A003,2026-04-26,9000
T4714,A004,2026-04-26,9000
T4715,A005,2026-04-26,9000
T4716,A006,2026-04-26,9000
T4717,A007,2026-04-26,9000
T4718,A008,2026-04-26,9000
T4719,A009,2026-04-26,9000
T4720,A010,2026-04-26,9000
T4721,A011,2026-04-26,9000
T4722,A012,2026-04-26,9000
T4723,A013,2026-04-26,9000
T4724,A014,2026-04-26,9000
T4725,A015,2026-04-26,9000
T4726,A016,2026-04-26,9000
T4727,A017,2026-04-26,9000
T4728,A018,2026-04-26,9000
T4729,A019,2026-04-26,9000
T4730,A020,2026-04-26,9000
T4731,A021,2026-04-26,9000
T4732,A022,2026-04-26,9000
T4733,A023,2026-04-26,9000
T4734,A024,2026-04-26,9000
T4735,A025,2026-04-26,9000
T4736,A026,2026-04-26,9000
T4737,A027,2026-04-26,9000
T4738,A028,2026-04-26,9000
T4739,A029,2026-04-26,9000
T4740,A030,2026-04-26,9000
T4741,A001,2026-04-25,9000
T4742,A002,2026-04-25,9000
T4743,A003,2026-04-25,9000
T4744,A004,2026-04-25,9000
T4745,A005,2026-04-25,9000
T4746,A006,2026-04-25,9000
T4747,A007,2026-04-25,9000
T4748,A008,2026-04-25,9000
T4749,A009,2026-04-25,9000
T4750,A010,2026-04-25,9000
T4751,A011,2026-04-25,9000
T4752,A012,2026-04-25,9000
T4753,A013,2026-04-25,9000
T4754,A014,2026-04-25,9000
T4755,A015,2026-04-25,9000
T4756,A016,2026-04-25,9000
T4757,A017,2026-04-25,9000
T4758,A018,2026-04-25,9000
T4759,A019,2026-04-25,9000
T4760,A020,2026-04-25,9000
T4761,A021,2026-04-25,9000
T4762,A022,2026-04-25,9000
T4763,A023,2026-04-25,9000
T4764,A024,2026-04-25,9000
T4765,A025,2026-04-25,9000
T4766,A026,2026-04-25,9000
T4767,A027,2026-04-25,9000
T4768,A028,2026-04-25,9000
T4769,A029,2026-04-25,9000
T4770,A030,2026-04-25,9000
T4771,A001,2026-04-24,9000
T4772,A002,2026-04-24,9000
T4773,A003,2026-04-24,9000
T4774,A004,2026-04-24,9000
T4775,A005,2026-04-24,9000
T4776,A006,2026-04-24,9000
T4777,A007,2026-04-24,9000
T4778,A008,2026-04-24,9000
T4779,A009,2026-04-24,9000
T4780,A010,2026-04-24,9000
T4781,A011,2026-04-24,9000
T4782,A012,2026-04-24,9000
T4783,A013,2026-04-24,9000
T4784,A014,2026-04-24,9000
T4785,A015,2026-04-24,9000
T4786,A016,2026-04-24,9000
T4787,A017,2026-04-24,9000
T4788,A018,2026-04-24,9000
T4789,A019,2026-04-24,9000
T4790,A020,2026-04-24,9000
T4791,A021,2026-04-24,9000
T4792,A022,2026-04-24,9000
T4793,A023,2026-04-24,9000
T4794,A024,2026-04-24,9000
T4795,A025,2026-04-24,9000
T4796,A026,2026-04-24,9000
T4797,A027,2026-04-24,9000
T4798,A028,2026-04-24,9000
T4799,A029,2026-04-24,9000
T4800,A030,2026-04-24,9000
T4801,A001,2026-04-23,9000
T4802,A002,2026-04-23,9000
T4803,A003,2026-04-23,9000
T4804,A004,2026-04-23,9000
T4805,A005,2026-04-23,9000
T4806,A006,2026-04-23,9000
T4807,A007,2026-04-23,9000
T4808,A008,2026-04-23,9000
T4809,A009,2026-04-23,9000
T4810,A010,2026-04-23,9000
T4811,A011,2026-04-23,9000
T4812,A012,2026-04-23,9000
T4813,A013,2026-04-23,9000
T4814,A014,2026-04-23,9000
T4815,A015,2026-04-23,9000
T4816,A016,2026-04-23,9000
T4817,A017,2026-04-23,9000
T4818,A018,2026-04-23,9000
T4819,A019,2026-04-23,9000
T4820,A020,2026-04-23,9000
T4821,A021,2026-04-23,9000
T4822,A022,2026-04-23,9000
T4823,A023,2026-04-23,9000
T4824,A024,2026-04-23,9000
T4825,A025,2026-04-23,9000
T4826,A026,2026-04-23,9000
T4827,A027,2026-04-23,9000
T4828,A028,2026-04-23,9000
T4829,A029,2026-04-23,9000
T4830,A030,2026-04-23,9000
T4831,A001,2026-04-22,9000
T4832,A002,2026-04-22,9000
T4833,A003,2026-04-22,9000
T4834,A004,2026-04-22,9000
T4835,A005,2026-04-22,9000
T4836,A006,2026-04-22,9000
T4837,A007,2026-04-22,9000
T4838,A008,2026-04-22,9000
T4839,A009,2026-04-22,9000
T4840,A010,2026-04-22,9000
T4841,A011,2026-04-22,9000
T4842,A012,2026-04-22,9000
T4843,A013,2026-04-22,9000
T4844,A014,2026-04-22,9000
T4845,A015,2026-04-22,9000
T4846,A016,2026-04-22,9000
T4847,A017,2026-04-22,9000
T4848,A018,2026-04-22,9000
T4849,A019,2026-04-22,9000
T4850,A020,2026-04-22,9000
T4851,A021,2026-04-22,9000
T4852,A022,2026-04-22,9000
T4853,A023,2026-04-22,9000
T4854,A024,2026-04-22,9000
T4855,A025,2026-04-22,9000
T4856,A026,2026-04-22,9000
T4857,A027,2026-04-22,9000
T4858,A028,2026-04-22,9000
T4859,A029,2026-04-22,9000
T4860,A030,2026-04-22,9000
T4861,A001,2026-04-21,9000
T4862,A002,2026-04-21,9000
T4863,A003,2026-04-21,9000
T4864,A004,2026-04-21,9000
T4865,A005,2026-04-21,9000
T4866,A006,2026-04-21,9000
T4867,A007,2026-04-21,9000
T4868,A008,2026-04-21,9000
T4869,A009,2026-04-21,9000
T4870,A010,2026-04-21,9000
T4871,A011,2026-04-21,9000
T4872,A012,2026-04-21,9000
T4873,A013,2026-04-21,9000
T4874,A014,2026-04-21,9000
T4875,A015,2026-04-21,9000
T4876,A016,2026-04-21,9000
T4877,A017,2026-04-21,9000
T4878,A018,2026-04-21,9000
T4879,A019,2026-04-21,9000
T4880,A020,2026-04-21,9000
T4881,A021,2026-04-21,9000
T4882,A022,2026-04-21,9000
T4883,A023,2026-04-21,9000
T4884,A024,2026-04-21,9000
T4885,A025,2026-04-21,9000
T4886,A026,2026-04-21,9000
T4887,A027,2026-04-21,9000
T4888,A028,2026-04-21,9000
T4889,A029,2026-04-21,9000
T4890,A030,2026-04-21,9000
T4891,A001,2026-04-20,9000
T4892,A002,2026-04-20,9000
T4893,A003,2026-04-20,9000
T4894,A004,2026-04-20,9000
T4895,A005,2026-04-20,9000
T4896,A006,2026-04-20,9000
T4897,A007,2026-04-20,9000
T4898,A008,2026-04-20,9000
T4899,A009,2026-04-20,9000
T4900,A010,2026-04-20,9000
T4901,A011,2026-04-20,9000
T4902,A012,2026-04-20,9000
T4903,A013,2026-04-20,9000
T4904,A014,2026-04-20,9000
T4905,A015,2026-04-20,9000
T4906,A016,2026-04-20,9000
T4907,A017,2026-04-20,9000
T4908,A018,2026-04-20,9000
T4909,A019,2026-04-20,9000
T4910,A020,2026-04-20,9000
T4911,A021,2026-04-20,9000
T4912,A022,2026-04-20,9000
T4913,A023,2026-04-20,9000
T4914,A024,2026-04-20,9000
T4915,A025,2026-04-20,9000
T4916,A026,2026-04-20,9000
T4917,A027,2026-04-20,9000
T4918,A028,2026-04-20,9000
T4919,A029,2026-04-20,9000
T4920,A030,2026-04-20,9000
T4921,A001,2026-04-19,9000
T4922,A002,2026-04-19,9000
T4923,A003,2026-04-19,9000
T4924,A004,2026-04-19,9000
T4925,A005,2026-04-19,9000
T4926,A006,2026-04-19,9000
T4927,A007,2026-04-19,9000
T4928,A008,2026-04-19,9000
T4929,A009,2026-04-19,9000
T4930,A010,2026-04-19,9000
T4931,A011,2026-04-19,9000
T4932,A012,2026-04-19,9000
T4933,A013,2026-04-19,9000
T4934,A014,2026-04-19,9000
T4935,A015,2026-04-19,9000
T4936,A016,2026-04-19,9000
T4937,A017,2026-04-19,9000
T4938,A018,2026-04-19,9000
T4939,A019,2026-04-19,9000
T4940,A020,2026-04-19,9000
T4941,A021,2026-04-19,9000
T4942,A022,2026-04-19,9000
T4943,A023,2026-04-19,9000
T4944,A024,2026-04-19,9000
T4945,A025,2026-04-19,9000
T4946,A026,2026-04-19,9000
T4947,A027,2026-04-19,9000
T4948,A028,2026-04-19,9000
T4949,A029,2026-04-19,9000
T4950,A030,2026-04-19,9000
T4951,A001,2026-04-18,9000
T4952,A002,2026-04-18,9000
T4953,A003,2026-04-18,9000
T4954,A004,2026-04-18,9000
T4955,A005,2026-04-18,9000
T4956,A006,2026-04-18,9000
T4957,A007,2026-04-18,9000
T4958,A008,2026-04-18,9000
T4959,A009,2026-04-18,9000
T4960,A010,2026-04-18,9000
T4961,A011,2026-04-18,9000
T4962,A012,2026-04-18,9000
T4963,A013,2026-04-18,9000
T4964,A014,2026-04-18,9000
T4965,A015,2026-04-18,9000
T4966,A016,2026-04-18,9000
T4967,A017,2026-04-18,9000
T4968,A018,2026-04-18,9000
T4969,A019,2026-04-18,9000
T4970,A020,2026-04-18,9000
T4971,A021,2026-04-18,9000
T4972,A022,2026-04-18,9000
T4973,A023,2026-04-18,9000
T4974,A024,2026-04-18,9000
T4975,A025,2026-04-18,9000
T4976,A026,2026-04-18,9000
T4977,A027,2026-04-18,9000
T4978,A028,2026-04-18,9000
T4979,A029,2026-04-18,9000
T4980,A030,2026-04-18,9000
T4981,A001,2026-04-17,9000
T4982,A002,2026-04-17,9000
T4983,A003,2026-04-17,9000
T4984,A004,2026-04-17,9000
T4985,A005,2026-04-17,9000
T4986,A006,2026-04-17,9000
T4987,A007,2026-04-17,9000
T4988,A008,2026-04-17,9000
T4989,A009,2026-04-17,9000
T4990,A010,2026-04-17,9000
T4991,A011,2026-04-17,9000
T4992,A012,2026-04-17,9000
T4993,A013,2026-04-17,9000
T4994,A014,2026-04-17,9000
T4995,A015,2026-04-17,9000
T4996,A016,2026-04-17,9000
T4997,A017,2026-04-17,9000
T4998,A018,2026-04-17,9000
T4999,A019,2026-04-17,9000
T5000,A020,2026-04-17,9000
T5001,A021,2026-04-17,9000
T5002,A022,2026-04-17,9000
T5003,A023,2026-04-17,9000
T5004,A024,2026-04-17,9000
T5005,A025,2026-04-17,9000
T5006,A026,2026-04-17,9000
T5007,A027,2026-04-17,9000
T5008,A028,2026-04-17,9000
T5009,A029,2026-04-17,9000
T5010,A030,2026-04-17,9000
T5011,A001,2026-04-16,9000
T5012,A002,2026-04-16,9000
T5013,A003,2026-04-16,9000
T5014,A004,2026-04-16,9000
T5015,A005,2026-04-16,9000
T5016,A006,2026-04-16,9000
T5017,A007,2026-04-16,9000
T5018,A008,2026-04-16,9000
T5019,A009,2026-04-16,9000
T5020,A010,2026-04-16,9000
T5021,A011,2026-04-16,9000
T5022,A012,2026-04-16,9000
T5023,A013,2026-04-16,9000
T5024,A014,2026-04-16,9000
T5025,A015,2026-04-16,9000
T5026,A016,2026-04-16,9000
T5027,A017,2026-04-16,9000
T5028,A018,2026-04-16,9000
T5029,A019,2026-04-16,9000
T5030,A020,2026-04-16,9000
T5031,A021,2026-04-16,9000
T5032,A022,2026-04-16,9000
T5033,A023,2026-04-16,9000
T5034,A024,2026-04-16,9000
T5035,A025,2026-04-16,9000
T5036,A026,2026-04-16,9000
T5037,A027,2026-04-16,9000
T5038,A028,2026-04-16,9000
T5039,A029,2026-04-16,9000
T5040,A030,2026-04-16,9000
T5041,A001,2026-04-15,9000
T5042,A002,2026-04-15,9000
T5043,A003,2026-04-15,9000
T5044,A004,2026-04-15,9000
T5045,A005,2026-04-15,9000
T5046,A006,2026-04-15,9000
T5047,A007,2026-04-15,9000
T5048,A008,2026-04-15,9000
T5049,A009,2026-04-15,9000
T5050,A010,2026-04-15,9000
T5051,A011,2026-04-15,9000
T5052,A012,2026-04-15,9000
T5053,A013,2026-04-15,9000
T5054,A014,2026-04-15,9000
T5055,A015,2026-04-15,9000
T5056,A016,2026-04-15,9000
T5057,A017,2026-04-15,9000
T5058,A018,2026-04-15,9000
T5059,A019,2026-04-15,9000
T5060,A020,2026-04-15,9000
T5061,A021,2026-04-15,9000
T5062,A022,2026-04-15,9000
T5063,A023,2026-04-15,9000
T5064,A024,2026-04-15,9000
T5065,A025,2026-04-15,9000
T5066,A026,2026-04-15,9000
T5067,A027,2026-04-15,9000
T5068,A028,2026-04-15,9000
T5069,A029,2026-04-15,9000
T5070,A030,2026-04-15,9000
T5071,A001,2026-04-14,9000
T5072,A002,2026-04-14,9000
T5073,A003,2026-04-14,9000
T5074,A004,2026-04-14,9000
T5075,A005,2026-04-14,9000
T5076,A006,2026-04-14,9000
T5077,A007,2026-04-14,9000
T5078,A008,2026-04-14,9000
T5079,A009,2026-04-14,9000
T5080,A010,2026-04-14,9000
T5081,A011,2026-04-14,9000
T5082,A012,2026-04-14,9000
T5083,A013,2026-04-14,9000
T5084,A014,2026-04-14,9000
T5085,A015,2026-04-14,9000
T5086,A016,2026-04-14,9000
T5087,A017,2026-04-14,9000
T5088,A018,2026-04-14,9000
T5089,A019,2026-04-14,9000
T5090,A020,2026-04-14,9000
T5091,A021,2026-04-14,9000
T5092,A022,2026-04-14,9000
T5093,A023,2026-04-14,9000
T5094,A024,2026-04-14,9000
T5095,A025,2026-04-14,9000
T5096,A026,2026-04-14,9000
T5097,A027,2026-04-14,9000
T5098,A028,2026-04-14,9000
T5099,A029,2026-04-14,9000
T5100,A030,2026-04-14,9000
T5101,A001,2026-04-13,9000
T5102,A002,2026-04-13,9000
T5103,A003,2026-04-13,9000
T5104,A004,2026-04-13,9000
T5105,A005,2026-04-13,9000
T5106,A006,2026-04-13,9000
T5107,A007,2026-04-13,9000
T5108,A008,2026-04-13,9000
T5109,A009,2026-04-13,9000
T5110,A010,2026-04-13,9000
T5111,A011,2026-04-13,9000
T5112,A012,2026-04-13,9000
T5113,A013,2026-04-13,9000
T5114,A014,2026-04-13,9000
T5115,A015,2026-04-13,9000
T5116,A016,2026-04-13,9000
T5117,A017,2026-04-13,9000
T5118,A018,2026-04-13,9000
T5119,A019,2026-04-13,9000
T5120,A020,2026-04-13,9000
T5121,A021,2026-04-13,9000
T5122,A022,2026-04-13,9000
T5123,A023,2026-04-13,9000
T5124,A024,2026-04-13,9000
T5125,A025,2026-04-13,9000
T5126,A026,2026-04-13,9000
T5127,A027,2026-04-13,9000
T5128,A028,2026-04-13,9000
T5129,A029,2026-04-13,9000
T5130,A030,2026-04-13,9000
T5131,A001,2026-04-12,9000
T5132,A002,2026-04-12,9000
T5133,A003,2026-04-12,9000
T5134,A004,2026-04-12,9000
T5135,A005,2026-04-12,9000
T5136,A006,2026-04-12,9000
T5137,A007,2026-04-12,9000
T5138,A008,2026-04-12,9000
T5139,A009,2026-04-12,9000
T5140,A010,2026-04-12,9000
T5141,A011,2026-04-12,9000
T5142,A012,2026-04-12,9000
T5143,A013,2026-04-12,9000
T5144,A014,2026-04-12,9000
T5145,A015,2026-04-12,9000
T5146,A016,2026-04-12,9000
T5147,A017,2026-04-12,9000
T5148,A018,2026-04-12,9000
T5149,A019,2026-04-12,9000
T5150,A020,2026-04-12,9000
T5151,A021,2026-04-12,9000
T5152,A022,2026-04-12,9000
T5153,A023,2026-04-12,9000
T5154,A024,2026-04-12,9000
T5155,A025,2026-04-12,9000
T5156,A026,2026-04-12,9000
T5157,A027,2026-04-12,9000
T5158,A028,2026-04-12,9000
T5159,A029,2026-04-12,9000
T5160,A030,2026-04-12,9000
T5161,A001,2026-04-11,9000
T5162,A002,2026-04-11,9000
T5163,A003,2026-04-11,9000
T5164,A004,2026-04-11,9000
T5165,A005,2026-04-11,9000
T5166,A006,2026-04-11,9000
T5167,A007,2026-04-11,9000
T5168,A008,2026-04-11,9000
T5169,A009,2026-04-11,9000
T5170,A010,2026-04-11,9000
T5171,A011,2026-04-11,9000
T5172,A012,2026-04-11,9000
T5173,A013,2026-04-11,9000
T5174,A014,2026-04-11,9000
T5175,A015,2026-04-11,9000
T5176,A016,2026-04-11,9000
T5177,A017,2026-04-11,9000
T5178,A018,2026-04-11,9000
T5179,A019,2026-04-11,9000
T5180,A020,2026-04-11,9000
T5181,A021,2026-04-11,9000
T5182,A022,2026-04-11,9000
T5183,A023,2026-04-11,9000
T5184,A024,2026-04-11,9000
T5185,A025,2026-04-11,9000
T5186,A026,2026-04-11,9000
T5187,A027,2026-04-11,9000
T5188,A028,2026-04-11,9000
T5189,A029,2026-04-11,9000
T5190,A030,2026-04-11,9000
T5191,A001,2026-04-10,9000
T5192,A002,2026-04-10,9000
T5193,A003,2026-04-10,9000
T5194,A004,2026-04-10,9000
T5195,A005,2026-04-10,9000
T5196,A006,2026-04-10,9000
T5197,A007,2026-04-10,9000
T5198,A008,2026-04-10,9000
T5199,A009,2026-04-10,9000
T5200,A010,2026-04-10,9000
T5201,A011,2026-04-10,9000
T5202,A012,2026-04-10,9000
T5203,A013,2026-04-10,9000
T5204,A014,2026-04-10,9000
T5205,A015,2026-04-10,9000
T5206,A016,2026-04-10,9000
T5207,A017,2026-04-10,9000
T5208,A018,2026-04-10,9000
T5209,A019,2026-04-10,9000
T5210,A020,2026-04-10,9000
T5211,A021,2026-04-10,9000
T5212,A022,2026-04-10,9000
T5213,A023,2026-04-10,9000
T5214,A024,2026-04-10,9000
T5215,A025,2026-04-10,9000
T5216,A026,2026-04-10,9000
T5217,A027,2026-04-10,9000
T5218,A028,2026-04-10,9000
T5219,A029,2026-04-10,9000
T5220,A030,2026-04-10,9000
T5221,A001,2026-04-09,9000
T5222,A002,2026-04-09,9000
T5223,A003,2026-04-09,9000
T5224,A004,2026-04-09,9000
T5225,A005,2026-04-09,9000
T5226,A006,2026-04-09,9000
T5227,A007,2026-04-09,9000
T5228,A008,2026-04-09,9000
T5229,A009,2026-04-09,9000
T5230,A010,2026-04-09,9000
T5231,A011,2026-04-09,9000
T5232,A012,2026-04-09,9000
T5233,A013,2026-04-09,9000
T5234,A014,2026-04-09,9000
T5235,A015,2026-04-09,9000
T5236,A016,2026-04-09,9000
T5237,A017,2026-04-09,9000
T5238,A018,2026-04-09,9000
T5239,A019,2026-04-09,9000
T5240,A020,2026-04-09,9000
T5241,A021,2026-04-09,9000
T5242,A022,2026-04-09,9000
T5243,A023,2026-04-09,9000
T5244,A024,2026-04-09,9000
T5245,A025,2026-04-09,9000
T5246,A026,2026-04-09,9000
T5247,A027,2026-04-09,9000
T5248,A028,2026-04-09,9000
T5249,A029,2026-04-09,9000
T5250,A030,2026-04-09,9000
T5251,A001,2026-04-08,9000
T5252,A002,2026-04-08,9000
T5253,A003,2026-04-08,9000
T5254,A004,2026-04-08,9000
T5255,A005,2026-04-08,9000
T5256,A006,2026-04-08,9000
T5257,A007,2026-04-08,9000
T5258,A008,2026-04-08,9000
T5259,A009,2026-04-08,9000
T5260,A010,2026-04-08,9000
T5261,A011,2026-04-08,9000
T5262,A012,2026-04-08,9000
T5263,A013,2026-04-08,9000
T5264,A014,2026-04-08,9000
T5265,A015,2026-04-08,9000
T5266,A016,2026-04-08,9000
T5267,A017,2026-04-08,9000
T5268,A018,2026-04-08,9000
T5269,A019,2026-04-08,9000
T5270,A020,2026-04-08,9000
T5271,A021,2026-04-08,9000
T5272,A022,2026-04-08,9000
T5273,A023,2026-04-08,9000
T5274,A024,2026-04-08,9000
T5275,A025,2026-04-08,9000
T5276,A026,2026-04-08,9000
T5277,A027,2026-04-08,9000
T5278,A028,2026-04-08,9000
T5279,A029,2026-04-08,9000
T5280,A030,2026-04-08,9000
T5281,A001,2026-04-07,9000
T5282,A002,2026-04-07,9000
T5283,A003,2026-04-07,9000
T5284,A004,2026-04-07,9000
T5285,A005,2026-04-07,9000
T5286,A006,2026-04-07,9000
T5287,A007,2026-04-07,9000
T5288,A008,2026-04-07,9000
T5289,A009,2026-04-07,9000
T5290,A010,2026-04-07,9000
T5291,A011,2026-04-07,9000
T5292,A012,2026-04-07,9000
T5293,A013,2026-04-07,9000
T5294,A014,2026-04-07,9000
T5295,A015,2026-04-07,9000
T5296,A016,2026-04-07,9000
T5297,A017,2026-04-07,9000
T5298,A018,2026-04-07,9000
T5299,A019,2026-04-07,9000
T5300,A020,2026-04-07,9000
T5301,A021,2026-04-07,9000
T5302,A022,2026-04-07,9000
T5303,A023,2026-04-07,9000
T5304,A024,2026-04-07,9000
T5305,A025,2026-04-07,9000
T5306,A026,2026-04-07,9000
T5307,A027,2026-04-07,9000
T5308,A028,2026-04-07,9000
T5309,A029,2026-04-07,9000
T5310,A030,2026-04-07,9000
T5311,A001,2026-04-06,9000
T5312,A002,2026-04-06,9000
T5313,A003,2026-04-06,9000
T5314,A004,2026-04-06,9000
T5315,A005,2026-04-06,9000
T5316,A006,2026-04-06,9000
T5317,A007,2026-04-06,9000
T5318,A008,2026-04-06,9000
T5319,A009,2026-04-06,9000
T5320,A010,2026-04-06,9000
T5321,A011,2026-04-06,9000
T5322,A012,2026-04-06,9000
T5323,A013,2026-04-06,9000
T5324,A014,2026-04-06,9000
T5325,A015,2026-04-06,9000
T5326,A016,2026-04-06,9000
T5327,A017,2026-04-06,9000
T5328,A018,2026-04-06,9000
T5329,A019,2026-04-06,9000
T5330,A020,2026-04-06,9000
T5331,A021,2026-04-06,9000
T5332,A022,2026-04-06,9000
T5333,A023,2026-04-06,9000
T5334,A024,2026-04-06,9000
T5335,A025,2026-04-06,9000
T5336,A026,2026-04-06,9000
T5337,A027,2026-04-06,9000
T5338,A028,2026-04-06,9000
T5339,A029,2026-04-06,9000
T5340,A030,2026-04-06,9000
T5341,A001,2026-04-05,9000
T5342,A002,2026-04-05,9000
T5343,A003,2026-04-05,9000
T5344,A004,2026-04-05,9000
T5345,A005,2026-04-05,9000
T5346,A006,2026-04-05,9000
T5347,A007,2026-04-05,9000
T5348,A008,2026-04-05,9000
T5349,A009,2026-04-05,9000
T5350,A010,2026-04-05,9000
T5351,A011,2026-04-05,9000
T5352,A012,2026-04-05,9000
T5353,A013,2026-04-05,9000
T5354,A014,2026-04-05,9000
T5355,A015,2026-04-05,9000
T5356,A016,2026-04-05,9000
T5357,A017,2026-04-05,9000
T5358,A018,2026-04-05,9000
T5359,A019,2026-04-05,9000
T5360,A020,2026-04-05,9000
T5361,A021,2026-04-05,9000
T5362,A022,2026-04-05,9000
T5363,A023,2026-04-05,9000
T5364,A024,2026-04-05,9000
T5365,A025,2026-04-05,9000
T5366,A026,2026-04-05,9000
T5367,A027,2026-04-05,9000
T5368,A028,2026-04-05,9000
T5369,A029,2026-04-05,9000
T5370,A030,2026-04-05,9000
T5371,A001,2026-04-04,9000
T5372,A002,2026-04-04,9000
T5373,A003,2026-04-04,9000
T5374,A004,2026-04-04,9000
T5375,A005,2026-04-04,9000
T5376,A006,2026-04-04,9000
T5377,A007,2026-04-04,9000
T5378,A008,2026-04-04,9000
T5379,A009,2026-04-04,9000
T5380,A010,2026-04-04,9000
T5381,A011,2026-04-04,9000
T5382,A012,2026-04-04,9000
T5383,A013,2026-04-04,9000
T5384,A014,2026-04-04,9000
T5385,A015,2026-04-04,9000
T5386,A016,2026-04-04,9000
T5387,A017,2026-04-04,9000
T5388,A018,2026-04-04,9000
T5389,A019,2026-04-04,9000
T5390,A020,2026-04-04,9000
T5391,A021,2026-04-04,9000
T5392,A022,2026-04-04,9000
T5393,A023,2026-04-04,9000
T5394,A024,2026-04-04,9000
T5395,A025,2026-04-04,9000
T5396,A026,2026-04-04,9000
T5397,A027,2026-04-04,9000
T5398,A028,2026-04-04,9000
T5399,A029,2026-04-04,9000
T5400,A030,2026-04-04,9000
T5401,A001,2026-04-03,9000
T5402,A002,2026-04-03,9000
T5403,A003,2026-04-03,9000
T5404,A004,2026-04-03,9000
T5405,A005,2026-04-03,9000
T5406,A006,2026-04-03,9000
T5407,A007,2026-04-03,9000
T5408,A008,2026-04-03,9000
T5409,A009,2026-04-03,9000
T5410,A010,2026-04-03,9000
T5411,A011,2026-04-03,9000
T5412,A012,2026-04-03,9000
T5413,A013,2026-04-03,9000
T5414,A014,2026-04-03,9000
T5415,A015,2026-04-03,9000
T5416,A016,2026-04-03,9000
T5417,A017,2026-04-03,9000
T5418,A018,2026-04-03,9000
T5419,A019,2026-04-03,9000
T5420,A020,2026-04-03,9000
T5421,A021,2026-04-03,9000
T5422,A022,2026-04-03,9000
T5423,A023,2026-04-03,9000
T5424,A024,2026-04-03,9000
T5425,A025,2026-04-03,9000
T5426,A026,2026-04-03,9000
T5427,A027,2026-04-03,9000
T5428,A028,2026-04-03,9000
T5429,A029,2026-04-03,9000
T5430,A030,2026-04-03,9000
T5431,A001,2026-04-02,9000
T5432,A002,2026-04-02,9000
T5433,A003,2026-04-02,9000
T5434,A004,2026-04-02,9000
T5435,A005,2026-04-02,9000
T5436,A006,2026-04-02,9000
T5437,A007,2026-04-02,9000
T5438,A008,2026-04-02,9000
T5439,A009,2026-04-02,9000
T5440,A010,2026-04-02,9000
T5441,A011,2026-04-02,9000
T5442,A012,2026-04-02,9000
T5443,A013,2026-04-02,9000
T5444,A014,2026-04-02,9000
T5445,A015,2026-04-02,9000
T5446,A016,2026-04-02,9000
T5447,A017,2026-04-02,9000
T5448,A018,2026-04-02,9000
T5449,A019,2026-04-02,9000
T5450,A020,2026-04-02,9000
T5451,A021,2026-04-02,9000
T5452,A022,2026-04-02,9000
T5453,A023,2026-04-02,9000
T5454,A024,2026-04-02,9000
T5455,A025,2026-04-02,9000
T5456,A026,2026-04-02,9000
T5457,A027,2026-04-02,9000
T5458,A028,2026-04-02,9000
T5459,A029,2026-04-02,9000
T5460,A030,2026-04-02,9000
T5461,A001,2026-04-01,9000
T5462,A002,2026-04-01,9000
T5463,A003,2026-04-01,9000
T5464,A004,2026-04-01,9000
T5465,A005,2026-04-01,9000
T5466,A006,2026-04-01,9000
T5467,A007,2026-04-01,9000
T5468,A008,2026-04-01,9000
T5469,A009,2026-04-01,9000
T5470,A010,2026-04-01,9000
T5471,A011,2026-04-01,9000
T5472,A012,2026-04-01,9000
T5473,A013,2026-04-01,9000
T5474,A014,2026-04-01,9000
T5475,A015,2026-04-01,9000
T5476,A016,2026-04-01,9000
T5477,A017,2026-04-01,9000
T5478,A018,2026-04-01,9000
T5479,A019,2026-04-01,9000
T5480,A020,2026-04-01,9000
T5481,A021,2026-04-01,9000
T5482,A022,2026-04-01,9000
T5483,A023,2026-04-01,9000
T5484,A024,2026-04-01,9000
T5485,A025,2026-04-01,9000
T5486,A026,2026-04-01,9000
T5487,A027,2026-04-01,9000
T5488,A028,2026-04-01,9000
T5489,A029,2026-04-01,9000
T5490,A030,2026-04-01,9000
T5491,A001,2026-03-31,9000
T5492,A002,2026-03-31,9000
T5493,A003,2026-03-31,9000
T5494,A004,2026-03-31,9000
T5495,A005,2026-03-31,9000
T5496,A006,2026-03-31,9000
T5497,A007,2026-03-31,9000
T5498,A008,2026-03-31,9000
T5499,A009,2026-03-31,9000
T5500,A010,2026-03-31,9000
T5501,A011,2026-03-31,9000
T5502,A012,2026-03-31,9000
T5503,A013,2026-03-31,9000
T5504,A014,2026-03-31,9000
T5505,A015,2026-03-31,9000
T5506,A016,2026-03-31,9000
T5507,A017,2026-03-31,9000
T5508,A018,2026-03-31,9000
T5509,A019,2026-03-31,9000
T5510,A020,2026-03-31,9000
T5511,A021,2026-03-31,9000
T5512,A022,2026-03-31,9000
T5513,A023,2026-03-31,9000
T5514,A024,2026-03-31,9000
T5515,A025,2026-03-31,9000
T5516,A026,2026-03-31,9000
T5517,A027,2026-03-31,9000
T5518,A028,2026-03-31,9000
T5519,A029,2026-03-31,9000
T5520,A030,2026-03-31,9000
T5521,A001,2026-03-30,9000
T5522,A002,2026-03-30,9000
T5523,A003,2026-03-30,9000
T5524,A004,2026-03-30,9000
T5525,A005,2026-03-30,9000
T5526,A006,2026-03-30,9000
T5527,A007,2026-03-30,9000
T5528,A008,2026-03-30,9000
T5529,A009,2026-03-30,9000
T5530,A010,2026-03-30,9000
T5531,A011,2026-03-30,9000
T5532,A012,2026-03-30,9000
T5533,A013,2026-03-30,9000
T5534,A014,2026-03-30,9000
T5535,A015,2026-03-30,9000
T5536,A016,2026-03-30,9000
T5537,A017,2026-03-30,9000
T5538,A018,2026-03-30,9000
T5539,A019,2026-03-30,9000
T5540,A020,2026-03-30,9000
T5541,A021,2026-03-30,9000
T5542,A022,2026-03-30,9000
T5543,A023,2026-03-30,9000
T5544,A024,2026-03-30,9000
T5545,A025,2026-03-30,9000
T5546,A026,2026-03-30,9000
T5547,A027,2026-03-30,9000
T5548,A028,2026-03-30,9000
T5549,A029,2026-03-30,9000
T5550,A030,2026-03-30,9000
T5551,A001,2026-03-29,9000
T5552,A002,2026-03-29,9000
T5553,A003,2026-03-29,9000
T5554,A004,2026-03-29,9000
T5555,A005,2026-03-29,9000
T5556,A006,2026-03-29,9000
T5557,A007,2026-03-29,9000
T5558,A008,2026-03-29,9000
T5559,A009,2026-03-29,9000
T5560,A010,2026-03-29,9000
T5561,A011,2026-03-29,9000
T5562,A012,2026-03-29,9000
T5563,A013,2026-03-29,9000
T5564,A014,2026-03-29,9000
T5565,A015,2026-03-29,9000
T5566,A016,2026-03-29,9000
T5567,A017,2026-03-29,9000
T5568,A018,2026-03-29,9000
T5569,A019,2026-03-29,9000
T5570,A020,2026-03-29,9000
T5571,A021,2026-03-29,9000
T5572,A022,2026-03-29,9000
T5573,A023,2026-03-29,9000
T5574,A024,2026-03-29,9000
T5575,A025,2026-03-29,9000
T5576,A026,2026-03-29,9000
T5577,A027,2026-03-29,9000
T5578,A028,2026-03-29,9000
T5579,A029,2026-03-29,9000
T5580,A030,2026-03-29,9000
T5581,A001,2026-03-28,9000
T5582,A002,2026-03-28,9000
T5583,A003,2026-03-28,9000
T5584,A004,2026-03-28,9000
T5585,A005,2026-03-28,9000
T5586,A006,2026-03-28,9000
T5587,A007,2026-03-28,9000
T5588,A008,2026-03-28,9000
T5589,A009,2026-03-28,9000
T5590,A010,2026-03-28,9000
T5591,A011,2026-03-28,9000
T5592,A012,2026-03-28,9000
T5593,A013,2026-03-28,9000
T5594,A014,2026-03-28,9000
T5595,A015,2026-03-28,9000
T5596,A016,2026-03-28,9000
T5597,A017,2026-03-28,9000
T5598,A018,2026-03-28,9000
T5599,A019,2026-03-28,9000
T5600,A020,2026-03-28,9000
T5601,A021,2026-03-28,9000
T5602,A022,2026-03-28,9000
T5603,A023,2026-03-28,9000
T5604,A024,2026-03-28,9000
T5605,A025,2026-03-28,9000
T5606,A026,2026-03-28,9000
T5607,A027,2026-03-28,9000
T5608,A028,2026-03-28,9000
T5609,A029,2026-03-28,9000
T5610,A030,2026-03-28,9000
T5611,A001,2026-03-27,9000
T5612,A002,2026-03-27,9000
T5613,A003,2026-03-27,9000
T5614,A004,2026-03-27,9000
T5615,A005,2026-03-27,9000
T5616,A006,2026-03-27,9000
T5617,A007,2026-03-27,9000
T5618,A008,2026-03-27,9000
T5619,A009,2026-03-27,9000
T5620,A010,2026-03-27,9000
T5621,A011,2026-03-27,9000
T5622,A012,2026-03-27,9000
T5623,A013,2026-03-27,9000
T5624,A014,2026-03-27,9000
T5625,A015,2026-03-27,9000
T5626,A016,2026-03-27,9000
T5627,A017,2026-03-27,9000
T5628,A018,2026-03-27,9000
T5629,A019,2026-03-27,9000
T5630,A020,2026-03-27,9000
T5631,A021,2026-03-27,9000
T5632,A022,2026-03-27,9000
T5633,A023,2026-03-27,9000
T5634,A024,2026-03-27,9000
T5635,A025,2026-03-27,9000
T5636,A026,2026-03-27,9000
T5637,A027,2026-03-27,9000
T5638,A028,2026-03-27,9000
T5639,A029,2026-03-27,9000
T5640,A030,2026-03-27,9000
T5641,A001,2026-03-26,9000
T5642,A002,2026-03-26,9000
T5643,A003,2026-03-26,9000
T5644,A004,2026-03-26,9000
T5645,A005,2026-03-26,9000
T5646,A006,2026-03-26,9000
T5647,A007,2026-03-26,9000
T5648,A008,2026-03-26,9000
T5649,A009,2026-03-26,9000
T5650,A010,2026-03-26,9000
T5651,A011,2026-03-26,9000
T5652,A012,2026-03-26,9000
T5653,A013,2026-03-26,9000
T5654,A014,2026-03-26,9000
T5655,A015,2026-03-26,9000
T5656,A016,2026-03-26,9000
T5657,A017,2026-03-26,9000
T5658,A018,2026-03-26,9000
T5659,A019,2026-03-26,9000
T5660,A020,2026-03-26,9000
T5661,A021,2026-03-26,9000
T5662,A022,2026-03-26,9000
T5663,A023,2026-03-26,9000
T5664,A024,2026-03-26,9000
T5665,A025,2026-03-26,9000
T5666,A026,2026-03-26,9000
T5667,A027,2026-03-26,9000
T5668,A028,2026-03-26,9000
T5669,A029,2026-03-26,9000
T5670,A030,2026-03-26,9000
T5671,A001,2026-03-25,9000
T5672,A002,2026-03-25,9000
T5673,A003,2026-03-25,9000
T5674,A004,2026-03-25,9000
T5675,A005,2026-03-25,9000
T5676,A006,2026-03-25,9000
T5677,A007,2026-03-25,9000
T5678,A008,2026-03-25,9000
T5679,A009,2026-03-25,9000
T5680,A010,2026-03-25,9000
T5681,A011,2026-03-25,9000
T5682,A012,2026-03-25,9000
T5683,A013,2026-03-25,9000
T5684,A014,2026-03-25,9000
T5685,A015,2026-03-25,9000
T5686,A016,2026-03-25,9000
T5687,A017,2026-03-25,9000
T5688,A018,2026-03-25,9000
T5689,A019,2026-03-25,9000
T5690,A020,2026-03-25,9000
T5691,A021,2026-03-25,9000
T5692,A022,2026-03-25,9000
T5693,A023,2026-03-25,9000
T5694,A024,2026-03-25,9000
T5695,A025,2026-03-25,9000
T5696,A026,2026-03-25,9000
T5697,A027,2026-03-25,9000
T5698,A028,2026-03-25,9000
T5699,A029,2026-03-25,9000
T5700,A030,2026-03-25,9000
T5701,A001,2026-03-24,9000
T5702,A002,2026-03-24,9000
T5703,A003,2026-03-24,9000
T5704,A004,2026-03-24,9000
T5705,A005,2026-03-24,9000
T5706,A006,2026-03-24,9000
T5707,A007,2026-03-24,9000
T5708,A008,2026-03-24,9000
T5709,A009,2026-03-24,9000
T5710,A010,2026-03-24,9000
T5711,A011,2026-03-24,9000
T5712,A012,2026-03-24,9000
T5713,A013,2026-03-24,9000
T5714,A014,2026-03-24,9000
T5715,A015,2026-03-24,9000
T5716,A016,2026-03-24,9000
T5717,A017,2026-03-24,9000
T5718,A018,2026-03-24,9000
T5719,A019,2026-03-24,9000
T5720,A020,2026-03-24,9000
T5721,A021,2026-03-24,9000
T5722,A022,2026-03-24,9000
T5723,A023,2026-03-24,9000
T5724,A024,2026-03-24,9000
T5725,A025,2026-03-24,9000
T5726,A026,2026-03-24,9000
T5727,A027,2026-03-24,9000
T5728,A028,2026-03-24,9000
T5729,A029,2026-03-24,9000
T5730,A030,2026-03-24,9000
T5731,A001,2026-03-23,9000
T5732,A002,2026-03-23,9000
T5733,A003,2026-03-23,9000
T5734,A004,2026-03-23,9000
T5735,A005,2026-03-23,9000
T5736,A006,2026-03-23,9000
T5737,A007,2026-03-23,9000
T5738,A008,2026-03-23,9000
T5739,A009,2026-03-23,9000
T5740,A010,2026-03-23,9000
T5741,A011,2026-03-23,9000
T5742,A012,2026-03-23,9000
T5743,A013,2026-03-23,9000
T5744,A014,2026-03-23,9000
T5745,A015,2026-03-23,9000
T5746,A016,2026-03-23,9000
T5747,A017,2026-03-23,9000
T5748,A018,2026-03-23,9000
T5749,A019,2026-03-23,9000
T5750,A020,2026-03-23,9000
T5751,A021,2026-03-23,9000
T5752,A022,2026-03-23,9000
T5753,A023,2026-03-23,9000
T5754,A024,2026-03-23,9000
T5755,A025,2026-03-23,9000
T5756,A026,2026-03-23,9000
T5757,A027,2026-03-23,9000
T5758,A028,2026-03-23,9000
T5759,A029,2026-03-23,9000
T5760,A030,2026-03-23,9000
T5761,A001,2026-03-22,9000
T5762,A002,2026-03-22,9000
T5763,A003,2026-03-22,9000
T5764,A004,2026-03-22,9000
T5765,A005,2026-03-22,9000
T5766,A006,2026-03-22,9000
T5767,A007,2026-03-22,9000
T5768,A008,2026-03-22,9000
T5769,A009,2026-03-22,9000
T5770,A010,2026-03-22,9000
T5771,A011,2026-03-22,9000
T5772,A012,2026-03-22,9000
T5773,A013,2026-03-22,9000
T5774,A014,2026-03-22,9000
T5775,A015,2026-03-22,9000
T5776,A016,2026-03-22,9000
T5777,A017,2026-03-22,9000
T5778,A018,2026-03-22,9000
T5779,A019,2026-03-22,9000
T5780,A020,2026-03-22,9000
T5781,A021,2026-03-22,9000
T5782,A022,2026-03-22,9000
T5783,A023,2026-03-22,9000
T5784,A024,2026-03-22,9000
T5785,A025,2026-03-22,9000
T5786,A026,2026-03-22,9000
T5787,A027,2026-03-22,9000
T5788,A028,2026-03-22,9000
T5789,A029,2026-03-22,9000
T5790,A030,2026-03-22,9000
T5791,A001,2026-03-21,9000
T5792,A002,2026-03-21,9000
T5793,A003,2026-03-21,9000
T5794,A004,2026-03-21,9000
T5795,A005,2026-03-21,9000
T5796,A006,2026-03-21,9000
T5797,A007,2026-03-21,9000
T5798,A008,2026-03-21,9000
T5799,A009,2026-03-21,9000
T5800,A010,2026-03-21,9000
T5801,A011,2026-03-21,9000
T5802,A012,2026-03-21,9000
T5803,A013,2026-03-21,9000
T5804,A014,2026-03-21,9000
T5805,A015,2026-03-21,9000
T5806,A016,2026-03-21,9000
T5807,A017,2026-03-21,9000
T5808,A018,2026-03-21,9000
T5809,A019,2026-03-21,9000
T5810,A020,2026-03-21,9000
T5811,A021,2026-03-21,9000
T5812,A022,2026-03-21,9000
T5813,A023,2026-03-21,9000
T5814,A024,2026-03-21,9000
T5815,A025,2026-03-21,9000
T5816,A026,2026-03-21,9000
T5817,A027,2026-03-21,9000
T5818,A028,2026-03-21,9000
T5819,A029,2026-03-21,9000
T5820,A030,2026-03-21,9000
T5821,A001,2026-03-20,9000
T5822,A002,2026-03-20,9000
T5823,A003,2026-03-20,9000
T5824,A004,2026-03-20,9000
T5825,A005,2026-03-20,9000
T5826,A006,2026-03-20,9000
T5827,A007,2026-03-20,9000
T5828,A008,2026-03-20,9000
T5829,A009,2026-03-20,9000
T5830,A010,2026-03-20,9000
T5831,A011,2026-03-20,9000
T5832,A012,2026-03-20,9000
T5833,A013,2026-03-20,9000
T5834,A014,2026-03-20,9000
T5835,A015,2026-03-20,9000
T5836,A016,2026-03-20,9000
T5837,A017,2026-03-20,9000
T5838,A018,2026-03-20,9000
T5839,A019,2026-03-20,9000
T5840,A020,2026-03-20,9000
T5841,A021,2026-03-20,9000
T5842,A022,2026-03-20,9000
T5843,A023,2026-03-20,9000
T5844,A024,2026-03-20,9000
T5845,A025,2026-03-20,9000
T5846,A026,2026-03-20,9000
T5847,A027,2026-03-20,9000
T5848,A028,2026-03-20,9000
T5849,A029,2026-03-20,9000
T5850,A030,2026-03-20,9000
T5851,A001,2026-03-19,9000
T5852,A002,2026-03-19,9000
T5853,A003,2026-03-19,9000
T5854,A004,2026-03-19,9000
T5855,A005,2026-03-19,9000
T5856,A006,2026-03-19,9000
T5857,A007,2026-03-19,9000
T5858,A008,2026-03-19,9000
T5859,A009,2026-03-19,9000
T5860,A010,2026-03-19,9000
T5861,A011,2026-03-19,9000
T5862,A012,2026-03-19,9000
T5863,A013,2026-03-19,9000
T5864,A014,2026-03-19,9000
T5865,A015,2026-03-19,9000
T5866,A016,2026-03-19,9000
T5867,A017,2026-03-19,9000
T5868,A018,2026-03-19,9000
T5869,A019,2026-03-19,9000
T5870,A020,2026-03-19,9000
T5871,A021,2026-03-19,9000
T5872,A022,2026-03-19,9000
T5873,A023,2026-03-19,9000
T5874,A024,2026-03-19,9000
T5875,A025,2026-03-19,9000
T5876,A026,2026-03-19,9000
T5877,A027,2026-03-19,9000
T5878,A028,2026-03-19,9000
T5879,A029,2026-03-19,9000
T5880,A030,2026-03-19,9000
T5881,A001,2026-03-18,9000
T5882,A002,2026-03-18,9000
T5883,A003,2026-03-18,9000
T5884,A004,2026-03-18,9000
T5885,A005,2026-03-18,9000
T5886,A006,2026-03-18,9000
T5887,A007,2026-03-18,9000
T5888,A008,2026-03-18,9000
T5889,A009,2026-03-18,9000
T5890,A010,2026-03-18,9000
T5891,A011,2026-03-18,9000
T5892,A012,2026-03-18,9000
T5893,A013,2026-03-18,9000
T5894,A014,2026-03-18,9000
T5895,A015,2026-03-18,9000
T5896,A016,2026-03-18,9000
T5897,A017,2026-03-18,9000
T5898,A018,2026-03-18,9000
T5899,A019,2026-03-18,9000
T5900,A020,2026-03-18,9000
T5901,A021,2026-03-18,9000
T5902,A022,2026-03-18,9000
T5903,A023,2026-03-18,9000
T5904,A024,2026-03-18,9000
T5905,A025,2026-03-18,9000
T5906,A026,2026-03-18,9000
T5907,A027,2026-03-18,9000
T5908,A028,2026-03-18,9000
T5909,A029,2026-03-18,9000
T5910,A030,2026-03-18,9000
T5911,A001,2026-03-17,9000
T5912,A002,2026-03-17,9000
T5913,A003,2026-03-17,9000
T5914,A004,2026-03-17,9000
T5915,A005,2026-03-17,9000
T5916,A006,2026-03-17,9000
T5917,A007,2026-03-17,9000
T5918,A008,2026-03-17,9000
T5919,A009,2026-03-17,9000
T5920,A010,2026-03-17,9000
T5921,A011,2026-03-17,9000
T5922,A012,2026-03-17,9000
T5923,A013,2026-03-17,9000
T5924,A014,2026-03-17,9000
T5925,A015,2026-03-17,9000
T5926,A016,2026-03-17,9000
T5927,A017,2026-03-17,9000
T5928,A018,2026-03-17,9000
T5929,A019,2026-03-17,9000
T5930,A020,2026-03-17,9000
T5931,A021,2026-03-17,9000
T5932,A022,2026-03-17,9000
T5933,A023,2026-03-17,9000
T5934,A024,2026-03-17,9000
T5935,A025,2026-03-17,9000
T5936,A026,2026-03-17,9000
T5937,A027,2026-03-17,9000
T5938,A028,2026-03-17,9000
T5939,A029,2026-03-17,9000
T5940,A030,2026-03-17,9000
T5941,A001,2026-03-16,9000
T5942,A002,2026-03-16,9000
T5943,A003,2026-03-16,9000
T5944,A004,2026-03-16,9000
T5945,A005,2026-03-16,9000
T5946,A006,2026-03-16,9000
T5947,A007,2026-03-16,9000
T5948,A008,2026-03-16,9000
T5949,A009,2026-03-16,9000
T5950,A010,2026-03-16,9000
T5951,A011,2026-03-16,9000
T5952,A012,2026-03-16,9000
T5953,A013,2026-03-16,9000
T5954,A014,2026-03-16,9000
T5955,A015,2026-03-16,9000
T5956,A016,2026-03-16,9000
T5957,A017,2026-03-16,9000
T5958,A018,2026-03-16,9000
T5959,A019,2026-03-16,9000
T5960,A020,2026-03-16,9000
T5961,A021,2026-03-16,9000
T5962,A022,2026-03-16,9000
T5963,A023,2026-03-16,9000
T5964,A024,2026-03-16,9000
T5965,A025,2026-03-16,9000
T5966,A026,2026-03-16,9000
T5967,A027,2026-03-16,9000
T5968,A028,2026-03-16,9000
T5969,A029,2026-03-16,9000
T5970,A030,2026-03-16,9000
T5971,A001,2026-03-15,9000
T5972,A002,2026-03-15,9000
T5973,A003,2026-03-15,9000
T5974,A004,2026-03-15,9000
T5975,A005,2026-03-15,9000
T5976,A006,2026-03-15,9000
T5977,A007,2026-03-15,9000
T5978,A008,2026-03-15,9000
T5979,A009,2026-03-15,9000
T5980,A010,2026-03-15,9000
T5981,A011,2026-03-15,9000
T5982,A012,2026-03-15,9000
T5983,A013,2026-03-15,9000
T5984,A014,2026-03-15,9000
T5985,A015,2026-03-15,9000
T5986,A016,2026-03-15,9000
T5987,A017,2026-03-15,9000
T5988,A018,2026-03-15,9000
T5989,A019,2026-03-15,9000
T5990,A020,2026-03-15,9000
T5991,A021,2026-03-15,9000
T5992,A022,2026-03-15,9000
T5993,A023,2026-03-15,9000
T5994,A024,2026-03-15,9000
T5995,A025,2026-03-15,9000
T5996,A026,2026-03-15,9000
T5997,A027,2026-03-15,9000
T5998,A028,2026-03-15,9000
T5999,A029,2026-03-15,9000
T6000,A030,2026-03-15,9000
T6001,A001,2026-03-14,9000
T6002,A002,2026-03-14,9000
T6003,A003,2026-03-14,9000
T6004,A004,2026-03-14,9000
T6005,A005,2026-03-14,9000
T6006,A006,2026-03-14,9000
T6007,A007,2026-03-14,9000
T6008,A008,2026-03-14,9000
T6009,A009,2026-03-14,9000
T6010,A010,2026-03-14,9000
T6011,A011,2026-03-14,9000
T6012,A012,2026-03-14,9000
T6013,A013,2026-03-14,9000
T6014,A014,2026-03-14,9000
T6015,A015,2026-03-14,9000
T6016,A016,2026-03-14,9000
T6017,A017,2026-03-14,9000
T6018,A018,2026-03-14,9000
T6019,A019,2026-03-14,9000
T6020,A020,2026-03-14,9000
T6021,A021,2026-03-14,9000
T6022,A022,2026-03-14,9000
T6023,A023,2026-03-14,9000
T6024,A024,2026-03-14,9000
T6025,A025,2026-03-14,9000
T6026,A026,2026-03-14,9000
T6027,A027,2026-03-14,9000
T6028,A028,2026-03-14,9000
T6029,A029,2026-03-14,9000
T6030,A030,2026-03-14,9000
T6031,A001,2026-03-13,9000
T6032,A002,2026-03-13,9000
T6033,A003,2026-03-13,9000
T6034,A004,2026-03-13,9000
T6035,A005,2026-03-13,9000
T6036,A006,2026-03-13,9000
T6037,A007,2026-03-13,9000
T6038,A008,2026-03-13,9000
T6039,A009,2026-03-13,9000
T6040,A010,2026-03-13,9000
T6041,A011,2026-03-13,9000
T6042,A012,2026-03-13,9000
T6043,A013,2026-03-13,9000
T6044,A014,2026-03-13,9000
T6045,A015,2026-03-13,9000
T6046,A016,2026-03-13,9000
T6047,A017,2026-03-13,9000
T6048,A018,2026-03-13,9000
T6049,A019,2026-03-13,9000
T6050,A020,2026-03-13,9000
T6051,A021,2026-03-13,9000
T6052,A022,2026-03-13,9000
T6053,A023,2026-03-13,9000
T6054,A024,2026-03-13,9000
T6055,A025,2026-03-13,9000
T6056,A026,2026-03-13,9000
T6057,A027,2026-03-13,9000
T6058,A028,2026-03-13,9000
T6059,A029,2026-03-13,9000
T6060,A030,2026-03-13,9000
T6061,A001,2026-03-12,9000
T6062,A002,2026-03-12,9000
T6063,A003,2026-03-12,9000
T6064,A004,2026-03-12,9000
T6065,A005,2026-03-12,9000
T6066,A006,2026-03-12,9000
T6067,A007,2026-03-12,9000
T6068,A008,2026-03-12,9000
T6069,A009,2026-03-12,9000
T6070,A010,2026-03-12,9000
T6071,A011,2026-03-12,9000
T6072,A012,2026-03-12,9000
T6073,A013,2026-03-12,9000
T6074,A014,2026-03-12,9000
T6075,A015,2026-03-12,9000
T6076,A016,2026-03-12,9000
T6077,A017,2026-03-12,9000
T6078,A018,2026-03-12,9000
T6079,A019,2026-03-12,9000
T6080,A020,2026-03-12,9000
T6081,A021,2026-03-12,9000
T6082,A022,2026-03-12,9000
T6083,A023,2026-03-12,9000
T6084,A024,2026-03-12,9000
T6085,A025,2026-03-12,9000
T6086,A026,2026-03-12,9000
T6087,A027,2026-03-12,9000
T6088,A028,2026-03-12,9000
T6089,A029,2026-03-12,9000
T6090,A030,2026-03-12,9000
T6091,A001,2026-03-11,9000
T6092,A002,2026-03-11,9000
T6093,A003,2026-03-11,9000
T6094,A004,2026-03-11,9000
T6095,A005,2026-03-11,9000
T6096,A006,2026-03-11,9000
T6097,A007,2026-03-11,9000
T6098,A008,2026-03-11,9000
T6099,A009,2026-03-11,9000
T6100,A010,2026-03-11,9000
T6101,A011,2026-03-11,9000
T6102,A012,2026-03-11,9000
T6103,A013,2026-03-11,9000
T6104,A014,2026-03-11,9000
T6105,A015,2026-03-11,9000
T6106,A016,2026-03-11,9000
T6107,A017,2026-03-11,9000
T6108,A018,2026-03-11,9000
T6109,A019,2026-03-11,9000
T6110,A020,2026-03-11,9000
T6111,A021,2026-03-11,9000
T6112,A022,2026-03-11,9000
T6113,A023,2026-03-11,9000
T6114,A024,2026-03-11,9000
T6115,A025,2026-03-11,9000
T6116,A026,2026-03-11,9000
T6117,A027,2026-03-11,9000
T6118,A028,2026-03-11,9000
T6119,A029,2026-03-11,9000
T6120,A030,2026-03-11,9000
T6121,A001,2026-03-10,9000
T6122,A002,2026-03-10,9000
T6123,A003,2026-03-10,9000
T6124,A004,2026-03-10,9000
T6125,A005,2026-03-10,9000
T6126,A006,2026-03-10,9000
T6127,A007,2026-03-10,9000
T6128,A008,2026-03-10,9000
T6129,A009,2026-03-10,9000
T6130,A010,2026-03-10,9000
T6131,A011,2026-03-10,9000
T6132,A012,2026-03-10,9000
T6133,A013,2026-03-10,9000
T6134,A014,2026-03-10,9000
T6135,A015,2026-03-10,9000
T6136,A016,2026-03-10,9000
T6137,A017,2026-03-10,9000
T6138,A018,2026-03-10,9000
T6139,A019,2026-03-10,9000
T6140,A020,2026-03-10,9000
T6141,A021,2026-03-10,9000
T6142,A022,2026-03-10,9000
T6143,A023,2026-03-10,9000
T6144,A024,2026-03-10,9000
T6145,A025,2026-03-10,9000
T6146,A026,2026-03-10,9000
T6147,A027,2026-03-10,9000
T6148,A028,2026-03-10,9000
T6149,A029,2026-03-10,9000
T6150,A030,2026-03-10,9000
T6151,A001,2026-03-09,9000
T6152,A002,2026-03-09,9000
T6153,A003,2026-03-09,9000
T6154,A004,2026-03-09,9000
T6155,A005,2026-03-09,9000
T6156,A006,2026-03-09,9000
T6157,A007,2026-03-09,9000
T6158,A008,2026-03-09,9000
T6159,A009,2026-03-09,9000
T6160,A010,2026-03-09,9000
T6161,A011,2026-03-09,9000
T6162,A012,2026-03-09,9000
T6163,A013,2026-03-09,9000
T6164,A014,2026-03-09,9000
T6165,A015,2026-03-09,9000
T6166,A016,2026-03-09,9000
T6167,A017,2026-03-09,9000
T6168,A018,2026-03-09,9000
T6169,A019,2026-03-09,9000
T6170,A020,2026-03-09,9000
T6171,A021,2026-03-09,9000
T6172,A022,2026-03-09,9000
T6173,A023,2026-03-09,9000
T6174,A024,2026-03-09,9000
T6175,A025,2026-03-09,9000
T6176,A026,2026-03-09,9000
T6177,A027,2026-03-09,9000
T6178,A028,2026-03-09,9000
T6179,A029,2026-03-09,9000
T6180,A030,2026-03-09,9000
T6181,A001,2026-03-08,9000
T6182,A002,2026-03-08,9000
T6183,A003,2026-03-08,9000
T6184,A004,2026-03-08,9000
T6185,A005,2026-03-08,9000
T6186,A006,2026-03-08,9000
T6187,A007,2026-03-08,9000
T6188,A008,2026-03-08,9000
T6189,A009,2026-03-08,9000
T6190,A010,2026-03-08,9000
T6191,A011,2026-03-08,9000
T6192,A012,2026-03-08,9000
T6193,A013,2026-03-08,9000
T6194,A014,2026-03-08,9000
T6195,A015,2026-03-08,9000
T6196,A016,2026-03-08,9000
T6197,A017,2026-03-08,9000
T6198,A018,2026-03-08,9000
T6199,A019,2026-03-08,9000
T6200,A020,2026-03-08,9000
T6201,A021,2026-03-08,9000
T6202,A022,2026-03-08,9000
T6203,A023,2026-03-08,9000
T6204,A024,2026-03-08,9000
T6205,A025,2026-03-08,9000
T6206,A026,2026-03-08,9000
T6207,A027,2026-03-08,9000
T6208,A028,2026-03-08,9000
T6209,A029,2026-03-08,9000
T6210,A030,2026-03-08,9000
T6211,A001,2026-03-07,9000
T6212,A002,2026-03-07,9000
T6213,A003,2026-03-07,9000
T6214,A004,2026-03-07,9000
T6215,A005,2026-03-07,9000
T6216,A006,2026-03-07,9000
T6217,A007,2026-03-07,9000
T6218,A008,2026-03-07,9000
T6219,A009,2026-03-07,9000
T6220,A010,2026-03-07,9000
T6221,A011,2026-03-07,9000
T6222,A012,2026-03-07,9000
T6223,A013,2026-03-07,9000
T6224,A014,2026-03-07,9000
T6225,A015,2026-03-07,9000
T6226,A016,2026-03-07,9000
T6227,A017,2026-03-07,9000
T6228,A018,2026-03-07,9000
T6229,A019,2026-03-07,9000
T6230,A020,2026-03-07,9000
T6231,A021,2026-03-07,9000
T6232,A022,2026-03-07,9000
T6233,A023,2026-03-07,9000
T6234,A024,2026-03-07,9000
T6235,A025,2026-03-07,9000
T6236,A026,2026-03-07,9000
T6237,A027,2026-03-07,9000
T6238,A028,2026-03-07,9000
T6239,A029,2026-03-07,9000
T6240,A030,2026-03-07,9000
T6241,A001,2026-03-06,9000
T6242,A002,2026-03-06,9000
T6243,A003,2026-03-06,9000
T6244,A004,2026-03-06,9000
T6245,A005,2026-03-06,9000
T6246,A006,2026-03-06,9000
T6247,A007,2026-03-06,9000
T6248,A008,2026-03-06,9000
T6249,A009,2026-03-06,9000
T6250,A010,2026-03-06,9000
T6251,A011,2026-03-06,9000
T6252,A012,2026-03-06,9000
T6253,A013,2026-03-06,9000
T6254,A014,2026-03-06,9000
T6255,A015,2026-03-06,9000
T6256,A016,2026-03-06,9000
T6257,A017,2026-03-06,9000
T6258,A018,2026-03-06,9000
T6259,A019,2026-03-06,9000
T6260,A020,2026-03-06,9000
T6261,A021,2026-03-06,9000
T6262,A022,2026-03-06,9000
T6263,A023,2026-03-06,9000
T6264,A024,2026-03-06,9000
T6265,A025,2026-03-06,9000
T6266,A026,2026-03-06,9000
T6267,A027,2026-03-06,9000
T6268,A028,2026-03-06,9000
T6269,A029,2026-03-06,9000
T6270,A030,2026-03-06,9000
T6271,A001,2026-03-05,9000
T6272,A002,2026-03-05,9000
T6273,A003,2026-03-05,9000
T6274,A004,2026-03-05,9000
T6275,A005,2026-03-05,9000
T6276,A006,2026-03-05,9000
T6277,A007,2026-03-05,9000
T6278,A008,2026-03-05,9000
T6279,A009,2026-03-05,9000
T6280,A010,2026-03-05,9000
T6281,A011,2026-03-05,9000
T6282,A012,2026-03-05,9000
T6283,A013,2026-03-05,9000
T6284,A014,2026-03-05,9000
T6285,A015,2026-03-05,9000
T6286,A016,2026-03-05,9000
T6287,A017,2026-03-05,9000
T6288,A018,2026-03-05,9000
T6289,A019,2026-03-05,9000
T6290,A020,2026-03-05,9000
T6291,A021,2026-03-05,9000
T6292,A022,2026-03-05,9000
T6293,A023,2026-03-05,9000
T6294,A024,2026-03-05,9000
T6295,A025,2026-03-05,9000
T6296,A026,2026-03-05,9000
T6297,A027,2026-03-05,9000
T6298,A028,2026-03-05,9000
T6299,A029,2026-03-05,9000
T6300,A030,2026-03-05,9000
T6301,A001,2026-03-04,9000
T6302,A002,2026-03-04,9000
T6303,A003,2026-03-04,9000
T6304,A004,2026-03-04,9000
T6305,A005,2026-03-04,9000
T6306,A006,2026-03-04,9000
T6307,A007,2026-03-04,9000
T6308,A008,2026-03-04,9000
T6309,A009,2026-03-04,9000
T6310,A010,2026-03-04,9000
T6311,A011,2026-03-04,9000
T6312,A012,2026-03-04,9000
T6313,A013,2026-03-04,9000
T6314,A014,2026-03-04,9000
T6315,A015,2026-03-04,9000
T6316,A016,2026-03-04,9000
T6317,A017,2026-03-04,9000
T6318,A018,2026-03-04,9000
T6319,A019,2026-03-04,9000
T6320,A020,2026-03-04,9000
T6321,A021,2026-03-04,9000
T6322,A022,2026-03-04,9000
T6323,A023,2026-03-04,9000
T6324,A024,2026-03-04,9000
T6325,A025,2026-03-04,9000
T6326,A026,2026-03-04,9000
T6327,A027,2026-03-04,9000
T6328,A028,2026-03-04,9000
T6329,A029,2026-03-04,9000
T6330,A030,2026-03-04,9000
T6331,A001,2026-03-03,9000
T6332,A002,2026-03-03,9000
T6333,A003,2026-03-03,9000
T6334,A004,2026-03-03,9000
T6335,A005,2026-03-03,9000
T6336,A006,2026-03-03,9000
T6337,A007,2026-03-03,9000
T6338,A008,2026-03-03,9000
T6339,A009,2026-03-03,9000
T6340,A010,2026-03-03,9000
T6341,A011,2026-03-03,9000
T6342,A012,2026-03-03,9000
T6343,A013,2026-03-03,9000
T6344,A014,2026-03-03,9000
T6345,A015,2026-03-03,9000
T6346,A016,2026-03-03,9000
T6347,A017,2026-03-03,9000
T6348,A018,2026-03-03,9000
T6349,A019,2026-03-03,9000
T6350,A020,2026-03-03,9000
T6351,A021,2026-03-03,9000
T6352,A022,2026-03-03,9000
T6353,A023,2026-03-03,9000
T6354,A024,2026-03-03,9000
T6355,A025,2026-03-03,9000
T6356,A026,2026-03-03,9000
T6357,A027,2026-03-03,9000
T6358,A028,2026-03-03,9000
T6359,A029,2026-03-03,9000
T6360,A030,2026-03-03,9000
T6361,A001,2026-03-02,9000
T6362,A002,2026-03-02,9000
T6363,A003,2026-03-02,9000
T6364,A004,2026-03-02,9000
T6365,A005,2026-03-02,9000
T6366,A006,2026-03-02,9000
T6367,A007,2026-03-02,9000
T6368,A008,2026-03-02,9000
T6369,A009,2026-03-02,9000
T6370,A010,2026-03-02,9000
T6371,A011,2026-03-02,9000
T6372,A012,2026-03-02,9000
T6373,A013,2026-03-02,9000
T6374,A014,2026-03-02,9000
T6375,A015,2026-03-02,9000
T6376,A016,2026-03-02,9000
T6377,A017,2026-03-02,9000
T6378,A018,2026-03-02,9000
T6379,A019,2026-03-02,9000
T6380,A020,2026-03-02,9000
T6381,A021,2026-03-02,9000
T6382,A022,2026-03-02,9000
T6383,A023,2026-03-02,9000
T6384,A024,2026-03-02,9000
T6385,A025,2026-03-02,9000
T6386,A026,2026-03-02,9000
T6387,A027,2026-03-02,9000
T6388,A028,2026-03-02,9000
T6389,A029,2026-03-02,9000
T6390,A030,2026-03-02,9000
T6391,A001,2026-03-01,9000
T6392,A002,2026-03-01,9000
T6393,A003,2026-03-01,9000
T6394,A004,2026-03-01,9000
T6395,A005,2026-03-01,9000
T6396,A006,2026-03-01,9000
T6397,A007,2026-03-01,9000
T6398,A008,2026-03-01,9000
T6399,A009,2026-03-01,9000
T6400,A010,2026-03-01,9000
T6401,A011,2026-03-01,9000
T6402,A012,2026-03-01,9000
T6403,A013,2026-03-01,9000
T6404,A014,2026-03-01,9000
T6405,A015,2026-03-01,9000
T6406,A016,2026-03-01,9000
T6407,A017,2026-03-01,9000
T6408,A018,2026-03-01,9000
T6409,A019,2026-03-01,9000
T6410,A020,2026-03-01,9000
T6411,A021,2026-03-01,9000
T6412,A022,2026-03-01,9000
T6413,A023,2026-03-01,9000
T6414,A024,2026-03-01,9000
T6415,A025,2026-03-01,9000
T6416,A026,2026-03-01,9000
T6417,A027,2026-03-01,9000
T6418,A028,2026-03-01,9000
T6419,A029,2026-03-01,9000
T6420,A030,2026-03-01,9000
T6421,A001,2026-02-28,9000
T6422,A002,2026-02-28,9000
T6423,A003,2026-02-28,9000
T6424,A004,2026-02-28,9000
T6425,A005,2026-02-28,9000
T6426,A006,2026-02-28,9000
T6427,A007,2026-02-28,9000
T6428,A008,2026-02-28,9000
T6429,A009,2026-02-28,9000
T6430,A010,2026-02-28,9000
T6431,A011,2026-02-28,9000
T6432,A012,2026-02-28,9000
T6433,A013,2026-02-28,9000
T6434,A014,2026-02-28,9000
T6435,A015,2026-02-28,9000
T6436,A016,2026-02-28,9000
T6437,A017,2026-02-28,9000
T6438,A018,2026-02-28,9000
T6439,A019,2026-02-28,9000
T6440,A020,2026-02-28,9000
T6441,A021,2026-02-28,9000
T6442,A022,2026-02-28,9000
T6443,A023,2026-02-28,9000
T6444,A024,2026-02-28,9000
T6445,A025,2026-02-28,9000
T6446,A026,2026-02-28,9000
T6447,A027,2026-02-28,9000
T6448,A028,2026-02-28,9000
T6449,A029,2026-02-28,9000
T6450,A030,2026-02-28,9000
T6451,A001,2026-02-27,9000
T6452,A002,2026-02-27,9000
T6453,A003,2026-02-27,9000
T6454,A004,2026-02-27,9000
T6455,A005,2026-02-27,9000
T6456,A006,2026-02-27,9000
T6457,A007,2026-02-27,9000
T6458,A008,2026-02-27,9000
T6459,A009,2026-02-27,9000
T6460,A010,2026-02-27,9000
T6461,A011,2026-02-27,9000
T6462,A012,2026-02-27,9000
T6463,A013,2026-02-27,9000
T6464,A014,2026-02-27,9000
T6465,A015,2026-02-27,9000
T6466,A016,2026-02-27,9000
T6467,A017,2026-02-27,9000
T6468,A018,2026-02-27,9000
T6469,A019,2026-02-27,9000
T6470,A020,2026-02-27,9000
T6471,A021,2026-02-27,9000
T6472,A022,2026-02-27,9000
T6473,A023,2026-02-27,9000
T6474,A024,2026-02-27,9000
T6475,A025,2026-02-27,9000
T6476,A026,2026-02-27,9000
T6477,A027,2026-02-27,9000
T6478,A028,2026-02-27,9000
T6479,A029,2026-02-27,9000
T6480,A030,2026-02-27,9000
T6481,A001,2026-02-26,9000
T6482,A002,2026-02-26,9000
T6483,A003,2026-02-26,9000
T6484,A004,2026-02-26,9000
T6485,A005,2026-02-26,9000
T6486,A006,2026-02-26,9000
T6487,A007,2026-02-26,9000
T6488,A008,2026-02-26,9000
T6489,A009,2026-02-26,9000
T6490,A010,2026-02-26,9000
T6491,A011,2026-02-26,9000
T6492,A012,2026-02-26,9000
T6493,A013,2026-02-26,9000
T6494,A014,2026-02-26,9000
T6495,A015,2026-02-26,9000
T6496,A016,2026-02-26,9000
T6497,A017,2026-02-26,9000
T6498,A018,2026-02-26,9000
T6499,A019,2026-02-26,9000
T6500,A020,2026-02-26,9000
T6501,A021,2026-02-26,9000
T6502,A022,2026-02-26,9000
T6503,A023,2026-02-26,9000
T6504,A024,2026-02-26,9000
T6505,A025,2026-02-26,9000
T6506,A026,2026-02-26,9000
T6507,A027,2026-02-26,9000
T6508,A028,2026-02-26,9000
T6509,A029,2026-02-26,9000
T6510,A030,2026-02-26,9000
T6511,A001,2026-02-25,9000
T6512,A002,2026-02-25,9000
T6513,A003,2026-02-25,9000
T6514,A004,2026-02-25,9000
T6515,A005,2026-02-25,9000
T6516,A006,2026-02-25,9000
T6517,A007,2026-02-25,9000
T6518,A008,2026-02-25,9000
T6519,A009,2026-02-25,9000
T6520,A010,2026-02-25,9000
T6521,A011,2026-02-25,9000
T6522,A012,2026-02-25,9000
T6523,A013,2026-02-25,9000
T6524,A014,2026-02-25,9000
T6525,A015,2026-02-25,9000
T6526,A016,2026-02-25,9000
T6527,A017,2026-02-25,9000
T6528,A018,2026-02-25,9000
T6529,A019,2026-02-25,9000
T6530,A020,2026-02-25,9000
T6531,A021,2026-02-25,9000
T6532,A022,2026-02-25,9000
T6533,A023,2026-02-25,9000
T6534,A024,2026-02-25,9000
T6535,A025,2026-02-25,9000
T6536,A026,2026-02-25,9000
T6537,A027,2026-02-25,9000
T6538,A028,2026-02-25,9000
T6539,A029,2026-02-25,9000
T6540,A030,2026-02-25,9000
T6541,A001,2026-02-24,9000
T6542,A002,2026-02-24,9000
T6543,A003,2026-02-24,9000
T6544,A004,2026-02-24,9000
T6545,A005,2026-02-24,9000
T6546,A006,2026-02-24,9000
T6547,A007,2026-02-24,9000
T6548,A008,2026-02-24,9000
T6549,A009,2026-02-24,9000
T6550,A010,2026-02-24,9000
T6551,A011,2026-02-24,9000
T6552,A012,2026-02-24,9000
T6553,A013,2026-02-24,9000
T6554,A014,2026-02-24,9000
T6555,A015,2026-02-24,9000
T6556,A016,2026-02-24,9000
T6557,A017,2026-02-24,9000
T6558,A018,2026-02-24,9000
T6559,A019,2026-02-24,9000
T6560,A020,2026-02-24,9000
T6561,A021,2026-02-24,9000
T6562,A022,2026-02-24,9000
T6563,A023,2026-02-24,9000
T6564,A024,2026-02-24,9000
T6565,A025,2026-02-24,9000
T6566,A026,2026-02-24,9000
T6567,A027,2026-02-24,9000
T6568,A028,2026-02-24,9000
T6569,A029,2026-02-24,9000
T6570,A030,2026-02-24,9000
T6571,A001,2026-02-23,9000
T6572,A002,2026-02-23,9000
T6573,A003,2026-02-23,9000
T6574,A004,2026-02-23,9000
T6575,A005,2026-02-23,9000
T6576,A006,2026-02-23,9000
T6577,A007,2026-02-23,9000
T6578,A008,2026-02-23,9000
T6579,A009,2026-02-23,9000
T6580,A010,2026-02-23,9000
T6581,A011,2026-02-23,9000
T6582,A012,2026-02-23,9000
T6583,A013,2026-02-23,9000
T6584,A014,2026-02-23,9000
T6585,A015,2026-02-23,9000
T6586,A016,2026-02-23,9000
T6587,A017,2026-02-23,9000
T6588,A018,2026-02-23,9000
T6589,A019,2026-02-23,9000
T6590,A020,2026-02-23,9000
T6591,A021,2026-02-23,9000
T6592,A022,2026-02-23,9000
T6593,A023,2026-02-23,9000
T6594,A024,2026-02-23,9000
T6595,A025,2026-02-23,9000
T6596,A026,2026-02-23,9000
T6597,A027,2026-02-23,9000
T6598,A028,2026-02-23,9000
T6599,A029,2026-02-23,9000
T6600,A030,2026-02-23,9000
T6601,A001,2026-02-22,9000
T6602,A002,2026-02-22,9000
T6603,A003,2026-02-22,9000
T6604,A004,2026-02-22,9000
T6605,A005,2026-02-22,9000
T6606,A006,2026-02-22,9000
T6607,A007,2026-02-22,9000
T6608,A008,2026-02-22,9000
T6609,A009,2026-02-22,9000
T6610,A010,2026-02-22,9000
T6611,A011,2026-02-22,9000
T6612,A012,2026-02-22,9000
T6613,A013,2026-02-22,9000
T6614,A014,2026-02-22,9000
T6615,A015,2026-02-22,9000
T6616,A016,2026-02-22,9000
T6617,A017,2026-02-22,9000
T6618,A018,2026-02-22,9000
T6619,A019,2026-02-22,9000
T6620,A020,2026-02-22,9000
T6621,A021,2026-02-22,9000
T6622,A022,2026-02-22,9000
T6623,A023,2026-02-22,9000
T6624,A024,2026-02-22,9000
T6625,A025,2026-02-22,9000
T6626,A026,2026-02-22,9000
T6627,A027,2026-02-22,9000
T6628,A028,2026-02-22,9000
T6629,A029,2026-02-22,9000
T6630,A030,2026-02-22,9000
T6631,A001,2026-02-21,9000
T6632,A002,2026-02-21,9000
T6633,A003,2026-02-21,9000
T6634,A004,2026-02-21,9000
T6635,A005,2026-02-21,9000
T6636,A006,2026-02-21,9000
T6637,A007,2026-02-21,9000
T6638,A008,2026-02-21,9000
T6639,A009,2026-02-21,9000
T6640,A010,2026-02-21,9000
T6641,A011,2026-02-21,9000
T6642,A012,2026-02-21,9000
T6643,A013,2026-02-21,9000
T6644,A014,2026-02-21,9000
T6645,A015,2026-02-21,9000
T6646,A016,2026-02-21,9000
T6647,A017,2026-02-21,9000
T6648,A018,2026-02-21,9000
T6649,A019,2026-02-21,9000
T6650,A020,2026-02-21,9000
T6651,A021,2026-02-21,9000
T6652,A022,2026-02-21,9000
T6653,A023,2026-02-21,9000
T6654,A024,2026-02-21,9000
T6655,A025,2026-02-21,9000
T6656,A026,2026-02-21,9000
T6657,A027,2026-02-21,9000
T6658,A028,2026-02-21,9000
T6659,A029,2026-02-21,9000
T6660,A030,2026-02-21,9000
T6661,A001,2026-02-20,9000
T6662,A002,2026-02-20,9000
T6663,A003,2026-02-20,9000
T6664,A004,2026-02-20,9000
T6665,A005,2026-02-20,9000
T6666,A006,2026-02-20,9000
T6667,A007,2026-02-20,9000
T6668,A008,2026-02-20,9000
T6669,A009,2026-02-20,9000
T6670,A010,2026-02-20,9000
T6671,A011,2026-02-20,9000
T6672,A012,2026-02-20,9000
T6673,A013,2026-02-20,9000
T6674,A014,2026-02-20,9000
T6675,A015,2026-02-20,9000
T6676,A016,2026-02-20,9000
T6677,A017,2026-02-20,9000
T6678,A018,2026-02-20,9000
T6679,A019,2026-02-20,9000
T6680,A020,2026-02-20,9000
T6681,A021,2026-02-20,9000
T6682,A022,2026-02-20,9000
T6683,A023,2026-02-20,9000
T6684,A024,2026-02-20,9000
T6685,A025,2026-02-20,9000
T6686,A026,2026-02-20,9000
T6687,A027,2026-02-20,9000
T6688,A028,2026-02-20,9000
T6689,A029,2026-02-20,9000
T6690,A030,2026-02-20,9000
T6691,A001,2026-02-19,9000
T6692,A002,2026-02-19,9000
T6693,A003,2026-02-19,9000
T6694,A004,2026-02-19,9000
T6695,A005,2026-02-19,9000
T6696,A006,2026-02-19,9000
T6697,A007,2026-02-19,9000
T6698,A008,2026-02-19,9000
T6699,A009,2026-02-19,9000
T6700,A010,2026-02-19,9000
T6701,A011,2026-02-19,9000
T6702,A012,2026-02-19,9000
T6703,A013,2026-02-19,9000
T6704,A014,2026-02-19,9000
T6705,A015,2026-02-19,9000
T6706,A016,2026-02-19,9000
T6707,A017,2026-02-19,9000
T6708,A018,2026-02-19,9000
T6709,A019,2026-02-19,9000
T6710,A020,2026-02-19,9000
T6711,A021,2026-02-19,9000
T6712,A022,2026-02-19,9000
T6713,A023,2026-02-19,9000
T6714,A024,2026-02-19,9000
T6715,A025,2026-02-19,9000
T6716,A026,2026-02-19,9000
T6717,A027,2026-02-19,9000
T6718,A028,2026-02-19,9000
T6719,A029,2026-02-19,9000
T6720,A030,2026-02-19,9000
T6721,A001,2026-02-18,9000
T6722,A002,2026-02-18,9000
T6723,A003,2026-02-18,9000
T6724,A004,2026-02-18,9000
T6725,A005,2026-02-18,9000
T6726,A006,2026-02-18,9000
T6727,A007,2026-02-18,9000
T6728,A008,2026-02-18,9000
T6729,A009,2026-02-18,9000
T6730,A010,2026-02-18,9000
T6731,A011,2026-02-18,9000
T6732,A012,2026-02-18,9000
T6733,A013,2026-02-18,9000
T6734,A014,2026-02-18,9000
T6735,A015,2026-02-18,9000
T6736,A016,2026-02-18,9000
T6737,A017,2026-02-18,9000
T6738,A018,2026-02-18,9000
T6739,A019,2026-02-18,9000
T6740,A020,2026-02-18,9000
T6741,A021,2026-02-18,9000
T6742,A022,2026-02-18,9000
T6743,A023,2026-02-18,9000
T6744,A024,2026-02-18,9000
T6745,A025,2026-02-18,9000
T6746,A026,2026-02-18,9000
T6747,A027,2026-02-18,9000
T6748,A028,2026-02-18,9000
T6749,A029,2026-02-18,9000
T6750,A030,2026-02-18,9000
T6751,A001,2026-02-17,9000
T6752,A002,2026-02-17,9000
T6753,A003,2026-02-17,9000
T6754,A004,2026-02-17,9000
T6755,A005,2026-02-17,9000
T6756,A006,2026-02-17,9000
T6757,A007,2026-02-17,9000
T6758,A008,2026-02-17,9000
T6759,A009,2026-02-17,9000
T6760,A010,2026-02-17,9000
T6761,A011,2026-02-17,9000
T6762,A012,2026-02-17,9000
T6763,A013,2026-02-17,9000
T6764,A014,2026-02-17,9000
T6765,A015,2026-02-17,9000
T6766,A016,2026-02-17,9000
T6767,A017,2026-02-17,9000
T6768,A018,2026-02-17,9000
T6769,A019,2026-02-17,9000
T6770,A020,2026-02-17,9000
T6771,A021,2026-02-17,9000
T6772,A022,2026-02-17,9000
T6773,A023,2026-02-17,9000
T6774,A024,2026-02-17,9000
T6775,A025,2026-02-17,9000
T6776,A026,2026-02-17,9000
T6777,A027,2026-02-17,9000
T6778,A028,2026-02-17,9000
T6779,A029,2026-02-17,9000
T6780,A030,2026-02-17,9000
T6781,A001,2026-02-16,9000
T6782,A002,2026-02-16,9000
T6783,A003,2026-02-16,9000
T6784,A004,2026-02-16,9000
T6785,A005,2026-02-16,9000
T6786,A006,2026-02-16,9000
T6787,A007,2026-02-16,9000
T6788,A008,2026-02-16,9000
T6789,A009,2026-02-16,9000
T6790,A010,2026-02-16,9000
T6791,A011,2026-02-16,9000
T6792,A012,2026-02-16,9000
T6793,A013,2026-02-16,9000
T6794,A014,2026-02-16,9000
T6795,A015,2026-02-16,9000
T6796,A016,2026-02-16,9000
T6797,A017,2026-02-16,9000
T6798,A018,2026-02-16,9000
T6799,A019,2026-02-16,9000
T6800,A020,2026-02-16,9000
T6801,A021,2026-02-16,9000
T6802,A022,2026-02-16,9000
T6803,A023,2026-02-16,9000
T6804,A024,2026-02-16,9000
T6805,A025,2026-02-16,9000
T6806,A026,2026-02-16,9000
T6807,A027,2026-02-16,9000
T6808,A028,2026-02-16,9000
T6809,A029,2026-02-16,9000
T6810,A030,2026-02-16,9000
T6811,A001,2026-02-15,9000
T6812,A002,2026-02-15,9000
T6813,A003,2026-02-15,9000
T6814,A004,2026-02-15,9000
T6815,A005,2026-02-15,9000
T6816,A006,2026-02-15,9000
T6817,A007,2026-02-15,9000
T6818,A008,2026-02-15,9000
T6819,A009,2026-02-15,9000
T6820,A010,2026-02-15,9000
T6821,A011,2026-02-15,9000
T6822,A012,2026-02-15,9000
T6823,A013,2026-02-15,9000
T6824,A014,2026-02-15,9000
T6825,A015,2026-02-15,9000
T6826,A016,2026-02-15,9000
T6827,A017,2026-02-15,9000
T6828,A018,2026-02-15,9000
T6829,A019,2026-02-15,9000
T6830,A020,2026-02-15,9000
T6831,A021,2026-02-15,9000
T6832,A022,2026-02-15,9000
T6833,A023,2026-02-15,9000
T6834,A024,2026-02-15,9000
T6835,A025,2026-02-15,9000
T6836,A026,2026-02-15,9000
T6837,A027,2026-02-15,9000
T6838,A028,2026-02-15,9000
T6839,A029,2026-02-15,9000
T6840,A030,2026-02-15,9000
T6841,A001,2026-02-14,9000
T6842,A002,2026-02-14,9000
T6843,A003,2026-02-14,9000
T6844,A004,2026-02-14,9000
T6845,A005,2026-02-14,9000
T6846,A006,2026-02-14,9000
T6847,A007,2026-02-14,9000
T6848,A008,2026-02-14,9000
T6849,A009,2026-02-14,9000
T6850,A010,2026-02-14,9000
T6851,A011,2026-02-14,9000
T6852,A012,2026-02-14,9000
T6853,A013,2026-02-14,9000
T6854,A014,2026-02-14,9000
T6855,A015,2026-02-14,9000
T6856,A016,2026-02-14,9000
T6857,A017,2026-02-14,9000
T6858,A018,2026-02-14,9000
T6859,A019,2026-02-14,9000
T6860,A020,2026-02-14,9000
T6861,A021,2026-02-14,9000
T6862,A022,2026-02-14,9000
T6863,A023,2026-02-14,9000
T6864,A024,2026-02-14,9000
T6865,A025,2026-02-14,9000
T6866,A026,2026-02-14,9000
T6867,A027,2026-02-14,9000
T6868,A028,2026-02-14,9000
T6869,A029,2026-02-14,9000
T6870,A030,2026-02-14,9000
T6871,A001,2026-02-13,9000
T6872,A002,2026-02-13,9000
T6873,A003,2026-02-13,9000
T6874,A004,2026-02-13,9000
T6875,A005,2026-02-13,9000
T6876,A006,2026-02-13,9000
T6877,A007,2026-02-13,9000
T6878,A008,2026-02-13,9000
T6879,A009,2026-02-13,9000
T6880,A010,2026-02-13,9000
T6881,A011,2026-02-13,9000
T6882,A012,2026-02-13,9000
T6883,A013,2026-02-13,9000
T6884,A014,2026-02-13,9000
T6885,A015,2026-02-13,9000
T6886,A016,2026-02-13,9000
T6887,A017,2026-02-13,9000
T6888,A018,2026-02-13,9000
T6889,A019,2026-02-13,9000
T6890,A020,2026-02-13,9000
T6891,A021,2026-02-13,9000
T6892,A022,2026-02-13,9000
T6893,A023,2026-02-13,9000
T6894,A024,2026-02-13,9000
T6895,A025,2026-02-13,9000
T6896,A026,2026-02-13,9000
T6897,A027,2026-02-13,9000
T6898,A028,2026-02-13,9000
T6899,A029,2026-02-13,9000
T6900,A030,2026-02-13,9000
T6901,A001,2026-02-12,9000
T6902,A002,2026-02-12,9000
T6903,A003,2026-02-12,9000
T6904,A004,2026-02-12,9000
T6905,A005,2026-02-12,9000
T6906,A006,2026-02-12,9000
T6907,A007,2026-02-12,9000
T6908,A008,2026-02-12,9000
T6909,A009,2026-02-12,9000
T6910,A010,2026-02-12,9000
T6911,A011,2026-02-12,9000
T6912,A012,2026-02-12,9000
T6913,A013,2026-02-12,9000
T6914,A014,2026-02-12,9000
T6915,A015,2026-02-12,9000
T6916,A016,2026-02-12,9000
T6917,A017,2026-02-12,9000
T6918,A018,2026-02-12,9000
T6919,A019,2026-02-12,9000
T6920,A020,2026-02-12,9000
T6921,A021,2026-02-12,9000
T6922,A022,2026-02-12,9000
T6923,A023,2026-02-12,9000
T6924,A024,2026-02-12,9000
T6925,A025,2026-02-12,9000
T6926,A026,2026-02-12,9000
T6927,A027,2026-02-12,9000
T6928,A028,2026-02-12,9000
T6929,A029,2026-02-12,9000
T6930,A030,2026-02-12,9000
T6931,A001,2026-02-11,9000
T6932,A002,2026-02-11,9000
T6933,A003,2026-02-11,9000
T6934,A004,2026-02-11,9000
T6935,A005,2026-02-11,9000
T6936,A006,2026-02-11,9000
T6937,A007,2026-02-11,9000
T6938,A008,2026-02-11,9000
T6939,A009,2026-02-11,9000
T6940,A010,2026-02-11,9000
T6941,A011,2026-02-11,9000
T6942,A012,2026-02-11,9000
T6943,A013,2026-02-11,9000
T6944,A014,2026-02-11,9000
T6945,A015,2026-02-11,9000
T6946,A016,2026-02-11,9000
T6947,A017,2026-02-11,9000
T6948,A018,2026-02-11,9000
T6949,A019,2026-02-11,9000
T6950,A020,2026-02-11,9000
T6951,A021,2026-02-11,9000
T6952,A022,2026-02-11,9000
T6953,A023,2026-02-11,9000
T6954,A024,2026-02-11,9000
T6955,A025,2026-02-11,9000
T6956,A026,2026-02-11,9000
T6957,A027,2026-02-11,9000
T6958,A028,2026-02-11,9000
T6959,A029,2026-02-11,9000
T6960,A030,2026-02-11,9000
T6961,A001,2026-02-10,9000
T6962,A002,2026-02-10,9000
T6963,A003,2026-02-10,9000
T6964,A004,2026-02-10,9000
T6965,A005,2026-02-10,9000
T6966,A006,2026-02-10,9000
T6967,A007,2026-02-10,9000
T6968,A008,2026-02-10,9000
T6969,A009,2026-02-10,9000
T6970,A010,2026-02-10,9000
T6971,A011,2026-02-10,9000
T6972,A012,2026-02-10,9000
T6973,A013,2026-02-10,9000
T6974,A014,2026-02-10,9000
T6975,A015,2026-02-10,9000
T6976,A016,2026-02-10,9000
T6977,A017,2026-02-10,9000
T6978,A018,2026-02-10,9000
T6979,A019,2026-02-10,9000
T6980,A020,2026-02-10,9000
T6981,A021,2026-02-10,9000
T6982,A022,2026-02-10,9000
T6983,A023,2026-02-10,9000
T6984,A024,2026-02-10,9000
T6985,A025,2026-02-10,9000
T6986,A026,2026-02-10,9000
T6987,A027,2026-02-10,9000
T6988,A028,2026-02-10,9000
T6989,A029,2026-02-10,9000
T6990,A030,2026-02-10,9000
T6991,A001,2026-02-09,9000
T6992,A002,2026-02-09,9000
T6993,A003,2026-02-09,9000
T6994,A004,2026-02-09,9000
T6995,A005,2026-02-09,9000
T6996,A006,2026-02-09,9000
T6997,A007,2026-02-09,9000
T6998,A008,2026-02-09,9000
T6999,A009,2026-02-09,9000
T7000,A010,2026-02-09,9000
T7001,A011,2026-02-09,9000
T7002,A012,2026-02-09,9000
T7003,A013,2026-02-09,9000
T7004,A014,2026-02-09,9000
T7005,A015,2026-02-09,9000
T7006,A016,2026-02-09,9000
T7007,A017,2026-02-09,9000
T7008,A018,2026-02-09,9000
T7009,A019,2026-02-09,9000
T7010,A020,2026-02-09,9000
T7011,A021,2026-02-09,9000
T7012,A022,2026-02-09,9000
T7013,A023,2026-02-09,9000
T7014,A024,2026-02-09,9000
T7015,A025,2026-02-09,9000
T7016,A026,2026-02-09,9000
T7017,A027,2026-02-09,9000
T7018,A028,2026-02-09,9000
T7019,A029,2026-02-09,9000
T7020,A030,2026-02-09,9000
T7021,A001,2026-02-08,9000
T7022,A002,2026-02-08,9000
T7023,A003,2026-02-08,9000
T7024,A004,2026-02-08,9000
T7025,A005,2026-02-08,9000
T7026,A006,2026-02-08,9000
T7027,A007,2026-02-08,9000
T7028,A008,2026-02-08,9000
T7029,A009,2026-02-08,9000
T7030,A010,2026-02-08,9000
T7031,A011,2026-02-08,9000
T7032,A012,2026-02-08,9000
T7033,A013,2026-02-08,9000
T7034,A014,2026-02-08,9000
T7035,A015,2026-02-08,9000
T7036,A016,2026-02-08,9000
T7037,A017,2026-02-08,9000
T7038,A018,2026-02-08,9000
T7039,A019,2026-02-08,9000
T7040,A020,2026-02-08,9000
T7041,A021,2026-02-08,9000
T7042,A022,2026-02-08,9000
T7043,A023,2026-02-08,9000
T7044,A024,2026-02-08,9000
T7045,A025,2026-02-08,9000
T7046,A026,2026-02-08,9000
T7047,A027,2026-02-08,9000
T7048,A028,2026-02-08,9000
T7049,A029,2026-02-08,9000
T7050,A030,2026-02-08,9000
T7051,A001,2026-02-07,9000
T7052,A002,2026-02-07,9000
T7053,A003,2026-02-07,9000
T7054,A004,2026-02-07,9000
T7055,A005,2026-02-07,9000
T7056,A006,2026-02-07,9000
T7057,A007,2026-02-07,9000
T7058,A008,2026-02-07,9000
T7059,A009,2026-02-07,9000
T7060,A010,2026-02-07,9000
T7061,A011,2026-02-07,9000
T7062,A012,2026-02-07,9000
T7063,A013,2026-02-07,9000
T7064,A014,2026-02-07,9000
T7065,A015,2026-02-07,9000
T7066,A016,2026-02-07,9000
T7067,A017,2026-02-07,9000
T7068,A018,2026-02-07,9000
T7069,A019,2026-02-07,9000
T7070,A020,2026-02-07,9000
T7071,A021,2026-02-07,9000
T7072,A022,2026-02-07,9000
T7073,A023,2026-02-07,9000
T7074,A024,2026-02-07,9000
T7075,A025,2026-02-07,9000
T7076,A026,2026-02-07,9000
T7077,A027,2026-02-07,9000
T7078,A028,2026-02-07,9000
T7079,A029,2026-02-07,9000
T7080,A030,2026-02-07,9000
T7081,A001,2026-02-06,9000
T7082,A002,2026-02-06,9000
T7083,A003,2026-02-06,9000
T7084,A004,2026-02-06,9000
T7085,A005,2026-02-06,9000
T7086,A006,2026-02-06,9000
T7087,A007,2026-02-06,9000
T7088,A008,2026-02-06,9000
T7089,A009,2026-02-06,9000
T7090,A010,2026-02-06,9000
T7091,A011,2026-02-06,9000
T7092,A012,2026-02-06,9000
T7093,A013,2026-02-06,9000
T7094,A014,2026-02-06,9000
T7095,A015,2026-02-06,9000
T7096,A016,2026-02-06,9000
T7097,A017,2026-02-06,9000
T7098,A018,2026-02-06,9000
T7099,A019,2026-02-06,9000
T7100,A020,2026-02-06,9000
T7101,A021,2026-02-06,9000
T7102,A022,2026-02-06,9000
T7103,A023,2026-02-06,9000
T7104,A024,2026-02-06,9000
T7105,A025,2026-02-06,9000
T7106,A026,2026-02-06,9000
T7107,A027,2026-02-06,9000
T7108,A028,2026-02-06,9000
T7109,A029,2026-02-06,9000
T7110,A030,2026-02-06,9000
T7111,A001,2026-02-05,9000
T7112,A002,2026-02-05,9000
T7113,A003,2026-02-05,9000
T7114,A004,2026-02-05,9000
T7115,A005,2026-02-05,9000
T7116,A006,2026-02-05,9000
T7117,A007,2026-02-05,9000
T7118,A008,2026-02-05,9000
T7119,A009,2026-02-05,9000
T7120,A010,2026-02-05,9000
T7121,A011,2026-02-05,9000
T7122,A012,2026-02-05,9000
T7123,A013,2026-02-05,9000
T7124,A014,2026-02-05,9000
T7125,A015,2026-02-05,9000
T7126,A016,2026-02-05,9000
T7127,A017,2026-02-05,9000
T7128,A018,2026-02-05,9000
T7129,A019,2026-02-05,9000
T7130,A020,2026-02-05,9000
T7131,A021,2026-02-05,9000
T7132,A022,2026-02-05,9000
T7133,A023,2026-02-05,9000
T7134,A024,2026-02-05,9000
T7135,A025,2026-02-05,9000
T7136,A026,2026-02-05,9000
T7137,A027,2026-02-05,9000
T7138,A028,2026-02-05,9000
T7139,A029,2026-02-05,9000
T7140,A030,2026-02-05,9000
T7141,A001,2026-02-04,9000
T7142,A002,2026-02-04,9000
T7143,A003,2026-02-04,9000
T7144,A004,2026-02-04,9000
T7145,A005,2026-02-04,9000
T7146,A006,2026-02-04,9000
T7147,A007,2026-02-04,9000
T7148,A008,2026-02-04,9000
T7149,A009,2026-02-04,9000
T7150,A010,2026-02-04,9000
T7151,A011,2026-02-04,9000
T7152,A012,2026-02-04,9000
T7153,A013,2026-02-04,9000
T7154,A014,2026-02-04,9000
T7155,A015,2026-02-04,9000
T7156,A016,2026-02-04,9000
T7157,A017,2026-02-04,9000
T7158,A018,2026-02-04,9000
T7159,A019,2026-02-04,9000
T7160,A020,2026-02-04,9000
T7161,A021,2026-02-04,9000
T7162,A022,2026-02-04,9000
T7163,A023,2026-02-04,9000
T7164,A024,2026-02-04,9000
T7165,A025,2026-02-04,9000
T7166,A026,2026-02-04,9000
T7167,A027,2026-02-04,9000
T7168,A028,2026-02-04,9000
T7169,A029,2026-02-04,9000
T7170,A030,2026-02-04,9000
T7171,A001,2026-02-03,9000
T7172,A002,2026-02-03,9000
T7173,A003,2026-02-03,9000
T7174,A004,2026-02-03,9000
T7175,A005,2026-02-03,9000
T7176,A006,2026-02-03,9000
T7177,A007,2026-02-03,9000
T7178,A008,2026-02-03,9000
T7179,A009,2026-02-03,9000
T7180,A010,2026-02-03,9000
T7181,A011,2026-02-03,9000
T7182,A012,2026-02-03,9000
T7183,A013,2026-02-03,9000
T7184,A014,2026-02-03,9000
T7185,A015,2026-02-03,9000
T7186,A016,2026-02-03,9000
T7187,A017,2026-02-03,9000
T7188,A018,2026-02-03,9000
T7189,A019,2026-02-03,9000
T7190,A020,2026-02-03,9000
T7191,A021,2026-02-03,9000
T7192,A022,2026-02-03,9000
T7193,A023,2026-02-03,9000
T7194,A024,2026-02-03,9000
T7195,A025,2026-02-03,9000
T7196,A026,2026-02-03,9000
T7197,A027,2026-02-03,9000
T7198,A028,2026-02-03,9000
T7199,A029,2026-02-03,9000
T7200,A030,2026-02-03,9000
T7201,A001,2026-02-02,9000
T7202,A002,2026-02-02,9000
T7203,A003,2026-02-02,9000
T7204,A004,2026-02-02,9000
T7205,A005,2026-02-02,9000
T7206,A006,2026-02-02,9000
T7207,A007,2026-02-02,9000
T7208,A008,2026-02-02,9000
T7209,A009,2026-02-02,9000
T7210,A010,2026-02-02,9000
T7211,A011,2026-02-02,9000
T7212,A012,2026-02-02,9000
T7213,A013,2026-02-02,9000
T7214,A014,2026-02-02,9000
T7215,A015,2026-02-02,9000
T7216,A016,2026-02-02,9000
T7217,A017,2026-02-02,9000
T7218,A018,2026-02-02,9000
T7219,A019,2026-02-02,9000
T7220,A020,2026-02-02,9000
T7221,A021,2026-02-02,9000
T7222,A022,2026-02-02,9000
T7223,A023,2026-02-02,9000
T7224,A024,2026-02-02,9000
T7225,A025,2026-02-02,9000
T7226,A026,2026-02-02,9000
T7227,A027,2026-02-02,9000
T7228,A028,2026-02-02,9000
T7229,A029,2026-02-02,9000
T7230,A030,2026-02-02,9000
T7231,A001,2026-02-01,9000
T7232,A002,2026-02-01,9000
T7233,A003,2026-02-01,9000
T7234,A004,2026-02-01,9000
T7235,A005,2026-02-01,9000
T7236,A006,2026-02-01,9000
T7237,A007,2026-02-01,9000
T7238,A008,2026-02-01,9000
T7239,A009,2026-02-01,9000
T7240,A010,2026-02-01,9000
T7241,A011,2026-02-01,9000
T7242,A012,2026-02-01,9000
T7243,A013,2026-02-01,9000
T7244,A014,2026-02-01,9000
T7245,A015,2026-02-01,9000
T7246,A016,2026-02-01,9000
T7247,A017,2026-02-01,9000
T7248,A018,2026-02-01,9000
T7249,A019,2026-02-01,9000
T7250,A020,2026-02-01,9000
T7251,A021,2026-02-01,9000
T7252,A022,2026-02-01,9000
T7253,A023,2026-02-01,9000
T7254,A024,2026-02-01,9000
T7255,A025,2026-02-01,9000
T7256,A026,2026-02-01,9000
T7257,A027,2026-02-01,9000
T7258,A028,2026-02-01,9000
T7259,A029,2026-02-01,9000
T7260,A030,2026-02-01,9000
T7261,A001,2026-01-31,9000
T7262,A002,2026-01-31,9000
T7263,A003,2026-01-31,9000
T7264,A004,2026-01-31,9000
T7265,A005,2026-01-31,9000
T7266,A006,2026-01-31,9000
T7267,A007,2026-01-31,9000
T7268,A008,2026-01-31,9000
T7269,A009,2026-01-31,9000
T7270,A010,2026-01-31,9000
T7271,A011,2026-01-31,9000
T7272,A012,2026-01-31,9000
T7273,A013,2026-01-31,9000
T7274,A014,2026-01-31,9000
T7275,A015,2026-01-31,9000
T7276,A016,2026-01-31,9000
T7277,A017,2026-01-31,9000
T7278,A018,2026-01-31,9000
T7279,A019,2026-01-31,9000
T7280,A020,2026-01-31,9000
T7281,A021,2026-01-31,9000
T7282,A022,2026-01-31,9000
T7283,A023,2026-01-31,9000
T7284,A024,2026-01-31,9000
T7285,A025,2026-01-31,9000
T7286,A026,2026-01-31,9000
T7287,A027,2026-01-31,9000
T7288,A028,2026-01-31,9000
T7289,A029,2026-01-31,9000
T7290,A030,2026-01-31,9000
T7291,A001,2026-01-30,9000
T7292,A002,2026-01-30,9000
T7293,A003,2026-01-30,9000
T7294,A004,2026-01-30,9000
T7295,A005,2026-01-30,9000
T7296,A006,2026-01-30,9000
T7297,A007,2026-01-30,9000
T7298,A008,2026-01-30,9000
T7299,A009,2026-01-30,9000
T7300,A010,2026-01-30,9000
T7301,A011,2026-01-30,9000
T7302,A012,2026-01-30,9000
T7303,A013,2026-01-30,9000
T7304,A014,2026-01-30,9000
T7305,A015,2026-01-30,9000
T7306,A016,2026-01-30,9000
T7307,A017,2026-01-30,9000
T7308,A018,2026-01-30,9000
T7309,A019,2026-01-30,9000
T7310,A020,2026-01-30,9000
T7311,A021,2026-01-30,9000
T7312,A022,2026-01-30,9000
T7313,A023,2026-01-30,9000
T7314,A024,2026-01-30,9000
T7315,A025,2026-01-30,9000
T7316,A026,2026-01-30,9000
T7317,A027,2026-01-30,9000
T7318,A028,2026-01-30,9000
T7319,A029,2026-01-30,9000
T7320,A030,2026-01-30,9000
T7321,A001,2026-01-29,9000
T7322,A002,2026-01-29,9000
T7323,A003,2026-01-29,9000
T7324,A004,2026-01-29,9000
T7325,A005,2026-01-29,9000
T7326,A006,2026-01-29,9000
T7327,A007,2026-01-29,9000
T7328,A008,2026-01-29,9000
T7329,A009,2026-01-29,9000
T7330,A010,2026-01-29,9000
T7331,A011,2026-01-29,9000
T7332,A012,2026-01-29,9000
T7333,A013,2026-01-29,9000
T7334,A014,2026-01-29,9000
T7335,A015,2026-01-29,9000
T7336,A016,2026-01-29,9000
T7337,A017,2026-01-29,9000
T7338,A018,2026-01-29,9000
T7339,A019,2026-01-29,9000
T7340,A020,2026-01-29,9000
T7341,A021,2026-01-29,9000
T7342,A022,2026-01-29,9000
T7343,A023,2026-01-29,9000
T7344,A024,2026-01-29,9000
T7345,A025,2026-01-29,9000
T7346,A026,2026-01-29,9000
T7347,A027,2026-01-29,9000
T7348,A028,2026-01-29,9000
T7349,A029,2026-01-29,9000
T7350,A030,2026-01-29,9000
T7351,A001,2026-01-28,9000
T7352,A002,2026-01-28,9000
T7353,A003,2026-01-28,9000
T7354,A004,2026-01-28,9000
T7355,A005,2026-01-28,9000
T7356,A006,2026-01-28,9000
T7357,A007,2026-01-28,9000
T7358,A008,2026-01-28,9000
T7359,A009,2026-01-28,9000
T7360,A010,2026-01-28,9000
T7361,A011,2026-01-28,9000
T7362,A012,2026-01-28,9000
T7363,A013,2026-01-28,9000
T7364,A014,2026-01-28,9000
T7365,A015,2026-01-28,9000
T7366,A016,2026-01-28,9000
T7367,A017,2026-01-28,9000
T7368,A018,2026-01-28,9000
T7369,A019,2026-01-28,9000
T7370,A020,2026-01-28,9000
T7371,A021,2026-01-28,9000
T7372,A022,2026-01-28,9000
T7373,A023,2026-01-28,9000
T7374,A024,2026-01-28,9000
T7375,A025,2026-01-28,9000
T7376,A026,2026-01-28,9000
T7377,A027,2026-01-28,9000
T7378,A028,2026-01-28,9000
T7379,A029,2026-01-28,9000
T7380,A030,2026-01-28,9000
T7381,A001,2026-01-27,9000
T7382,A002,2026-01-27,9000
T7383,A003,2026-01-27,9000
T7384,A004,2026-01-27,9000
T7385,A005,2026-01-27,9000
T7386,A006,2026-01-27,9000
T7387,A007,2026-01-27,9000
T7388,A008,2026-01-27,9000
T7389,A009,2026-01-27,9000
T7390,A010,2026-01-27,9000
T7391,A011,2026-01-27,9000
T7392,A012,2026-01-27,9000
T7393,A013,2026-01-27,9000
T7394,A014,2026-01-27,9000
T7395,A015,2026-01-27,9000
T7396,A016,2026-01-27,9000
T7397,A017,2026-01-27,9000
T7398,A018,2026-01-27,9000
T7399,A019,2026-01-27,9000
T7400,A020,2026-01-27,9000
T7401,A021,2026-01-27,9000
T7402,A022,2026-01-27,9000
T7403,A023,2026-01-27,9000
T7404,A024,2026-01-27,9000
T7405,A025,2026-01-27,9000
T7406,A026,2026-01-27,9000
T7407,A027,2026-01-27,9000
T7408,A028,2026-01-27,9000
T7409,A029,2026-01-27,9000
T7410,A030,2026-01-27,9000
T7411,A001,2026-01-26,9000
T7412,A002,2026-01-26,9000
T7413,A003,2026-01-26,9000
T7414,A004,2026-01-26,9000
T7415,A005,2026-01-26,9000
T7416,A006,2026-01-26,9000
T7417,A007,2026-01-26,9000
T7418,A008,2026-01-26,9000
T7419,A009,2026-01-26,9000
T7420,A010,2026-01-26,9000
T7421,A011,2026-01-26,9000
T7422,A012,2026-01-26,9000
T7423,A013,2026-01-26,9000
T7424,A014,2026-01-26,9000
T7425,A015,2026-01-26,9000
T7426,A016,2026-01-26,9000
T7427,A017,2026-01-26,9000
T7428,A018,2026-01-26,9000
T7429,A019,2026-01-26,9000
T7430,A020,2026-01-26,9000
T7431,A021,2026-01-26,9000
T7432,A022,2026-01-26,9000
T7433,A023,2026-01-26,9000
T7434,A024,2026-01-26,9000
T7435,A025,2026-01-26,9000
T7436,A026,2026-01-26,9000
T7437,A027,2026-01-26,9000
T7438,A028,2026-01-26,9000
T7439,A029,2026-01-26,9000
T7440,A030,2026-01-26,9000
T7441,A001,2026-01-25,9000
T7442,A002,2026-01-25,9000
T7443,A003,2026-01-25,9000
T7444,A004,2026-01-25,9000
T7445,A005,2026-01-25,9000
T7446,A006,2026-01-25,9000
T7447,A007,2026-01-25,9000
T7448,A008,2026-01-25,9000
T7449,A009,2026-01-25,9000
T7450,A010,2026-01-25,9000
T7451,A011,2026-01-25,9000
T7452,A012,2026-01-25,9000
T7453,A013,2026-01-25,9000
T7454,A014,2026-01-25,9000
T7455,A015,2026-01-25,9000
T7456,A016,2026-01-25,9000
T7457,A017,2026-01-25,9000
T7458,A018,2026-01-25,9000
T7459,A019,2026-01-25,9000
T7460,A020,2026-01-25,9000
T7461,A021,2026-01-25,9000
T7462,A022,2026-01-25,9000
T7463,A023,2026-01-25,9000
T7464,A024,2026-01-25,9000
T7465,A025,2026-01-25,9000
T7466,A026,2026-01-25,9000
T7467,A027,2026-01-25,9000
T7468,A028,2026-01-25,9000
T7469,A029,2026-01-25,9000
T7470,A030,2026-01-25,9000
T7471,A001,2026-01-24,9000
T7472,A002,2026-01-24,9000
T7473,A003,2026-01-24,9000
T7474,A004,2026-01-24,9000
T7475,A005,2026-01-24,9000
T7476,A006,2026-01-24,9000
T7477,A007,2026-01-24,9000
T7478,A008,2026-01-24,9000
T7479,A009,2026-01-24,9000
T7480,A010,2026-01-24,9000
T7481,A011,2026-01-24,9000
T7482,A012,2026-01-24,9000
T7483,A013,2026-01-24,9000
T7484,A014,2026-01-24,9000
T7485,A015,2026-01-24,9000
T7486,A016,2026-01-24,9000
T7487,A017,2026-01-24,9000
T7488,A018,2026-01-24,9000
T7489,A019,2026-01-24,9000
T7490,A020,2026-01-24,9000
T7491,A021,2026-01-24,9000
T7492,A022,2026-01-24,9000
T7493,A023,2026-01-24,9000
T7494,A024,2026-01-24,9000
T7495,A025,2026-01-24,9000
T7496,A026,2026-01-24,9000
T7497,A027,2026-01-24,9000
T7498,A028,2026-01-24,9000
T7499,A029,2026-01-24,9000
T7500,A030,2026-01-24,9000
T7501,A001,2026-01-23,9000
T7502,A002,2026-01-23,9000
T7503,A003,2026-01-23,9000
T7504,A004,2026-01-23,9000
T7505,A005,2026-01-23,9000
T7506,A006,2026-01-23,9000
T7507,A007,2026-01-23,9000
T7508,A008,2026-01-23,9000
T7509,A009,2026-01-23,9000
T7510,A010,2026-01-23,9000
T7511,A011,2026-01-23,9000
T7512,A012,2026-01-23,9000
T7513,A013,2026-01-23,9000
T7514,A014,2026-01-23,9000
T7515,A015,2026-01-23,9000
T7516,A016,2026-01-23,9000
T7517,A017,2026-01-23,9000
T7518,A018,2026-01-23,9000
T7519,A019,2026-01-23,9000
T7520,A020,2026-01-23,9000
T7521,A021,2026-01-23,9000
T7522,A022,2026-01-23,9000
T7523,A023,2026-01-23,9000
T7524,A024,2026-01-23,9000
T7525,A025,2026-01-23,9000
T7526,A026,2026-01-23,9000
T7527,A027,2026-01-23,9000
T7528,A028,2026-01-23,9000
T7529,A029,2026-01-23,9000
T7530,A030,2026-01-23,9000
T7531,A001,2026-01-22,9000
T7532,A002,2026-01-22,9000
T7533,A003,2026-01-22,9000
T7534,A004,2026-01-22,9000
T7535,A005,2026-01-22,9000
T7536,A006,2026-01-22,9000
T7537,A007,2026-01-22,9000
T7538,A008,2026-01-22,9000
T7539,A009,2026-01-22,9000
T7540,A010,2026-01-22,9000
T7541,A011,2026-01-22,9000
T7542,A012,2026-01-22,9000
T7543,A013,2026-01-22,9000
T7544,A014,2026-01-22,9000
T7545,A015,2026-01-22,9000
T7546,A016,2026-01-22,9000
T7547,A017,2026-01-22,9000
T7548,A018,2026-01-22,9000
T7549,A019,2026-01-22,9000
T7550,A020,2026-01-22,9000
T7551,A021,2026-01-22,9000
T7552,A022,2026-01-22,9000
T7553,A023,2026-01-22,9000
T7554,A024,2026-01-22,9000
T7555,A025,2026-01-22,9000
T7556,A026,2026-01-22,9000
T7557,A027,2026-01-22,9000
T7558,A028,2026-01-22,9000
T7559,A029,2026-01-22,9000
T7560,A030,2026-01-22,9000
T7561,A001,2026-01-21,9000
T7562,A002,2026-01-21,9000
T7563,A003,2026-01-21,9000
T7564,A004,2026-01-21,9000
T7565,A005,2026-01-21,9000
T7566,A006,2026-01-21,9000
T7567,A007,2026-01-21,9000
T7568,A008,2026-01-21,9000
T7569,A009,2026-01-21,9000
T7570,A010,2026-01-21,9000
T7571,A011,2026-01-21,9000
T7572,A012,2026-01-21,9000
T7573,A013,2026-01-21,9000
T7574,A014,2026-01-21,9000
T7575,A015,2026-01-21,9000
T7576,A016,2026-01-21,9000
T7577,A017,2026-01-21,9000
T7578,A018,2026-01-21,9000
T7579,A019,2026-01-21,9000
T7580,A020,2026-01-21,9000
T7581,A021,2026-01-21,9000
T7582,A022,2026-01-21,9000
T7583,A023,2026-01-21,9000
T7584,A024,2026-01-21,9000
T7585,A025,2026-01-21,9000
T7586,A026,2026-01-21,9000
T7587,A027,2026-01-21,9000
T7588,A028,2026-01-21,9000
T7589,A029,2026-01-21,9000
T7590,A030,2026-01-21,9000
T7591,A001,2026-01-20,9000
T7592,A002,2026-01-20,9000
T7593,A003,2026-01-20,9000
T7594,A004,2026-01-20,9000
T7595,A005,2026-01-20,9000
T7596,A006,2026-01-20,9000
T7597,A007,2026-01-20,9000
T7598,A008,2026-01-20,9000
T7599,A009,2026-01-20,9000
T7600,A010,2026-01-20,9000
T7601,A011,2026-01-20,9000
T7602,A012,2026-01-20,9000
T7603,A013,2026-01-20,9000
T7604,A014,2026-01-20,9000
T7605,A015,2026-01-20,9000
T7606,A016,2026-01-20,9000
T7607,A017,2026-01-20,9000
T7608,A018,2026-01-20,9000
T7609,A019,2026-01-20,9000
T7610,A020,2026-01-20,9000
T7611,A021,2026-01-20,9000
T7612,A022,2026-01-20,9000
T7613,A023,2026-01-20,9000
T7614,A024,2026-01-20,9000
T7615,A025,2026-01-20,9000
T7616,A026,2026-01-20,9000
T7617,A027,2026-01-20,9000
T7618,A028,2026-01-20,9000
T7619,A029,2026-01-20,9000
T7620,A030,2026-01-20,9000
T7621,A001,2026-01-19,9000
T7622,A002,2026-01-19,9000
T7623,A003,2026-01-19,9000
T7624,A004,2026-01-19,9000
T7625,A005,2026-01-19,9000
T7626,A006,2026-01-19,9000
T7627,A007,2026-01-19,9000
T7628,A008,2026-01-19,9000
T7629,A009,2026-01-19,9000
T7630,A010,2026-01-19,9000
T7631,A011,2026-01-19,9000
T7632,A012,2026-01-19,9000
T7633,A013,2026-01-19,9000
T7634,A014,2026-01-19,9000
T7635,A015,2026-01-19,9000
T7636,A016,2026-01-19,9000
T7637,A017,2026-01-19,9000
T7638,A018,2026-01-19,9000
T7639,A019,2026-01-19,9000
T7640,A020,2026-01-19,9000
T7641,A021,2026-01-19,9000
T7642,A022,2026-01-19,9000
T7643,A023,2026-01-19,9000
T7644,A024,2026-01-19,9000
T7645,A025,2026-01-19,9000
T7646,A026,2026-01-19,9000
T7647,A027,2026-01-19,9000
T7648,A028,2026-01-19,9000
T7649,A029,2026-01-19,9000
T7650,A030,2026-01-19,9000
T7651,A001,2026-01-18,9000
T7652,A002,2026-01-18,9000
T7653,A003,2026-01-18,9000
T7654,A004,2026-01-18,9000
T7655,A005,2026-01-18,9000
T7656,A006,2026-01-18,9000
T7657,A007,2026-01-18,9000
T7658,A008,2026-01-18,9000
T7659,A009,2026-01-18,9000
T7660,A010,2026-01-18,9000
T7661,A011,2026-01-18,9000
T7662,A012,2026-01-18,9000
T7663,A013,2026-01-18,9000
T7664,A014,2026-01-18,9000
T7665,A015,2026-01-18,9000
T7666,A016,2026-01-18,9000
T7667,A017,2026-01-18,9000
T7668,A018,2026-01-18,9000
T7669,A019,2026-01-18,9000
T7670,A020,2026-01-18,9000
T7671,A021,2026-01-18,9000
T7672,A022,2026-01-18,9000
T7673,A023,2026-01-18,9000
T7674,A024,2026-01-18,9000
T7675,A025,2026-01-18,9000
T7676,A026,2026-01-18,9000
T7677,A027,2026-01-18,9000
T7678,A028,2026-01-18,9000
T7679,A029,2026-01-18,9000
T7680,A030,2026-01-18,9000
T7681,A001,2026-01-17,9000
T7682,A002,2026-01-17,9000
T7683,A003,2026-01-17,9000
T7684,A004,2026-01-17,9000
T7685,A005,2026-01-17,9000
T7686,A006,2026-01-17,9000
T7687,A007,2026-01-17,9000
T7688,A008,2026-01-17,9000
T7689,A009,2026-01-17,9000
T7690,A010,2026-01-17,9000
T7691,A011,2026-01-17,9000
T7692,A012,2026-01-17,9000
T7693,A013,2026-01-17,9000
T7694,A014,2026-01-17,9000
T7695,A015,2026-01-17,9000
T7696,A016,2026-01-17,9000
T7697,A017,2026-01-17,9000
T7698,A018,2026-01-17,9000
T7699,A019,2026-01-17,9000
T7700,A020,2026-01-17,9000
T7701,A021,2026-01-17,9000
T7702,A022,2026-01-17,9000
T7703,A023,2026-01-17,9000
T7704,A024,2026-01-17,9000
T7705,A025,2026-01-17,9000
T7706,A026,2026-01-17,9000
T7707,A027,2026-01-17,9000
T7708,A028,2026-01-17,9000
T7709,A029,2026-01-17,9000
T7710,A030,2026-01-17,9000
T7711,A001,2026-01-16,9000
T7712,A002,2026-01-16,9000
T7713,A003,2026-01-16,9000
T7714,A004,2026-01-16,9000
T7715,A005,2026-01-16,9000
T7716,A006,2026-01-16,9000
T7717,A007,2026-01-16,9000
T7718,A008,2026-01-16,9000
T7719,A009,2026-01-16,9000
T7720,A010,2026-01-16,9000
T7721,A011,2026-01-16,9000
T7722,A012,2026-01-16,9000
T7723,A013,2026-01-16,9000
T7724,A014,2026-01-16,9000
T7725,A015,2026-01-16,9000
T7726,A016,2026-01-16,9000
T7727,A017,2026-01-16,9000
T7728,A018,2026-01-16,9000
T7729,A019,2026-01-16,9000
T7730,A020,2026-01-16,9000
T7731,A021,2026-01-16,9000
T7732,A022,2026-01-16,9000
T7733,A023,2026-01-16,9000
T7734,A024,2026-01-16,9000
T7735,A025,2026-01-16,9000
T7736,A026,2026-01-16,9000
T7737,A027,2026-01-16,9000
T7738,A028,2026-01-16,9000
T7739,A029,2026-01-16,9000
T7740,A030,2026-01-16,9000
T7741,A001,2026-01-15,9000
T7742,A002,2026-01-15,9000
T7743,A003,2026-01-15,9000
T7744,A004,2026-01-15,9000
T7745,A005,2026-01-15,9000
T7746,A006,2026-01-15,9000
T7747,A007,2026-01-15,9000
T7748,A008,2026-01-15,9000
T7749,A009,2026-01-15,9000
T7750,A010,2026-01-15,9000
T7751,A011,2026-01-15,9000
T7752,A012,2026-01-15,9000
T7753,A013,2026-01-15,9000
T7754,A014,2026-01-15,9000
T7755,A015,2026-01-15,9000
T7756,A016,2026-01-15,9000
T7757,A017,2026-01-15,9000
T7758,A018,2026-01-15,9000
T7759,A019,2026-01-15,9000
T7760,A020,2026-01-15,9000
T7761,A021,2026-01-15,9000
T7762,A022,2026-01-15,9000
T7763,A023,2026-01-15,9000
T7764,A024,2026-01-15,9000
T7765,A025,2026-01-15,9000
T7766,A026,2026-01-15,9000
T7767,A027,2026-01-15,9000
T7768,A028,2026-01-15,9000
T7769,A029,2026-01-15,9000
T7770,A030,2026-01-15,9000
T7771,A001,2026-01-14,9000
T7772,A002,2026-01-14,9000
T7773,A003,2026-01-14,9000
T7774,A004,2026-01-14,9000
T7775,A005,2026-01-14,9000
T7776,A006,2026-01-14,9000
T7777,A007,2026-01-14,9000
T7778,A008,2026-01-14,9000
T7779,A009,2026-01-14,9000
T7780,A010,2026-01-14,9000
T7781,A011,2026-01-14,9000
T7782,A012,2026-01-14,9000
T7783,A013,2026-01-14,9000
T7784,A014,2026-01-14,9000
T7785,A015,2026-01-14,9000
T7786,A016,2026-01-14,9000
T7787,A017,2026-01-14,9000
T7788,A018,2026-01-14,9000
T7789,A019,2026-01-14,9000
T7790,A020,2026-01-14,9000
T7791,A021,2026-01-14,9000
T7792,A022,2026-01-14,9000
T7793,A023,2026-01-14,9000
T7794,A024,2026-01-14,9000
T7795,A025,2026-01-14,9000
T7796,A026,2026-01-14,9000
T7797,A027,2026-01-14,9000
T7798,A028,2026-01-14,9000
T7799,A029,2026-01-14,9000
T7800,A030,2026-01-14,9000
T7801,A001,2026-01-13,9000
T7802,A002,2026-01-13,9000
T7803,A003,2026-01-13,9000
T7804,A004,2026-01-13,9000
T7805,A005,2026-01-13,9000
T7806,A006,2026-01-13,9000
T7807,A007,2026-01-13,9000
T7808,A008,2026-01-13,9000
T7809,A009,2026-01-13,9000
T7810,A010,2026-01-13,9000
T7811,A011,2026-01-13,9000
T7812,A012,2026-01-13,9000
T7813,A013,2026-01-13,9000
T7814,A014,2026-01-13,9000
T7815,A015,2026-01-13,9000
T7816,A016,2026-01-13,9000
T7817,A017,2026-01-13,9000
T7818,A018,2026-01-13,9000
T7819,A019,2026-01-13,9000
T7820,A020,2026-01-13,9000
T7821,A021,2026-01-13,9000
T7822,A022,2026-01-13,9000
T7823,A023,2026-01-13,9000
T7824,A024,2026-01-13,9000
T7825,A025,2026-01-13,9000
T7826,A026,2026-01-13,9000
T7827,A027,2026-01-13,9000
T7828,A028,2026-01-13,9000
T7829,A029,2026-01-13,9000
T7830,A030,2026-01-13,9000
T7831,A001,2026-01-12,9000
T7832,A002,2026-01-12,9000
T7833,A003,2026-01-12,9000
T7834,A004,2026-01-12,9000
T7835,A005,2026-01-12,9000
T7836,A006,2026-01-12,9000
T7837,A007,2026-01-12,9000
T7838,A008,2026-01-12,9000
T7839,A009,2026-01-12,9000
T7840,A010,2026-01-12,9000
T7841,A011,2026-01-12,9000
T7842,A012,2026-01-12,9000
T7843,A013,2026-01-12,9000
T7844,A014,2026-01-12,9000
T7845,A015,2026-01-12,9000
T7846,A016,2026-01-12,9000
T7847,A017,2026-01-12,9000
T7848,A018,2026-01-12,9000
T7849,A019,2026-01-12,9000
T7850,A020,2026-01-12,9000
T7851,A021,2026-01-12,9000
T7852,A022,2026-01-12,9000
T7853,A023,2026-01-12,9000
T7854,A024,2026-01-12,9000
T7855,A025,2026-01-12,9000
T7856,A026,2026-01-12,9000
T7857,A027,2026-01-12,9000
T7858,A028,2026-01-12,9000
T7859,A029,2026-01-12,9000
T7860,A030,2026-01-12,9000
T7861,A001,2026-01-11,9000
T7862,A002,2026-01-11,9000
T7863,A003,2026-01-11,9000
T7864,A004,2026-01-11,9000
T7865,A005,2026-01-11,9000
T7866,A006,2026-01-11,9000
T7867,A007,2026-01-11,9000
T7868,A008,2026-01-11,9000
T7869,A009,2026-01-11,9000
T7870,A010,2026-01-11,9000
T7871,A011,2026-01-11,9000
T7872,A012,2026-01-11,9000
T7873,A013,2026-01-11,9000
T7874,A014,2026-01-11,9000
T7875,A015,2026-01-11,9000
T7876,A016,2026-01-11,9000
T7877,A017,2026-01-11,9000
T7878,A018,2026-01-11,9000
T7879,A019,2026-01-11,9000
T7880,A020,2026-01-11,9000
T7881,A021,2026-01-11,9000
T7882,A022,2026-01-11,9000
T7883,A023,2026-01-11,9000
T7884,A024,2026-01-11,9000
T7885,A025,2026-01-11,9000
T7886,A026,2026-01-11,9000
T7887,A027,2026-01-11,9000
T7888,A028,2026-01-11,9000
T7889,A029,2026-01-11,9000
T7890,A030,2026-01-11,9000
T7891,A001,2026-01-10,9000
T7892,A002,2026-01-10,9000
T7893,A003,2026-01-10,9000
T7894,A004,2026-01-10,9000
T7895,A005,2026-01-10,9000
T7896,A006,2026-01-10,9000
T7897,A007,2026-01-10,9000
T7898,A008,2026-01-10,9000
T7899,A009,2026-01-10,9000
T7900,A010,2026-01-10,9000
T7901,A011,2026-01-10,9000
T7902,A012,2026-01-10,9000
T7903,A013,2026-01-10,9000
T7904,A014,2026-01-10,9000
T7905,A015,2026-01-10,9000
T7906,A016,2026-01-10,9000
T7907,A017,2026-01-10,9000
T7908,A018,2026-01-10,9000
T7909,A019,2026-01-10,9000
T7910,A020,2026-01-10,9000
T7911,A021,2026-01-10,9000
T7912,A022,2026-01-10,9000
T7913,A023,2026-01-10,9000
T7914,A024,2026-01-10,9000
T7915,A025,2026-01-10,9000
T7916,A026,2026-01-10,9000
T7917,A027,2026-01-10,9000
T7918,A028,2026-01-10,9000
T7919,A029,2026-01-10,9000
T7920,A030,2026-01-10,9000
T7921,A001,2026-01-09,9000
T7922,A002,2026-01-09,9000
T7923,A003,2026-01-09,9000
T7924,A004,2026-01-09,9000
T7925,A005,2026-01-09,9000
T7926,A006,2026-01-09,9000
T7927,A007,2026-01-09,9000
T7928,A008,2026-01-09,9000
T7929,A009,2026-01-09,9000
T7930,A010,2026-01-09,9000
T7931,A011,2026-01-09,9000
T7932,A012,2026-01-09,9000
T7933,A013,2026-01-09,9000
T7934,A014,2026-01-09,9000
T7935,A015,2026-01-09,9000
T7936,A016,2026-01-09,9000
T7937,A017,2026-01-09,9000
T7938,A018,2026-01-09,9000
T7939,A019,2026-01-09,9000
T7940,A020,2026-01-09,9000
T7941,A021,2026-01-09,9000
T7942,A022,2026-01-09,9000
T7943,A023,2026-01-09,9000
T7944,A024,2026-01-09,9000
T7945,A025,2026-01-09,9000
T7946,A026,2026-01-09,9000
T7947,A027,2026-01-09,9000
T7948,A028,2026-01-09,9000
T7949,A029,2026-01-09,9000
T7950,A030,2026-01-09,9000
T7951,A001,2026-01-08,9000
T7952,A002,2026-01-08,9000
T7953,A003,2026-01-08,9000
T7954,A004,2026-01-08,9000
T7955,A005,2026-01-08,9000
T7956,A006,2026-01-08,9000
T7957,A007,2026-01-08,9000
T7958,A008,2026-01-08,9000
T7959,A009,2026-01-08,9000
T7960,A010,2026-01-08,9000
T7961,A011,2026-01-08,9000
T7962,A012,2026-01-08,9000
T7963,A013,2026-01-08,9000
T7964,A014,2026-01-08,9000
T7965,A015,2026-01-08,9000
T7966,A016,2026-01-08,9000
T7967,A017,2026-01-08,9000
T7968,A018,2026-01-08,9000
T7969,A019,2026-01-08,9000
T7970,A020,2026-01-08,9000
T7971,A021,2026-01-08,9000
T7972,A022,2026-01-08,9000
T7973,A023,2026-01-08,9000
T7974,A024,2026-01-08,9000
T7975,A025,2026-01-08,9000
T7976,A026,2026-01-08,9000
T7977,A027,2026-01-08,9000
T7978,A028,2026-01-08,9000
T7979,A029,2026-01-08,9000
T7980,A030,2026-01-08,9000
T7981,A001,2026-01-07,9000
T7982,A002,2026-01-07,9000
T7983,A003,2026-01-07,9000
T7984,A004,2026-01-07,9000
T7985,A005,2026-01-07,9000
T7986,A006,2026-01-07,9000
T7987,A007,2026-01-07,9000
T7988,A008,2026-01-07,9000
T7989,A009,2026-01-07,9000
T7990,A010,2026-01-07,9000
T7991,A011,2026-01-07,9000
T7992,A012,2026-01-07,9000
T7993,A013,2026-01-07,9000
T7994,A014,2026-01-07,9000
T7995,A015,2026-01-07,9000
T7996,A016,2026-01-07,9000
T7997,A017,2026-01-07,9000
T7998,A018,2026-01-07,9000
T7999,A019,2026-01-07,9000
T8000,A020,2026-01-07,9000
T8001,A021,2026-01-07,9000
T8002,A022,2026-01-07,9000
T8003,A023,2026-01-07,9000
T8004,A024,2026-01-07,9000
T8005,A025,2026-01-07,9000
T8006,A026,2026-01-07,9000
T8007,A027,2026-01-07,9000
T8008,A028,2026-01-07,9000
T8009,A029,2026-01-07,9000
T8010,A030,2026-01-07,9000
T8011,A001,2026-01-06,9000
T8012,A002,2026-01-06,9000
T8013,A003,2026-01-06,9000
T8014,A004,2026-01-06,9000
T8015,A005,2026-01-06,9000
T8016,A006,2026-01-06,9000
T8017,A007,2026-01-06,9000
T8018,A008,2026-01-06,9000
T8019,A009,2026-01-06,9000
T8020,A010,2026-01-06,9000
T8021,A011,2026-01-06,9000
T8022,A012,2026-01-06,9000
T8023,A013,2026-01-06,9000
T8024,A014,2026-01-06,9000
T8025,A015,2026-01-06,9000
T8026,A016,2026-01-06,9000
T8027,A017,2026-01-06,9000
T8028,A018,2026-01-06,9000
T8029,A019,2026-01-06,9000
T8030,A020,2026-01-06,9000
T8031,A021,2026-01-06,9000
T8032,A022,2026-01-06,9000
T8033,A023,2026-01-06,9000
T8034,A024,2026-01-06,9000
T8035,A025,2026-01-06,9000
T8036,A026,2026-01-06,9000
T8037,A027,2026-01-06,9000
T8038,A028,2026-01-06,9000
T8039,A029,2026-01-06,9000
T8040,A030,2026-01-06,9000
T8041,A001,2026-01-05,9000
T8042,A002,2026-01-05,9000
T8043,A003,2026-01-05,9000
T8044,A004,2026-01-05,9000
T8045,A005,2026-01-05,9000
T8046,A006,2026-01-05,9000
T8047,A007,2026-01-05,9000
T8048,A008,2026-01-05,9000
T8049,A009,2026-01-05,9000
T8050,A010,2026-01-05,9000
T8051,A011,2026-01-05,9000
T8052,A012,2026-01-05,9000
T8053,A013,2026-01-05,9000
T8054,A014,2026-01-05,9000
T8055,A015,2026-01-05,9000
T8056,A016,2026-01-05,9000
T8057,A017,2026-01-05,9000
T8058,A018,2026-01-05,9000
T8059,A019,2026-01-05,9000
T8060,A020,2026-01-05,9000
T8061,A021,2026-01-05,9000
T8062,A022,2026-01-05,9000
T8063,A023,2026-01-05,9000
T8064,A024,2026-01-05,9000
T8065,A025,2026-01-05,9000
T8066,A026,2026-01-05,9000
T8067,A027,2026-01-05,9000
T8068,A028,2026-01-05,9000
T8069,A029,2026-01-05,9000
T8070,A030,2026-01-05,9000
T8071,A001,2026-01-04,9000
T8072,A002,2026-01-04,9000
T8073,A003,2026-01-04,9000
T8074,A004,2026-01-04,9000
T8075,A005,2026-01-04,9000
T8076,A006,2026-01-04,9000
T8077,A007,2026-01-04,9000
T8078,A008,2026-01-04,9000
T8079,A009,2026-01-04,9000
T8080,A010,2026-01-04,9000
T8081,A011,2026-01-04,9000
T8082,A012,2026-01-04,9000
T8083,A013,2026-01-04,9000
T8084,A014,2026-01-04,9000
T8085,A015,2026-01-04,9000
T8086,A016,2026-01-04,9000
T8087,A017,2026-01-04,9000
T8088,A018,2026-01-04,9000
T8089,A019,2026-01-04,9000
T8090,A020,2026-01-04,9000
T8091,A021,2026-01-04,9000
T8092,A022,2026-01-04,9000
T8093,A023,2026-01-04,9000
T8094,A024,2026-01-04,9000
T8095,A025,2026-01-04,9000
T8096,A026,2026-01-04,9000
T8097,A027,2026-01-04,9000
T8098,A028,2026-01-04,9000
T8099,A029,2026-01-04,9000
T8100,A030,2026-01-04,9000
T8101,A001,2026-01-03,9000
T8102,A002,2026-01-03,9000
T8103,A003,2026-01-03,9000
T8104,A004,2026-01-03,9000
T8105,A005,2026-01-03,9000
T8106,A006,2026-01-03,9000
T8107,A007,2026-01-03,9000
T8108,A008,2026-01-03,9000
T8109,A009,2026-01-03,9000
T8110,A010,2026-01-03,9000
T8111,A011,2026-01-03,9000
T8112,A012,2026-01-03,9000
T8113,A013,2026-01-03,9000
T8114,A014,2026-01-03,9000
T8115,A015,2026-01-03,9000
T8116,A016,2026-01-03,9000
T8117,A017,2026-01-03,9000
T8118,A018,2026-01-03,9000
T8119,A019,2026-01-03,9000
T8120,A020,2026-01-03,9000
T8121,A021,2026-01-03,9000
T8122,A022,2026-01-03,9000
T8123,A023,2026-01-03,9000
T8124,A024,2026-01-03,9000
T8125,A025,2026-01-03,9000
T8126,A026,2026-01-03,9000
T8127,A027,2026-01-03,9000
T8128,A028,2026-01-03,9000
T8129,A029,2026-01-03,9000
T8130,A030,2026-01-03,9000
T8131,A001,2026-01-02,9000
T8132,A002,2026-01-02,9000
T8133,A003,2026-01-02,9000
T8134,A004,2026-01-02,9000
T8135,A005,2026-01-02,9000
T8136,A006,2026-01-02,9000
T8137,A007,2026-01-02,9000
T8138,A008,2026-01-02,9000
T8139,A009,2026-01-02,9000
T8140,A010,2026-01-02,9000
T8141,A011,2026-01-02,9000
T8142,A012,2026-01-02,9000
T8143,A013,2026-01-02,9000
T8144,A014,2026-01-02,9000
T8145,A015,2026-01-02,9000
T8146,A016,2026-01-02,9000
T8147,A017,2026-01-02,9000
T8148,A018,2026-01-02,9000
T8149,A019,2026-01-02,9000
T8150,A020,2026-01-02,9000
T8151,A021,2026-01-02,9000
T8152,A022,2026-01-02,9000
T8153,A023,2026-01-02,9000
T8154,A024,2026-01-02,9000
T8155,A025,2026-01-02,9000
T8156,A026,2026-01-02,9000
T8157,A027,2026-01-02,9000
T8158,A028,2026-01-02,9000
T8159,A029,2026-01-02,9000
T8160,A030,2026-01-02,9000
T8161,A001,2026-01-01,9000
T8162,A002,2026-01-01,9000
T8163,A003,2026-01-01,9000
T8164,A004,2026-01-01,9000
T8165,A005,2026-01-01,9000
T8166,A006,2026-01-01,9000
T8167,A007,2026-01-01,9000
T8168,A008,2026-01-01,9000
T8169,A009,2026-01-01,9000
T8170,A010,2026-01-01,9000
T8171,A011,2026-01-01,9000
T8172,A012,2026-01-01,9000
T8173,A013,2026-01-01,9000
T8174,A014,2026-01-01,9000
T8175,A015,2026-01-01,9000
T8176,A016,2026-01-01,9000
T8177,A017,2026-01-01,9000
T8178,A018,2026-01-01,9000
T8179,A019,2026-01-01,9000
T8180,A020,2026-01-01,9000
T8181,A021,2026-01-01,9000
T8182,A022,2026-01-01,9000
T8183,A023,2026-01-01,9000
T8184,A024,2026-01-01,9000
T8185,A025,2026-01-01,9000
T8186,A026,2026-01-01,9000
T8187,A027,2026-01-01,9000
T8188,A028,2026-01-01,9000
T8189,A029,2026-01-01,9000
T8190,A030,2026-01-01,9000
T8191,A001,2025-12-31,9000
T8192,A002,2025-12-31,9000
T8193,A003,2025-12-31,9000
T8194,A004,2025-12-31,9000
T8195,A005,2025-12-31,9000
T8196,A006,2025-12-31,9000
T8197,A007,2025-12-31,9000
T8198,A008,2025-12-31,9000
T8199,A009,2025-12-31,9000
T8200,A010,2025-12-31,9000
T8201,A011,2025-12-31,9000
T8202,A012,2025-12-31,9000
T8203,A013,2025-12-31,9000
T8204,A014,2025-12-31,9000
T8205,A015,2025-12-31,9000
T8206,A016,2025-12-31,9000
T8207,A017,2025-12-31,9000
T8208,A018,2025-12-31,9000
T8209,A019,2025-12-31,9000
T8210,A020,2025-12-31,9000
T8211,A021,2025-12-31,9000
T8212,A022,2025-12-31,9000
T8213,A023,2025-12-31,9000
T8214,A024,2025-12-31,9000
T8215,A025,2025-12-31,9000
T8216,A026,2025-12-31,9000
T8217,A027,2025-12-31,9000
T8218,A028,2025-12-31,9000
T8219,A029,2025-12-31,9000
T8220,A030,2025-12-31,9000
T8221,A001,2025-12-30,9000
T8222,A002,2025-12-30,9000
T8223,A003,2025-12-30,9000
T8224,A004,2025-12-30,9000
T8225,A005,2025-12-30,9000
T8226,A006,2025-12-30,9000
T8227,A007,2025-12-30,9000
T8228,A008,2025-12-30,9000
T8229,A009,2025-12-30,9000
T8230,A010,2025-12-30,9000
T8231,A011,2025-12-30,9000
T8232,A012,2025-12-30,9000
T8233,A013,2025-12-30,9000
T8234,A014,2025-12-30,9000
T8235,A015,2025-12-30,9000
T8236,A016,2025-12-30,9000
T8237,A017,2025-12-30,9000
T8238,A018,2025-12-30,9000
T8239,A019,2025-12-30,9000
T8240,A020,2025-12-30,9000
T8241,A021,2025-12-30,9000
T8242,A022,2025-12-30,9000
T8243,A023,2025-12-30,9000
T8244,A024,2025-12-30,9000
T8245,A025,2025-12-30,9000
T8246,A026,2025-12-30,9000
T8247,A027,2025-12-30,9000
T8248,A028,2025-12-30,9000
T8249,A029,2025-12-30,9000
T8250,A030,2025-12-30,9000
T8251,A001,2025-12-29,9000
T8252,A002,2025-12-29,9000
T8253,A003,2025-12-29,9000
T8254,A004,2025-12-29,9000
T8255,A005,2025-12-29,9000
T8256,A006,2025-12-29,9000
T8257,A007,2025-12-29,9000
T8258,A008,2025-12-29,9000
T8259,A009,2025-12-29,9000
T8260,A010,2025-12-29,9000
T8261,A011,2025-12-29,9000
T8262,A012,2025-12-29,9000
T8263,A013,2025-12-29,9000
T8264,A014,2025-12-29,9000
T8265,A015,2025-12-29,9000
T8266,A016,2025-12-29,9000
T8267,A017,2025-12-29,9000
T8268,A018,2025-12-29,9000
T8269,A019,2025-12-29,9000
T8270,A020,2025-12-29,9000
T8271,A021,2025-12-29,9000
T8272,A022,2025-12-29,9000
T8273,A023,2025-12-29,9000
T8274,A024,2025-12-29,9000
T8275,A025,2025-12-29,9000
T8276,A026,2025-12-29,9000
T8277,A027,2025-12-29,9000
T8278,A028,2025-12-29,9000
T8279,A029,2025-12-29,9000
T8280,A030,2025-12-29,9000
T8281,A001,2025-12-28,9000
T8282,A002,2025-12-28,9000
T8283,A003,2025-12-28,9000
T8284,A004,2025-12-28,9000
T8285,A005,2025-12-28,9000
T8286,A006,2025-12-28,9000
T8287,A007,2025-12-28,9000
T8288,A008,2025-12-28,9000
T8289,A009,2025-12-28,9000
T8290,A010,2025-12-28,9000
T8291,A011,2025-12-28,9000
T8292,A012,2025-12-28,9000
T8293,A013,2025-12-28,9000
T8294,A014,2025-12-28,9000
T8295,A015,2025-12-28,9000
T8296,A016,2025-12-28,9000
T8297,A017,2025-12-28,9000
T8298,A018,2025-12-28,9000
T8299,A019,2025-12-28,9000
T8300,A020,2025-12-28,9000
T8301,A021,2025-12-28,9000
T8302,A022,2025-12-28,9000
T8303,A023,2025-12-28,9000
T8304,A024,2025-12-28,9000
T8305,A025,2025-12-28,9000
T8306,A026,2025-12-28,9000
T8307,A027,2025-12-28,9000
T8308,A028,2025-12-28,9000
T8309,A029,2025-12-28,9000
T8310,A030,2025-12-28,9000
T8311,A001,2025-12-27,9000
T8312,A002,2025-12-27,9000
T8313,A003,2025-12-27,9000
T8314,A004,2025-12-27,9000
T8315,A005,2025-12-27,9000
T8316,A006,2025-12-27,9000
T8317,A007,2025-12-27,9000
T8318,A008,2025-12-27,9000
T8319,A009,2025-12-27,9000
T8320,A010,2025-12-27,9000
T8321,A011,2025-12-27,9000
T8322,A012,2025-12-27,9000
T8323,A013,2025-12-27,9000
T8324,A014,2025-12-27,9000
T8325,A015,2025-12-27,9000
T8326,A016,2025-12-27,9000
T8327,A017,2025-12-27,9000
T8328,A018,2025-12-27,9000
T8329,A019,2025-12-27,9000
T8330,A020,2025-12-27,9000
T8331,A021,2025-12-27,9000
T8332,A022,2025-12-27,9000
T8333,A023,2025-12-27,9000
T8334,A024,2025-12-27,9000
T8335,A025,2025-12-27,9000
T8336,A026,2025-12-27,9000
T8337,A027,2025-12-27,9000
T8338,A028,2025-12-27,9000
T8339,A029,2025-12-27,9000
T8340,A030,2025-12-27,9000
T8341,A001,2025-12-26,9000
T8342,A002,2025-12-26,9000
T8343,A003,2025-12-26,9000
T8344,A004,2025-12-26,9000
T8345,A005,2025-12-26,9000
T8346,A006,2025-12-26,9000
T8347,A007,2025-12-26,9000
T8348,A008,2025-12-26,9000
T8349,A009,2025-12-26,9000
T8350,A010,2025-12-26,9000
T8351,A011,2025-12-26,9000
T8352,A012,2025-12-26,9000
T8353,A013,2025-12-26,9000
T8354,A014,2025-12-26,9000
T8355,A015,2025-12-26,9000
T8356,A016,2025-12-26,9000
T8357,A017,2025-12-26,9000
T8358,A018,2025-12-26,9000
T8359,A019,2025-12-26,9000
T8360,A020,2025-12-26,9000
T8361,A021,2025-12-26,9000
T8362,A022,2025-12-26,9000
T8363,A023,2025-12-26,9000
T8364,A024,2025-12-26,9000
T8365,A025,2025-12-26,9000
T8366,A026,2025-12-26,9000
T8367,A027,2025-12-26,9000
T8368,A028,2025-12-26,9000
T8369,A029,2025-12-26,9000
T8370,A030,2025-12-26,9000
T8371,A001,2025-12-25,9000
T8372,A002,2025-12-25,9000
T8373,A003,2025-12-25,9000
T8374,A004,2025-12-25,9000
T8375,A005,2025-12-25,9000
T8376,A006,2025-12-25,9000
T8377,A007,2025-12-25,9000
T8378,A008,2025-12-25,9000
T8379,A009,2025-12-25,9000
T8380,A010,2025-12-25,9000
T8381,A011,2025-12-25,9000
T8382,A012,2025-12-25,9000
T8383,A013,2025-12-25,9000
T8384,A014,2025-12-25,9000
T8385,A015,2025-12-25,9000
T8386,A016,2025-12-25,9000
T8387,A017,2025-12-25,9000
T8388,A018,2025-12-25,9000
T8389,A019,2025-12-25,9000
T8390,A020,2025-12-25,9000
T8391,A021,2025-12-25,9000
T8392,A022,2025-12-25,9000
T8393,A023,2025-12-25,9000
T8394,A024,2025-12-25,9000
T8395,A025,2025-12-25,9000
T8396,A026,2025-12-25,9000
T8397,A027,2025-12-25,9000
T8398,A028,2025-12-25,9000
T8399,A029,2025-12-25,9000
T8400,A030,2025-12-25,9000
T8401,A001,2025-12-24,9000
T8402,A002,2025-12-24,9000
T8403,A003,2025-12-24,9000
T8404,A004,2025-12-24,9000
T8405,A005,2025-12-24,9000
T8406,A006,2025-12-24,9000
T8407,A007,2025-12-24,9000
T8408,A008,2025-12-24,9000
T8409,A009,2025-12-24,9000
T8410,A010,2025-12-24,9000
T8411,A011,2025-12-24,9000
T8412,A012,2025-12-24,9000
T8413,A013,2025-12-24,9000
T8414,A014,2025-12-24,9000
T8415,A015,2025-12-24,9000
T8416,A016,2025-12-24,9000
T8417,A017,2025-12-24,9000
T8418,A018,2025-12-24,9000
T8419,A019,2025-12-24,9000
T8420,A020,2025-12-24,9000
T8421,A021,2025-12-24,9000
T8422,A022,2025-12-24,9000
T8423,A023,2025-12-24,9000
T8424,A024,2025-12-24,9000
T8425,A025,2025-12-24,9000
T8426,A026,2025-12-24,9000
T8427,A027,2025-12-24,9000
T8428,A028,2025-12-24,9000
T8429,A029,2025-12-24,9000
T8430,A030,2025-12-24,9000
T8431,A001,2025-12-23,9000
T8432,A002,2025-12-23,9000
T8433,A003,2025-12-23,9000
T8434,A004,2025-12-23,9000
T8435,A005,2025-12-23,9000
T8436,A006,2025-12-23,9000
T8437,A007,2025-12-23,9000
T8438,A008,2025-12-23,9000
T8439,A009,2025-12-23,9000
T8440,A010,2025-12-23,9000
T8441,A011,2025-12-23,9000
T8442,A012,2025-12-23,9000
T8443,A013,2025-12-23,9000
T8444,A014,2025-12-23,9000
T8445,A015,2025-12-23,9000
T8446,A016,2025-12-23,9000
T8447,A017,2025-12-23,9000
T8448,A018,2025-12-23,9000
T8449,A019,2025-12-23,9000
T8450,A020,2025-12-23,9000
T8451,A021,2025-12-23,9000
T8452,A022,2025-12-23,9000
T8453,A023,2025-12-23,9000
T8454,A024,2025-12-23,9000
T8455,A025,2025-12-23,9000
T8456,A026,2025-12-23,9000
T8457,A027,2025-12-23,9000
T8458,A028,2025-12-23,9000
T8459,A029,2025-12-23,9000
T8460,A030,2025-12-23,9000
T8461,A001,2025-12-22,9000
T8462,A002,2025-12-22,9000
T8463,A003,2025-12-22,9000
T8464,A004,2025-12-22,9000
T8465,A005,2025-12-22,9000
T8466,A006,2025-12-22,9000
T8467,A007,2025-12-22,9000
T8468,A008,2025-12-22,9000
T8469,A009,2025-12-22,9000
T8470,A010,2025-12-22,9000
T8471,A011,2025-12-22,9000
T8472,A012,2025-12-22,9000
T8473,A013,2025-12-22,9000
T8474,A014,2025-12-22,9000
T8475,A015,2025-12-22,9000
T8476,A016,2025-12-22,9000
T8477,A017,2025-12-22,9000
T8478,A018,2025-12-22,9000
T8479,A019,2025-12-22,9000
T8480,A020,2025-12-22,9000
T8481,A021,2025-12-22,9000
T8482,A022,2025-12-22,9000
T8483,A023,2025-12-22,9000
T8484,A024,2025-12-22,9000
T8485,A025,2025-12-22,9000
T8486,A026,2025-12-22,9000
T8487,A027,2025-12-22,9000
T8488,A028,2025-12-22,9000
T8489,A029,2025-12-22,9000
T8490,A030,2025-12-22,9000
T8491,A001,2025-12-21,9000
T8492,A002,2025-12-21,9000
T8493,A003,2025-12-21,9000
T8494,A004,2025-12-21,9000
T8495,A005,2025-12-21,9000
T8496,A006,2025-12-21,9000
T8497,A007,2025-12-21,9000
T8498,A008,2025-12-21,9000
T8499,A009,2025-12-21,9000
T8500,A010,2025-12-21,9000
T8501,A011,2025-12-21,9000
T8502,A012,2025-12-21,9000
T8503,A013,2025-12-21,9000
T8504,A014,2025-12-21,9000
T8505,A015,2025-12-21,9000
T8506,A016,2025-12-21,9000
T8507,A017,2025-12-21,9000
T8508,A018,2025-12-21,9000
T8509,A019,2025-12-21,9000
T8510,A020,2025-12-21,9000
T8511,A021,2025-12-21,9000
T8512,A022,2025-12-21,9000
T8513,A023,2025-12-21,9000
T8514,A024,2025-12-21,9000
T8515,A025,2025-12-21,9000
T8516,A026,2025-12-21,9000
T8517,A027,2025-12-21,9000
T8518,A028,2025-12-21,9000
T8519,A029,2025-12-21,9000
T8520,A030,2025-12-21,9000
T8521,A001,2025-12-20,9000
T8522,A002,2025-12-20,9000
T8523,A003,2025-12-20,9000
T8524,A004,2025-12-20,9000
T8525,A005,2025-12-20,9000
T8526,A006,2025-12-20,9000
T8527,A007,2025-12-20,9000
T8528,A008,2025-12-20,9000
T8529,A009,2025-12-20,9000
T8530,A010,2025-12-20,9000
T8531,A011,2025-12-20,9000
T8532,A012,2025-12-20,9000
T8533,A013,2025-12-20,9000
T8534,A014,2025-12-20,9000
T8535,A015,2025-12-20,9000
T8536,A016,2025-12-20,9000
T8537,A017,2025-12-20,9000
T8538,A018,2025-12-20,9000
T8539,A019,2025-12-20,9000
T8540,A020,2025-12-20,9000
T8541,A021,2025-12-20,9000
T8542,A022,2025-12-20,9000
T8543,A023,2025-12-20,9000
T8544,A024,2025-12-20,9000
T8545,A025,2025-12-20,9000
T8546,A026,2025-12-20,9000
T8547,A027,2025-12-20,9000
T8548,A028,2025-12-20,9000
T8549,A029,2025-12-20,9000
T8550,A030,2025-12-20,9000
T8551,A001,2025-12-19,9000
T8552,A002,2025-12-19,9000
T8553,A003,2025-12-19,9000
T8554,A004,2025-12-19,9000
T8555,A005,2025-12-19,9000
T8556,A006,2025-12-19,9000
T8557,A007,2025-12-19,9000
T8558,A008,2025-12-19,9000
T8559,A009,2025-12-19,9000
T8560,A010,2025-12-19,9000
T8561,A011,2025-12-19,9000
T8562,A012,2025-12-19,9000
T8563,A013,2025-12-19,9000
T8564,A014,2025-12-19,9000
T8565,A015,2025-12-19,9000
T8566,A016,2025-12-19,9000
T8567,A017,2025-12-19,9000
T8568,A018,2025-12-19,9000
T8569,A019,2025-12-19,9000
T8570,A020,2025-12-19,9000
T8571,A021,2025-12-19,9000
T8572,A022,2025-12-19,9000
T8573,A023,2025-12-19,9000
T8574,A024,2025-12-19,9000
T8575,A025,2025-12-19,9000
T8576,A026,2025-12-19,9000
T8577,A027,2025-12-19,9000
T8578,A028,2025-12-19,9000
T8579,A029,2025-12-19,9000
T8580,A030,2025-12-19,9000
T8581,A001,2025-12-18,9000
T8582,A002,2025-12-18,9000
T8583,A003,2025-12-18,9000
T8584,A004,2025-12-18,9000
T8585,A005,2025-12-18,9000
T8586,A006,2025-12-18,9000
T8587,A007,2025-12-18,9000
T8588,A008,2025-12-18,9000
T8589,A009,2025-12-18,9000
T8590,A010,2025-12-18,9000
T8591,A011,2025-12-18,9000
T8592,A012,2025-12-18,9000
T8593,A013,2025-12-18,9000
T8594,A014,2025-12-18,9000
T8595,A015,2025-12-18,9000
T8596,A016,2025-12-18,9000
T8597,A017,2025-12-18,9000
T8598,A018,2025-12-18,9000
T8599,A019,2025-12-18,9000
T8600,A020,2025-12-18,9000
T8601,A021,2025-12-18,9000
T8602,A022,2025-12-18,9000
T8603,A023,2025-12-18,9000
T8604,A024,2025-12-18,9000
T8605,A025,2025-12-18,9000
T8606,A026,2025-12-18,9000
T8607,A027,2025-12-18,9000
T8608,A028,2025-12-18,9000
T8609,A029,2025-12-18,9000
T8610,A030,2025-12-18,9000
T8611,A001,2025-12-17,9000
T8612,A002,2025-12-17,9000
T8613,A003,2025-12-17,9000
T8614,A004,2025-12-17,9000
T8615,A005,2025-12-17,9000
T8616,A006,2025-12-17,9000
T8617,A007,2025-12-17,9000
T8618,A008,2025-12-17,9000
T8619,A009,2025-12-17,9000
T8620,A010,2025-12-17,9000
T8621,A011,2025-12-17,9000
T8622,A012,2025-12-17,9000
T8623,A013,2025-12-17,9000
T8624,A014,2025-12-17,9000
T8625,A015,2025-12-17,9000
T8626,A016,2025-12-17,9000
T8627,A017,2025-12-17,9000
T8628,A018,2025-12-17,9000
T8629,A019,2025-12-17,9000
T8630,A020,2025-12-17,9000
T8631,A021,2025-12-17,9000
T8632,A022,2025-12-17,9000
T8633,A023,2025-12-17,9000
T8634,A024,2025-12-17,9000
T8635,A025,2025-12-17,9000
T8636,A026,2025-12-17,9000
T8637,A027,2025-12-17,9000
T8638,A028,2025-12-17,9000
T8639,A029,2025-12-17,9000
T8640,A030,2025-12-17,9000
T8641,A001,2025-12-16,9000
T8642,A002,2025-12-16,9000
T8643,A003,2025-12-16,9000
T8644,A004,2025-12-16,9000
T8645,A005,2025-12-16,9000
T8646,A006,2025-12-16,9000
T8647,A007,2025-12-16,9000
T8648,A008,2025-12-16,9000
T8649,A009,2025-12-16,9000
T8650,A010,2025-12-16,9000
T8651,A011,2025-12-16,9000
T8652,A012,2025-12-16,9000
T8653,A013,2025-12-16,9000
T8654,A014,2025-12-16,9000
T8655,A015,2025-12-16,9000
T8656,A016,2025-12-16,9000
T8657,A017,2025-12-16,9000
T8658,A018,2025-12-16,9000
T8659,A019,2025-12-16,9000
T8660,A020,2025-12-16,9000
T8661,A021,2025-12-16,9000
T8662,A022,2025-12-16,9000
T8663,A023,2025-12-16,9000
T8664,A024,2025-12-16,9000
T8665,A025,2025-12-16,9000
T8666,A026,2025-12-16,9000
T8667,A027,2025-12-16,9000
T8668,A028,2025-12-16,9000
T8669,A029,2025-12-16,9000
T8670,A030,2025-12-16,9000
T8671,A001,2025-12-15,9000
T8672,A002,2025-12-15,9000
T8673,A003,2025-12-15,9000
T8674,A004,2025-12-15,9000
T8675,A005,2025-12-15,9000
T8676,A006,2025-12-15,9000
T8677,A007,2025-12-15,9000
T8678,A008,2025-12-15,9000
T8679,A009,2025-12-15,9000
T8680,A010,2025-12-15,9000
T8681,A011,2025-12-15,9000
T8682,A012,2025-12-15,9000
T8683,A013,2025-12-15,9000
T8684,A014,2025-12-15,9000
T8685,A015,2025-12-15,9000
T8686,A016,2025-12-15,9000
T8687,A017,2025-12-15,9000
T8688,A018,2025-12-15,9000
T8689,A019,2025-12-15,9000
T8690,A020,2025-12-15,9000
T8691,A021,2025-12-15,9000
T8692,A022,2025-12-15,9000
T8693,A023,2025-12-15,9000
T8694,A024,2025-12-15,9000
T8695,A025,2025-12-15,9000
T8696,A026,2025-12-15,9000
T8697,A027,2025-12-15,9000
T8698,A028,2025-12-15,9000
T8699,A029,2025-12-15,9000
T8700,A030,2025-12-15,9000
T8701,A001,2025-12-14,9000
T8702,A002,2025-12-14,9000
T8703,A003,2025-12-14,9000
T8704,A004,2025-12-14,9000
T8705,A005,2025-12-14,9000
T8706,A006,2025-12-14,9000
T8707,A007,2025-12-14,9000
T8708,A008,2025-12-14,9000
T8709,A009,2025-12-14,9000
T8710,A010,2025-12-14,9000
T8711,A011,2025-12-14,9000
T8712,A012,2025-12-14,9000
T8713,A013,2025-12-14,9000
T8714,A014,2025-12-14,9000
T8715,A015,2025-12-14,9000
T8716,A016,2025-12-14,9000
T8717,A017,2025-12-14,9000
T8718,A018,2025-12-14,9000
T8719,A019,2025-12-14,9000
T8720,A020,2025-12-14,9000
T8721,A021,2025-12-14,9000
T8722,A022,2025-12-14,9000
T8723,A023,2025-12-14,9000
T8724,A024,2025-12-14,9000
T8725,A025,2025-12-14,9000
T8726,A026,2025-12-14,9000
T8727,A027,2025-12-14,9000
T8728,A028,2025-12-14,9000
T8729,A029,2025-12-14,9000
T8730,A030,2025-12-14,9000
T8731,A001,2025-12-13,9000
T8732,A002,2025-12-13,9000
T8733,A003,2025-12-13,9000
T8734,A004,2025-12-13,9000
T8735,A005,2025-12-13,9000
T8736,A006,2025-12-13,9000
T8737,A007,2025-12-13,9000
T8738,A008,2025-12-13,9000
T8739,A009,2025-12-13,9000
T8740,A010,2025-12-13,9000
T8741,A011,2025-12-13,9000
T8742,A012,2025-12-13,9000
T8743,A013,2025-12-13,9000
T8744,A014,2025-12-13,9000
T8745,A015,2025-12-13,9000
T8746,A016,2025-12-13,9000
T8747,A017,2025-12-13,9000
T8748,A018,2025-12-13,9000
T8749,A019,2025-12-13,9000
T8750,A020,2025-12-13,9000
T8751,A021,2025-12-13,9000
T8752,A022,2025-12-13,9000
T8753,A023,2025-12-13,9000
T8754,A024,2025-12-13,9000
T8755,A025,2025-12-13,9000
T8756,A026,2025-12-13,9000
T8757,A027,2025-12-13,9000
T8758,A028,2025-12-13,9000
T8759,A029,2025-12-13,9000
T8760,A030,2025-12-13,9000
T8761,A001,2025-12-12,9000
T8762,A002,2025-12-12,9000
T8763,A003,2025-12-12,9000
T8764,A004,2025-12-12,9000
T8765,A005,2025-12-12,9000
T8766,A006,2025-12-12,9000
T8767,A007,2025-12-12,9000
T8768,A008,2025-12-12,9000
T8769,A009,2025-12-12,9000
T8770,A010,2025-12-12,9000
T8771,A011,2025-12-12,9000
T8772,A012,2025-12-12,9000
T8773,A013,2025-12-12,9000
T8774,A014,2025-12-12,9000
T8775,A015,2025-12-12,9000
T8776,A016,2025-12-12,9000
T8777,A017,2025-12-12,9000
T8778,A018,2025-12-12,9000
T8779,A019,2025-12-12,9000
T8780,A020,2025-12-12,9000
T8781,A021,2025-12-12,9000
T8782,A022,2025-12-12,9000
T8783,A023,2025-12-12,9000
T8784,A024,2025-12-12,9000
T8785,A025,2025-12-12,9000
T8786,A026,2025-12-12,9000
T8787,A027,2025-12-12,9000
T8788,A028,2025-12-12,9000
T8789,A029,2025-12-12,9000
T8790,A030,2025-12-12,9000
T8791,A001,2025-12-11,9000
T8792,A002,2025-12-11,9000
T8793,A003,2025-12-11,9000
T8794,A004,2025-12-11,9000
T8795,A005,2025-12-11,9000
T8796,A006,2025-12-11,9000
T8797,A007,2025-12-11,9000
T8798,A008,2025-12-11,9000
T8799,A009,2025-12-11,9000
T8800,A010,2025-12-11,9000
T8801,A011,2025-12-11,9000
T8802,A012,2025-12-11,9000
T8803,A013,2025-12-11,9000
T8804,A014,2025-12-11,9000
T8805,A015,2025-12-11,9000
T8806,A016,2025-12-11,9000
T8807,A017,2025-12-11,9000
T8808,A018,2025-12-11,9000
T8809,A019,2025-12-11,9000
T8810,A020,2025-12-11,9000
T8811,A021,2025-12-11,9000
T8812,A022,2025-12-11,9000
T8813,A023,2025-12-11,9000
T8814,A024,2025-12-11,9000
T8815,A025,2025-12-11,9000
T8816,A026,2025-12-11,9000
T8817,A027,2025-12-11,9000
T8818,A028,2025-12-11,9000
T8819,A029,2025-12-11,9000
T8820,A030,2025-12-11,9000
T8821,A001,2025-12-10,9000
T8822,A002,2025-12-10,9000
T8823,A003,2025-12-10,9000
T8824,A004,2025-12-10,9000
T8825,A005,2025-12-10,9000
T8826,A006,2025-12-10,9000
T8827,A007,2025-12-10,9000
T8828,A008,2025-12-10,9000
T8829,A009,2025-12-10,9000
T8830,A010,2025-12-10,9000
T8831,A011,2025-12-10,9000
T8832,A012,2025-12-10,9000
T8833,A013,2025-12-10,9000
T8834,A014,2025-12-10,9000
T8835,A015,2025-12-10,9000
T8836,A016,2025-12-10,9000
T8837,A017,2025-12-10,9000
T8838,A018,2025-12-10,9000
T8839,A019,2025-12-10,9000
T8840,A020,2025-12-10,9000
T8841,A021,2025-12-10,9000
T8842,A022,2025-12-10,9000
T8843,A023,2025-12-10,9000
T8844,A024,2025-12-10,9000
T8845,A025,2025-12-10,9000
T8846,A026,2025-12-10,9000
T8847,A027,2025-12-10,9000
T8848,A028,2025-12-10,9000
T8849,A029,2025-12-10,9000
T8850,A030,2025-12-10,9000
T8851,A001,2025-12-09,9000
T8852,A002,2025-12-09,9000
T8853,A003,2025-12-09,9000
T8854,A004,2025-12-09,9000
T8855,A005,2025-12-09,9000
T8856,A006,2025-12-09,9000
T8857,A007,2025-12-09,9000
T8858,A008,2025-12-09,9000
T8859,A009,2025-12-09,9000
T8860,A010,2025-12-09,9000
T8861,A011,2025-12-09,9000
T8862,A012,2025-12-09,9000
T8863,A013,2025-12-09,9000
T8864,A014,2025-12-09,9000
T8865,A015,2025-12-09,9000
T8866,A016,2025-12-09,9000
T8867,A017,2025-12-09,9000
T8868,A018,2025-12-09,9000
T8869,A019,2025-12-09,9000
T8870,A020,2025-12-09,9000
T8871,A021,2025-12-09,9000
T8872,A022,2025-12-09,9000
T8873,A023,2025-12-09,9000
T8874,A024,2025-12-09,9000
T8875,A025,2025-12-09,9000
T8876,A026,2025-12-09,9000
T8877,A027,2025-12-09,9000
T8878,A028,2025-12-09,9000
T8879,A029,2025-12-09,9000
T8880,A030,2025-12-09,9000
T8881,A001,2025-12-08,9000
T8882,A002,2025-12-08,9000
T8883,A003,2025-12-08,9000
T8884,A004,2025-12-08,9000
T8885,A005,2025-12-08,9000
T8886,A006,2025-12-08,9000
T8887,A007,2025-12-08,9000
T8888,A008,2025-12-08,9000
T8889,A009,2025-12-08,9000
T8890,A010,2025-12-08,9000
T8891,A011,2025-12-08,9000
T8892,A012,2025-12-08,9000
T8893,A013,2025-12-08,9000
T8894,A014,2025-12-08,9000
T8895,A015,2025-12-08,9000
T8896,A016,2025-12-08,9000
T8897,A017,2025-12-08,9000
T8898,A018,2025-12-08,9000
T8899,A019,2025-12-08,9000
T8900,A020,2025-12-08,9000
T8901,A021,2025-12-08,9000
T8902,A022,2025-12-08,9000
T8903,A023,2025-12-08,9000
T8904,A024,2025-12-08,9000
T8905,A025,2025-12-08,9000
T8906,A026,2025-12-08,9000
T8907,A027,2025-12-08,9000
T8908,A028,2025-12-08,9000
T8909,A029,2025-12-08,9000
T8910,A030,2025-12-08,9000
T8911,A001,2025-12-07,9000
T8912,A002,2025-12-07,9000
T8913,A003,2025-12-07,9000
T8914,A004,2025-12-07,9000
T8915,A005,2025-12-07,9000
T8916,A006,2025-12-07,9000
T8917,A007,2025-12-07,9000
T8918,A008,2025-12-07,9000
T8919,A009,2025-12-07,9000
T8920,A010,2025-12-07,9000
T8921,A011,2025-12-07,9000
T8922,A012,2025-12-07,9000
T8923,A013,2025-12-07,9000
T8924,A014,2025-12-07,9000
T8925,A015,2025-12-07,9000
T8926,A016,2025-12-07,9000
T8927,A017,2025-12-07,9000
T8928,A018,2025-12-07,9000
T8929,A019,2025-12-07,9000
T8930,A020,2025-12-07,9000
T8931,A021,2025-12-07,9000
T8932,A022,2025-12-07,9000
T8933,A023,2025-12-07,9000
T8934,A024,2025-12-07,9000
T8935,A025,2025-12-07,9000
T8936,A026,2025-12-07,9000
T8937,A027,2025-12-07,9000
T8938,A028,2025-12-07,9000
T8939,A029,2025-12-07,9000
T8940,A030,2025-12-07,9000
T8941,A001,2025-12-06,9000
T8942,A002,2025-12-06,9000
T8943,A003,2025-12-06,9000
T8944,A004,2025-12-06,9000
T8945,A005,2025-12-06,9000
T8946,A006,2025-12-06,9000
T8947,A007,2025-12-06,9000
T8948,A008,2025-12-06,9000
T8949,A009,2025-12-06,9000
T8950,A010,2025-12-06,9000
T8951,A011,2025-12-06,9000
T8952,A012,2025-12-06,9000
T8953,A013,2025-12-06,9000
T8954,A014,2025-12-06,9000
T8955,A015,2025-12-06,9000
T8956,A016,2025-12-06,9000
T8957,A017,2025-12-06,9000
T8958,A018,2025-12-06,9000
T8959,A019,2025-12-06,9000
T8960,A020,2025-12-06,9000
T8961,A021,2025-12-06,9000
T8962,A022,2025-12-06,9000
T8963,A023,2025-12-06,9000
T8964,A024,2025-12-06,9000
T8965,A025,2025-12-06,9000
T8966,A026,2025-12-06,9000
T8967,A027,2025-12-06,9000
T8968,A028,2025-12-06,9000
T8969,A029,2025-12-06,9000
T8970,A030,2025-12-06,9000
T8971,A001,2025-12-05,9000
T8972,A002,2025-12-05,9000
T8973,A003,2025-12-05,9000
T8974,A004,2025-12-05,9000
T8975,A005,2025-12-05,9000
T8976,A006,2025-12-05,9000
T8977,A007,2025-12-05,9000
T8978,A008,2025-12-05,9000
T8979,A009,2025-12-05,9000
T8980,A010,2025-12-05,9000
T8981,A011,2025-12-05,9000
T8982,A012,2025-12-05,9000
T8983,A013,2025-12-05,9000
T8984,A014,2025-12-05,9000
T8985,A015,2025-12-05,9000
T8986,A016,2025-12-05,9000
T8987,A017,2025-12-05,9000
T8988,A018,2025-12-05,9000
T8989,A019,2025-12-05,9000
T8990,A020,2025-12-05,9000
T8991,A021,2025-12-05,9000
T8992,A022,2025-12-05,9000
T8993,A023,2025-12-05,9000
T8994,A024,2025-12-05,9000
T8995,A025,2025-12-05,9000
T8996,A026,2025-12-05,9000
T8997,A027,2025-12-05,9000
T8998,A028,2025-12-05,9000
T8999,A029,2025-12-05,9000
T9000,A030,2025-12-05,9000
T9001,A001,2025-12-04,9000
T9002,A002,2025-12-04,9000
T9003,A003,2025-12-04,9000
T9004,A004,2025-12-04,9000
T9005,A005,2025-12-04,9000
T9006,A006,2025-12-04,9000
T9007,A007,2025-12-04,9000
T9008,A008,2025-12-04,9000
T9009,A009,2025-12-04,9000
T9010,A010,2025-12-04,9000
T9011,A011,2025-12-04,9000
T9012,A012,2025-12-04,9000
T9013,A013,2025-12-04,9000
T9014,A014,2025-12-04,9000
T9015,A015,2025-12-04,9000
T9016,A016,2025-12-04,9000
T9017,A017,2025-12-04,9000
T9018,A018,2025-12-04,9000
T9019,A019,2025-12-04,9000
T9020,A020,2025-12-04,9000
T9021,A021,2025-12-04,9000
T9022,A022,2025-12-04,9000
T9023,A023,2025-12-04,9000
T9024,A024,2025-12-04,9000
T9025,A025,2025-12-04,9000
T9026,A026,2025-12-04,9000
T9027,A027,2025-12-04,9000
T9028,A028,2025-12-04,9000
T9029,A029,2025-12-04,9000
T9030,A030,2025-12-04,9000
T9031,A001,2025-12-03,9000
T9032,A002,2025-12-03,9000
T9033,A003,2025-12-03,9000
T9034,A004,2025-12-03,9000
T9035,A005,2025-12-03,9000
T9036,A006,2025-12-03,9000
T9037,A007,2025-12-03,9000
T9038,A008,2025-12-03,9000
T9039,A009,2025-12-03,9000
T9040,A010,2025-12-03,9000
T9041,A011,2025-12-03,9000
T9042,A012,2025-12-03,9000
T9043,A013,2025-12-03,9000
T9044,A014,2025-12-03,9000
T9045,A015,2025-12-03,9000
T9046,A016,2025-12-03,9000
T9047,A017,2025-12-03,9000
T9048,A018,2025-12-03,9000
T9049,A019,2025-12-03,9000
T9050,A020,2025-12-03,9000
T9051,A021,2025-12-03,9000
T9052,A022,2025-12-03,9000
T9053,A023,2025-12-03,9000
T9054,A024,2025-12-03,9000
T9055,A025,2025-12-03,9000
T9056,A026,2025-12-03,9000
T9057,A027,2025-12-03,9000
T9058,A028,2025-12-03,9000
T9059,A029,2025-12-03,9000
T9060,A030,2025-12-03,9000
T9061,A001,2025-12-02,9000
T9062,A002,2025-12-02,9000
T9063,A003,2025-12-02,9000
T9064,A004,2025-12-02,9000
T9065,A005,2025-12-02,9000
T9066,A006,2025-12-02,9000
T9067,A007,2025-12-02,9000
T9068,A008,2025-12-02,9000
T9069,A009,2025-12-02,9000
T9070,A010,2025-12-02,9000
T9071,A011,2025-12-02,9000
T9072,A012,2025-12-02,9000
T9073,A013,2025-12-02,9000
T9074,A014,2025-12-02,9000
T9075,A015,2025-12-02,9000
T9076,A016,2025-12-02,9000
T9077,A017,2025-12-02,9000
T9078,A018,2025-12-02,9000
T9079,A019,2025-12-02,9000
T9080,A020,2025-12-02,9000
T9081,A021,2025-12-02,9000
T9082,A022,2025-12-02,9000
T9083,A023,2025-12-02,9000
T9084,A024,2025-12-02,9000
T9085,A025,2025-12-02,9000
T9086,A026,2025-12-02,9000
T9087,A027,2025-12-02,9000
T9088,A028,2025-12-02,9000
T9089,A029,2025-12-02,9000
T9090,A030,2025-12-02,9000
T9091,A001,2025-12-01,9000
T9092,A002,2025-12-01,9000
T9093,A003,2025-12-01,9000
T9094,A004,2025-12-01,9000
T9095,A005,2025-12-01,9000
T9096,A006,2025-12-01,9000
T9097,A007,2025-12-01,9000
T9098,A008,2025-12-01,9000
T9099,A009,2025-12-01,9000
T9100,A010,2025-12-01,9000
T9101,A011,2025-12-01,9000
T9102,A012,2025-12-01,9000
T9103,A013,2025-12-01,9000
T9104,A014,2025-12-01,9000
T9105,A015,2025-12-01,9000
T9106,A016,2025-12-01,9000
T9107,A017,2025-12-01,9000
T9108,A018,2025-12-01,9000
T9109,A019,2025-12-01,9000
T9110,A020,2025-12-01,9000
T9111,A021,2025-12-01,9000
T9112,A022,2025-12-01,9000
T9113,A023,2025-12-01,9000
T9114,A024,2025-12-01,9000
T9115,A025,2025-12-01,9000
T9116,A026,2025-12-01,9000
T9117,A027,2025-12-01,9000
T9118,A028,2025-12-01,9000
T9119,A029,2025-12-01,9000
T9120,A030,2025-12-01,9000
T9121,A001,2025-11-30,9000
T9122,A002,2025-11-30,9000
T9123,A003,2025-11-30,9000
T9124,A004,2025-11-30,9000
T9125,A005,2025-11-30,9000
T9126,A006,2025-11-30,9000
T9127,A007,2025-11-30,9000
T9128,A008,2025-11-30,9000
T9129,A009,2025-11-30,9000
T9130,A010,2025-11-30,9000
T9131,A011,2025-11-30,9000
T9132,A012,2025-11-30,9000
T9133,A013,2025-11-30,9000
T9134,A014,2025-11-30,9000
T9135,A015,2025-11-30,9000
T9136,A016,2025-11-30,9000
T9137,A017,2025-11-30,9000
T9138,A018,2025-11-30,9000
T9139,A019,2025-11-30,9000
T9140,A020,2025-11-30,9000
T9141,A021,2025-11-30,9000
T9142,A022,2025-11-30,9000
T9143,A023,2025-11-30,9000
T9144,A024,2025-11-30,9000
T9145,A025,2025-11-30,9000
T9146,A026,2025-11-30,9000
T9147,A027,2025-11-30,9000
T9148,A028,2025-11-30,9000
T9149,A029,2025-11-30,9000
T9150,A030,2025-11-30,9000
T9151,A001,2025-11-29,9000
T9152,A002,2025-11-29,9000
T9153,A003,2025-11-29,9000
T9154,A004,2025-11-29,9000
T9155,A005,2025-11-29,9000
T9156,A006,2025-11-29,9000
T9157,A007,2025-11-29,9000
T9158,A008,2025-11-29,9000
T9159,A009,2025-11-29,9000
T9160,A010,2025-11-29,9000
T9161,A011,2025-11-29,9000
T9162,A012,2025-11-29,9000
T9163,A013,2025-11-29,9000
T9164,A014,2025-11-29,9000
T9165,A015,2025-11-29,9000
T9166,A016,2025-11-29,9000
T9167,A017,2025-11-29,9000
T9168,A018,2025-11-29,9000
T9169,A019,2025-11-29,9000
T9170,A020,2025-11-29,9000
T9171,A021,2025-11-29,9000
T9172,A022,2025-11-29,9000
T9173,A023,2025-11-29,9000
T9174,A024,2025-11-29,9000
T9175,A025,2025-11-29,9000
T9176,A026,2025-11-29,9000
T9177,A027,2025-11-29,9000
T9178,A028,2025-11-29,9000
T9179,A029,2025-11-29,9000
T9180,A030,2025-11-29,9000
T9181,A001,2025-11-28,9000
T9182,A002,2025-11-28,9000
T9183,A003,2025-11-28,9000
T9184,A004,2025-11-28,9000
T9185,A005,2025-11-28,9000
T9186,A006,2025-11-28,9000
T9187,A007,2025-11-28,9000
T9188,A008,2025-11-28,9000
T9189,A009,2025-11-28,9000
T9190,A010,2025-11-28,9000
T9191,A011,2025-11-28,9000
T9192,A012,2025-11-28,9000
T9193,A013,2025-11-28,9000
T9194,A014,2025-11-28,9000
T9195,A015,2025-11-28,9000
T9196,A016,2025-11-28,9000
T9197,A017,2025-11-28,9000
T9198,A018,2025-11-28,9000
T9199,A019,2025-11-28,9000
T9200,A020,2025-11-28,9000
T9201,A021,2025-11-28,9000
T9202,A022,2025-11-28,9000
T9203,A023,2025-11-28,9000
T9204,A024,2025-11-28,9000
T9205,A025,2025-11-28,9000
T9206,A026,2025-11-28,9000
T9207,A027,2025-11-28,9000
T9208,A028,2025-11-28,9000
T9209,A029,2025-11-28,9000
T9210,A030,2025-11-28,9000
T9211,A001,2025-11-27,9000
T9212,A002,2025-11-27,9000
T9213,A003,2025-11-27,9000
T9214,A004,2025-11-27,9000
T9215,A005,2025-11-27,9000
T9216,A006,2025-11-27,9000
T9217,A007,2025-11-27,9000
T9218,A008,2025-11-27,9000
T9219,A009,2025-11-27,9000
T9220,A010,2025-11-27,9000
T9221,A011,2025-11-27,9000
T9222,A012,2025-11-27,9000
T9223,A013,2025-11-27,9000
T9224,A014,2025-11-27,9000
T9225,A015,2025-11-27,9000
T9226,A016,2025-11-27,9000
T9227,A017,2025-11-27,9000
T9228,A018,2025-11-27,9000
T9229,A019,2025-11-27,9000
T9230,A020,2025-11-27,9000
T9231,A021,2025-11-27,9000
T9232,A022,2025-11-27,9000
T9233,A023,2025-11-27,9000
T9234,A024,2025-11-27,9000
T9235,A025,2025-11-27,9000
T9236,A026,2025-11-27,9000
T9237,A027,2025-11-27,9000
T9238,A028,2025-11-27,9000
T9239,A029,2025-11-27,9000
T9240,A030,2025-11-27,9000
T9241,A001,2025-11-26,9000
T9242,A002,2025-11-26,9000
T9243,A003,2025-11-26,9000
T9244,A004,2025-11-26,9000
T9245,A005,2025-11-26,9000
T9246,A006,2025-11-26,9000
T9247,A007,2025-11-26,9000
T9248,A008,2025-11-26,9000
T9249,A009,2025-11-26,9000
T9250,A010,2025-11-26,9000
T9251,A011,2025-11-26,9000
T9252,A012,2025-11-26,9000
T9253,A013,2025-11-26,9000
T9254,A014,2025-11-26,9000
T9255,A015,2025-11-26,9000
T9256,A016,2025-11-26,9000
T9257,A017,2025-11-26,9000
T9258,A018,2025-11-26,9000
T9259,A019,2025-11-26,9000
T9260,A020,2025-11-26,9000
T9261,A021,2025-11-26,9000
T9262,A022,2025-11-26,9000
T9263,A023,2025-11-26,9000
T9264,A024,2025-11-26,9000
T9265,A025,2025-11-26,9000
T9266,A026,2025-11-26,9000
T9267,A027,2025-11-26,9000
T9268,A028,2025-11-26,9000
T9269,A029,2025-11-26,9000
T9270,A030,2025-11-26,9000
T9271,A001,2025-11-25,9000
T9272,A002,2025-11-25,9000
T9273,A003,2025-11-25,9000
T9274,A004,2025-11-25,9000
T9275,A005,2025-11-25,9000
T9276,A006,2025-11-25,9000
T9277,A007,2025-11-25,9000
T9278,A008,2025-11-25,9000
T9279,A009,2025-11-25,9000
T9280,A010,2025-11-25,9000
T9281,A011,2025-11-25,9000
T9282,A012,2025-11-25,9000
T9283,A013,2025-11-25,9000
T9284,A014,2025-11-25,9000
T9285,A015,2025-11-25,9000
T9286,A016,2025-11-25,9000
T9287,A017,2025-11-25,9000
T9288,A018,2025-11-25,9000
T9289,A019,2025-11-25,9000
T9290,A020,2025-11-25,9000
T9291,A021,2025-11-25,9000
T9292,A022,2025-11-25,9000
T9293,A023,2025-11-25,9000
T9294,A024,2025-11-25,9000
T9295,A025,2025-11-25,9000
T9296,A026,2025-11-25,9000
T9297,A027,2025-11-25,9000
T9298,A028,2025-11-25,9000
T9299,A029,2025-11-25,9000
T9300,A030,2025-11-25,9000
T9301,A001,2025-11-24,9000
T9302,A002,2025-11-24,9000
T9303,A003,2025-11-24,9000
T9304,A004,2025-11-24,9000
T9305,A005,2025-11-24,9000
T9306,A006,2025-11-24,9000
T9307,A007,2025-11-24,9000
T9308,A008,2025-11-24,9000
T9309,A009,2025-11-24,9000
T9310,A010,2025-11-24,9000
T9311,A011,2025-11-24,9000
T9312,A012,2025-11-24,9000
T9313,A013,2025-11-24,9000
T9314,A014,2025-11-24,9000
T9315,A015,2025-11-24,9000
T9316,A016,2025-11-24,9000
T9317,A017,2025-11-24,9000
T9318,A018,2025-11-24,9000
T9319,A019,2025-11-24,9000
T9320,A020,2025-11-24,9000
T9321,A021,2025-11-24,9000
T9322,A022,2025-11-24,9000
T9323,A023,2025-11-24,9000
T9324,A024,2025-11-24,9000
T9325,A025,2025-11-24,9000
T9326,A026,2025-11-24,9000
T9327,A027,2025-11-24,9000
T9328,A028,2025-11-24,9000
T9329,A029,2025-11-24,9000
T9330,A030,2025-11-24,9000
T9331,A001,2025-11-23,9000
T9332,A002,2025-11-23,9000
T9333,A003,2025-11-23,9000
T9334,A004,2025-11-23,9000
T9335,A005,2025-11-23,9000
T9336,A006,2025-11-23,9000
T9337,A007,2025-11-23,9000
T9338,A008,2025-11-23,9000
T9339,A009,2025-11-23,9000
T9340,A010,2025-11-23,9000
T9341,A011,2025-11-23,9000
T9342,A012,2025-11-23,9000
T9343,A013,2025-11-23,9000
T9344,A014,2025-11-23,9000
T9345,A015,2025-11-23,9000
T9346,A016,2025-11-23,9000
T9347,A017,2025-11-23,9000
T9348,A018,2025-11-23,9000
T9349,A019,2025-11-23,9000
T9350,A020,2025-11-23,9000
T9351,A021,2025-11-23,9000
T9352,A022,2025-11-23,9000
T9353,A023,2025-11-23,9000
T9354,A024,2025-11-23,9000
T9355,A025,2025-11-23,9000
T9356,A026,2025-11-23,9000
T9357,A027,2025-11-23,9000
T9358,A028,2025-11-23,9000
T9359,A029,2025-11-23,9000
T9360,A030,2025-11-23,9000
T9361,A001,2025-11-22,9000
T9362,A002,2025-11-22,9000
T9363,A003,2025-11-22,9000
T9364,A004,2025-11-22,9000
T9365,A005,2025-11-22,9000
T9366,A006,2025-11-22,9000
T9367,A007,2025-11-22,9000
T9368,A008,2025-11-22,9000
T9369,A009,2025-11-22,9000
T9370,A010,2025-11-22,9000
T9371,A011,2025-11-22,9000
T9372,A012,2025-11-22,9000
T9373,A013,2025-11-22,9000
T9374,A014,2025-11-22,9000
T9375,A015,2025-11-22,9000
T9376,A016,2025-11-22,9000
T9377,A017,2025-11-22,9000
T9378,A018,2025-11-22,9000
T9379,A019,2025-11-22,9000
T9380,A020,2025-11-22,9000
T9381,A021,2025-11-22,9000
T9382,A022,2025-11-22,9000
T9383,A023,2025-11-22,9000
T9384,A024,2025-11-22,9000
T9385,A025,2025-11-22,9000
T9386,A026,2025-11-22,9000
T9387,A027,2025-11-22,9000
T9388,A028,2025-11-22,9000
T9389,A029,2025-11-22,9000
T9390,A030,2025-11-22,9000
T9391,A001,2025-11-21,9000
T9392,A002,2025-11-21,9000
T9393,A003,2025-11-21,9000
T9394,A004,2025-11-21,9000
T9395,A005,2025-11-21,9000
T9396,A006,2025-11-21,9000
T9397,A007,2025-11-21,9000
T9398,A008,2025-11-21,9000
T9399,A009,2025-11-21,9000
T9400,A010,2025-11-21,9000
T9401,A011,2025-11-21,9000
T9402,A012,2025-11-21,9000
T9403,A013,2025-11-21,9000
T9404,A014,2025-11-21,9000
T9405,A015,2025-11-21,9000
T9406,A016,2025-11-21,9000
T9407,A017,2025-11-21,9000
T9408,A018,2025-11-21,9000
T9409,A019,2025-11-21,9000
T9410,A020,2025-11-21,9000
T9411,A021,2025-11-21,9000
T9412,A022,2025-11-21,9000
T9413,A023,2025-11-21,9000
T9414,A024,2025-11-21,9000
T9415,A025,2025-11-21,9000
T9416,A026,2025-11-21,9000
T9417,A027,2025-11-21,9000
T9418,A028,2025-11-21,9000
T9419,A029,2025-11-21,9000
T9420,A030,2025-11-21,9000
T9421,A001,2025-11-20,9000
T9422,A002,2025-11-20,9000
T9423,A003,2025-11-20,9000
T9424,A004,2025-11-20,9000
T9425,A005,2025-11-20,9000
T9426,A006,2025-11-20,9000
T9427,A007,2025-11-20,9000
T9428,A008,2025-11-20,9000
T9429,A009,2025-11-20,9000
T9430,A010,2025-11-20,9000
T9431,A011,2025-11-20,9000
T9432,A012,2025-11-20,9000
T9433,A013,2025-11-20,9000
T9434,A014,2025-11-20,9000
T9435,A015,2025-11-20,9000
T9436,A016,2025-11-20,9000
T9437,A017,2025-11-20,9000
T9438,A018,2025-11-20,9000
T9439,A019,2025-11-20,9000
T9440,A020,2025-11-20,9000
T9441,A021,2025-11-20,9000
T9442,A022,2025-11-20,9000
T9443,A023,2025-11-20,9000
T9444,A024,2025-11-20,9000
T9445,A025,2025-11-20,9000
T9446,A026,2025-11-20,9000
T9447,A027,2025-11-20,9000
T9448,A028,2025-11-20,9000
T9449,A029,2025-11-20,9000
T9450,A030,2025-11-20,9000
T9451,A001,2025-11-19,9000
T9452,A002,2025-11-19,9000
T9453,A003,2025-11-19,9000
T9454,A004,2025-11-19,9000
T9455,A005,2025-11-19,9000
T9456,A006,2025-11-19,9000
T9457,A007,2025-11-19,9000
T9458,A008,2025-11-19,9000
T9459,A009,2025-11-19,9000
T9460,A010,2025-11-19,9000
T9461,A011,2025-11-19,9000
T9462,A012,2025-11-19,9000
T9463,A013,2025-11-19,9000
T9464,A014,2025-11-19,9000
T9465,A015,2025-11-19,9000
T9466,A016,2025-11-19,9000
T9467,A017,2025-11-19,9000
T9468,A018,2025-11-19,9000
T9469,A019,2025-11-19,9000
T9470,A020,2025-11-19,9000
T9471,A021,2025-11-19,9000
T9472,A022,2025-11-19,9000
T9473,A023,2025-11-19,9000
T9474,A024,2025-11-19,9000
T9475,A025,2025-11-19,9000
T9476,A026,2025-11-19,9000
T9477,A027,2025-11-19,9000
T9478,A028,2025-11-19,9000
T9479,A029,2025-11-19,9000
T9480,A030,2025-11-19,9000
T9481,A001,2025-11-18,9000
T9482,A002,2025-11-18,9000
T9483,A003,2025-11-18,9000
T9484,A004,2025-11-18,9000
T9485,A005,2025-11-18,9000
T9486,A006,2025-11-18,9000
T9487,A007,2025-11-18,9000
T9488,A008,2025-11-18,9000
T9489,A009,2025-11-18,9000
T9490,A010,2025-11-18,9000
T9491,A011,2025-11-18,9000
T9492,A012,2025-11-18,9000
T9493,A013,2025-11-18,9000
T9494,A014,2025-11-18,9000
T9495,A015,2025-11-18,9000
T9496,A016,2025-11-18,9000
T9497,A017,2025-11-18,9000
T9498,A018,2025-11-18,9000
T9499,A019,2025-11-18,9000
T9500,A020,2025-11-18,9000
T9501,A021,2025-11-18,9000
T9502,A022,2025-11-18,9000
T9503,A023,2025-11-18,9000
T9504,A024,2025-11-18,9000
T9505,A025,2025-11-18,9000
T9506,A026,2025-11-18,9000
T9507,A027,2025-11-18,9000
T9508,A028,2025-11-18,9000
T9509,A029,2025-11-18,9000
T9510,A030,2025-11-18,9000
T9511,A001,2025-11-17,9000
T9512,A002,2025-11-17,9000
T9513,A003,2025-11-17,9000
T9514,A004,2025-11-17,9000
T9515,A005,2025-11-17,9000
T9516,A006,2025-11-17,9000
T9517,A007,2025-11-17,9000
T9518,A008,2025-11-17,9000
T9519,A009,2025-11-17,9000
T9520,A010,2025-11-17,9000
T9521,A011,2025-11-17,9000
T9522,A012,2025-11-17,9000
T9523,A013,2025-11-17,9000
T9524,A014,2025-11-17,9000
T9525,A015,2025-11-17,9000
T9526,A016,2025-11-17,9000
T9527,A017,2025-11-17,9000
T9528,A018,2025-11-17,9000
T9529,A019,2025-11-17,9000
T9530,A020,2025-11-17,9000
T9531,A021,2025-11-17,9000
T9532,A022,2025-11-17,9000
T9533,A023,2025-11-17,9000
T9534,A024,2025-11-17,9000
T9535,A025,2025-11-17,9000
T9536,A026,2025-11-17,9000
T9537,A027,2025-11-17,9000
T9538,A028,2025-11-17,9000
T9539,A029,2025-11-17,9000
T9540,A030,2025-11-17,9000
T9541,A001,2025-11-16,9000
T9542,A002,2025-11-16,9000
T9543,A003,2025-11-16,9000
T9544,A004,2025-11-16,9000
T9545,A005,2025-11-16,9000
T9546,A006,2025-11-16,9000
T9547,A007,2025-11-16,9000
T9548,A008,2025-11-16,9000
T9549,A009,2025-11-16,9000
T9550,A010,2025-11-16,9000
T9551,A011,2025-11-16,9000
T9552,A012,2025-11-16,9000
T9553,A013,2025-11-16,9000
T9554,A014,2025-11-16,9000
T9555,A015,2025-11-16,9000
T9556,A016,2025-11-16,9000
T9557,A017,2025-11-16,9000
T9558,A018,2025-11-16,9000
T9559,A019,2025-11-16,9000
T9560,A020,2025-11-16,9000
T9561,A021,2025-11-16,9000
T9562,A022,2025-11-16,9000
T9563,A023,2025-11-16,9000
T9564,A024,2025-11-16,9000
T9565,A025,2025-11-16,9000
T9566,A026,2025-11-16,9000
T9567,A027,2025-11-16,9000
T9568,A028,2025-11-16,9000
T9569,A029,2025-11-16,9000
T9570,A030,2025-11-16,9000
T9571,A001,2025-11-15,9000
T9572,A002,2025-11-15,9000
T9573,A003,2025-11-15,9000
T9574,A004,2025-11-15,9000
T9575,A005,2025-11-15,9000
T9576,A006,2025-11-15,9000
T9577,A007,2025-11-15,9000
T9578,A008,2025-11-15,9000
T9579,A009,2025-11-15,9000
T9580,A010,2025-11-15,9000
T9581,A011,2025-11-15,9000
T9582,A012,2025-11-15,9000
T9583,A013,2025-11-15,9000
T9584,A014,2025-11-15,9000
T9585,A015,2025-11-15,9000
T9586,A016,2025-11-15,9000
T9587,A017,2025-11-15,9000
T9588,A018,2025-11-15,9000
T9589,A019,2025-11-15,9000
T9590,A020,2025-11-15,9000
T9591,A021,2025-11-15,9000
T9592,A022,2025-11-15,9000
T9593,A023,2025-11-15,9000
T9594,A024,2025-11-15,9000
T9595,A025,2025-11-15,9000
T9596,A026,2025-11-15,9000
T9597,A027,2025-11-15,9000
T9598,A028,2025-11-15,9000
T9599,A029,2025-11-15,9000
T9600,A030,2025-11-15,9000
T9601,A001,2025-11-14,9000
T9602,A002,2025-11-14,9000
T9603,A003,2025-11-14,9000
T9604,A004,2025-11-14,9000
T9605,A005,2025-11-14,9000
T9606,A006,2025-11-14,9000
T9607,A007,2025-11-14,9000
T9608,A008,2025-11-14,9000
T9609,A009,2025-11-14,9000
T9610,A010,2025-11-14,9000
T9611,A011,2025-11-14,9000
T9612,A012,2025-11-14,9000
T9613,A013,2025-11-14,9000
T9614,A014,2025-11-14,9000
T9615,A015,2025-11-14,9000
T9616,A016,2025-11-14,9000
T9617,A017,2025-11-14,9000
T9618,A018,2025-11-14,9000
T9619,A019,2025-11-14,9000
T9620,A020,2025-11-14,9000
T9621,A021,2025-11-14,9000
T9622,A022,2025-11-14,9000
T9623,A023,2025-11-14,9000
T9624,A024,2025-11-14,9000
T9625,A025,2025-11-14,9000
T9626,A026,2025-11-14,9000
T9627,A027,2025-11-14,9000
T9628,A028,2025-11-14,9000
T9629,A029,2025-11-14,9000
T9630,A030,2025-11-14,9000
T9631,A001,2025-11-13,9000
T9632,A002,2025-11-13,9000
T9633,A003,2025-11-13,9000
T9634,A004,2025-11-13,9000
T9635,A005,2025-11-13,9000
T9636,A006,2025-11-13,9000
T9637,A007,2025-11-13,9000
T9638,A008,2025-11-13,9000
T9639,A009,2025-11-13,9000
T9640,A010,2025-11-13,9000
T9641,A011,2025-11-13,9000
T9642,A012,2025-11-13,9000
T9643,A013,2025-11-13,9000
T9644,A014,2025-11-13,9000
T9645,A015,2025-11-13,9000
T9646,A016,2025-11-13,9000
T9647,A017,2025-11-13,9000
T9648,A018,2025-11-13,9000
T9649,A019,2025-11-13,9000
T9650,A020,2025-11-13,9000
T9651,A021,2025-11-13,9000
T9652,A022,2025-11-13,9000
T9653,A023,2025-11-13,9000
T9654,A024,2025-11-13,9000
T9655,A025,2025-11-13,9000
T9656,A026,2025-11-13,9000
T9657,A027,2025-11-13,9000
T9658,A028,2025-11-13,9000
T9659,A029,2025-11-13,9000
T9660,A030,2025-11-13,9000
T9661,A001,2025-11-12,9000
T9662,A002,2025-11-12,9000
T9663,A003,2025-11-12,9000
T9664,A004,2025-11-12,9000
T9665,A005,2025-11-12,9000
T9666,A006,2025-11-12,9000
T9667,A007,2025-11-12,9000
T9668,A008,2025-11-12,9000
T9669,A009,2025-11-12,9000
T9670,A010,2025-11-12,9000
T9671,A011,2025-11-12,9000
T9672,A012,2025-11-12,9000
T9673,A013,2025-11-12,9000
T9674,A014,2025-11-12,9000
T9675,A015,2025-11-12,9000
T9676,A016,2025-11-12,9000
T9677,A017,2025-11-12,9000
T9678,A018,2025-11-12,9000
T9679,A019,2025-11-12,9000
T9680,A020,2025-11-12,9000
T9681,A021,2025-11-12,9000
T9682,A022,2025-11-12,9000
T9683,A023,2025-11-12,9000
T9684,A024,2025-11-12,9000
T9685,A025,2025-11-12,9000
T9686,A026,2025-11-12,9000
T9687,A027,2025-11-12,9000
T9688,A028,2025-11-12,9000
T9689,A029,2025-11-12,9000
T9690,A030,2025-11-12,9000
T9691,A001,2025-11-11,9000
T9692,A002,2025-11-11,9000
T9693,A003,2025-11-11,9000
T9694,A004,2025-11-11,9000
T9695,A005,2025-11-11,9000
T9696,A006,2025-11-11,9000
T9697,A007,2025-11-11,9000
T9698,A008,2025-11-11,9000
T9699,A009,2025-11-11,9000
T9700,A010,2025-11-11,9000
T9701,A011,2025-11-11,9000
T9702,A012,2025-11-11,9000
T9703,A013,2025-11-11,9000
T9704,A014,2025-11-11,9000
T9705,A015,2025-11-11,9000
T9706,A016,2025-11-11,9000
T9707,A017,2025-11-11,9000
T9708,A018,2025-11-11,9000
T9709,A019,2025-11-11,9000
T9710,A020,2025-11-11,9000
T9711,A021,2025-11-11,9000
T9712,A022,2025-11-11,9000
T9713,A023,2025-11-11,9000
T9714,A024,2025-11-11,9000
T9715,A025,2025-11-11,9000
T9716,A026,2025-11-11,9000
T9717,A027,2025-11-11,9000
T9718,A028,2025-11-11,9000
T9719,A029,2025-11-11,9000
T9720,A030,2025-11-11,9000
T9721,A001,2025-11-10,9000
T9722,A002,2025-11-10,9000
T9723,A003,2025-11-10,9000
T9724,A004,2025-11-10,9000
T9725,A005,2025-11-10,9000
T9726,A006,2025-11-10,9000
T9727,A007,2025-11-10,9000
T9728,A008,2025-11-10,9000
T9729,A009,2025-11-10,9000
T9730,A010,2025-11-10,9000
T9731,A011,2025-11-10,9000
T9732,A012,2025-11-10,9000
T9733,A013,2025-11-10,9000
T9734,A014,2025-11-10,9000
T9735,A015,2025-11-10,9000
T9736,A016,2025-11-10,9000
T9737,A017,2025-11-10,9000
T9738,A018,2025-11-10,9000
T9739,A019,2025-11-10,9000
T9740,A020,2025-11-10,9000
T9741,A021,2025-11-10,9000
T9742,A022,2025-11-10,9000
T9743,A023,2025-11-10,9000
T9744,A024,2025-11-10,9000
T9745,A025,2025-11-10,9000
T9746,A026,2025-11-10,9000
T9747,A027,2025-11-10,9000
T9748,A028,2025-11-10,9000
T9749,A029,2025-11-10,9000
T9750,A030,2025-11-10,9000
T9751,A001,2025-11-09,9000
T9752,A002,2025-11-09,9000
T9753,A003,2025-11-09,9000
T9754,A004,2025-11-09,9000
T9755,A005,2025-11-09,9000
T9756,A006,2025-11-09,9000
T9757,A007,2025-11-09,9000
T9758,A008,2025-11-09,9000
T9759,A009,2025-11-09,9000
T9760,A010,2025-11-09,9000
T9761,A011,2025-11-09,9000
T9762,A012,2025-11-09,9000
T9763,A013,2025-11-09,9000
T9764,A014,2025-11-09,9000
T9765,A015,2025-11-09,9000
T9766,A016,2025-11-09,9000
T9767,A017,2025-11-09,9000
T9768,A018,2025-11-09,9000
T9769,A019,2025-11-09,9000
T9770,A020,2025-11-09,9000
T9771,A021,2025-11-09,9000
T9772,A022,2025-11-09,9000
T9773,A023,2025-11-09,9000
T9774,A024,2025-11-09,9000
T9775,A025,2025-11-09,9000
T9776,A026,2025-11-09,9000
T9777,A027,2025-11-09,9000
T9778,A028,2025-11-09,9000
T9779,A029,2025-11-09,9000
T9780,A030,2025-11-09,9000
T9781,A001,2025-11-08,9000
T9782,A002,2025-11-08,9000
T9783,A003,2025-11-08,9000
T9784,A004,2025-11-08,9000
T9785,A005,2025-11-08,9000
T9786,A006,2025-11-08,9000
T9787,A007,2025-11-08,9000
T9788,A008,2025-11-08,9000
T9789,A009,2025-11-08,9000
T9790,A010,2025-11-08,9000
T9791,A011,2025-11-08,9000
T9792,A012,2025-11-08,9000
T9793,A013,2025-11-08,9000
T9794,A014,2025-11-08,9000
T9795,A015,2025-11-08,9000
T9796,A016,2025-11-08,9000
T9797,A017,2025-11-08,9000
T9798,A018,2025-11-08,9000
T9799,A019,2025-11-08,9000
T9800,A020,2025-11-08,9000
T9801,A021,2025-11-08,9000
T9802,A022,2025-11-08,9000
T9803,A023,2025-11-08,9000
T9804,A024,2025-11-08,9000
T9805,A025,2025-11-08,9000
T9806,A026,2025-11-08,9000
T9807,A027,2025-11-08,9000
T9808,A028,2025-11-08,9000
T9809,A029,2025-11-08,9000
T9810,A030,2025-11-08,9000
T9811,A001,2025-11-07,9000
T9812,A002,2025-11-07,9000
T9813,A003,2025-11-07,9000
T9814,A004,2025-11-07,9000
T9815,A005,2025-11-07,9000
T9816,A006,2025-11-07,9000
T9817,A007,2025-11-07,9000
T9818,A008,2025-11-07,9000
T9819,A009,2025-11-07,9000
T9820,A010,2025-11-07,9000
T9821,A011,2025-11-07,9000
T9822,A012,2025-11-07,9000
T9823,A013,2025-11-07,9000
T9824,A014,2025-11-07,9000
T9825,A015,2025-11-07,9000
T9826,A016,2025-11-07,9000
T9827,A017,2025-11-07,9000
T9828,A018,2025-11-07,9000
T9829,A019,2025-11-07,9000
T9830,A020,2025-11-07,9000
T9831,A021,2025-11-07,9000
T9832,A022,2025-11-07,9000
T9833,A023,2025-11-07,9000
T9834,A024,2025-11-07,9000
T9835,A025,2025-11-07,9000
T9836,A026,2025-11-07,9000
T9837,A027,2025-11-07,9000
T9838,A028,2025-11-07,9000
T9839,A029,2025-11-07,9000
T9840,A030,2025-11-07,9000
T9841,A001,2025-11-06,9000
T9842,A002,2025-11-06,9000
T9843,A003,2025-11-06,9000
T9844,A004,2025-11-06,9000
T9845,A005,2025-11-06,9000
T9846,A006,2025-11-06,9000
T9847,A007,2025-11-06,9000
T9848,A008,2025-11-06,9000
T9849,A009,2025-11-06,9000
T9850,A010,2025-11-06,9000
T9851,A011,2025-11-06,9000
T9852,A012,2025-11-06,9000
T9853,A013,2025-11-06,9000
T9854,A014,2025-11-06,9000
T9855,A015,2025-11-06,9000
T9856,A016,2025-11-06,9000
T9857,A017,2025-11-06,9000
T9858,A018,2025-11-06,9000
T9859,A019,2025-11-06,9000
T9860,A020,2025-11-06,9000
T9861,A021,2025-11-06,9000
T9862,A022,2025-11-06,9000
T9863,A023,2025-11-06,9000
T9864,A024,2025-11-06,9000
T9865,A025,2025-11-06,9000
T9866,A026,2025-11-06,9000
T9867,A027,2025-11-06,9000
T9868,A028,2025-11-06,9000
T9869,A029,2025-11-06,9000
T9870,A030,2025-11-06,9000
T9871,A001,2025-11-05,9000
T9872,A002,2025-11-05,9000
T9873,A003,2025-11-05,9000
T9874,A004,2025-11-05,9000
T9875,A005,2025-11-05,9000
T9876,A006,2025-11-05,9000
T9877,A007,2025-11-05,9000
T9878,A008,2025-11-05,9000
T9879,A009,2025-11-05,9000
T9880,A010,2025-11-05,9000
T9881,A011,2025-11-05,9000
T9882,A012,2025-11-05,9000
T9883,A013,2025-11-05,9000
T9884,A014,2025-11-05,9000
T9885,A015,2025-11-05,9000
T9886,A016,2025-11-05,9000
T9887,A017,2025-11-05,9000
T9888,A018,2025-11-05,9000
T9889,A019,2025-11-05,9000
T9890,A020,2025-11-05,9000
T9891,A021,2025-11-05,9000
T9892,A022,2025-11-05,9000
T9893,A023,2025-11-05,9000
T9894,A024,2025-11-05,9000
T9895,A025,2025-11-05,9000
T9896,A026,2025-11-05,9000
T9897,A027,2025-11-05,9000
T9898,A028,2025-11-05,9000
T9899,A029,2025-11-05,9000
T9900,A030,2025-11-05,9000
T9901,A001,2025-11-04,9000
T9902,A002,2025-11-04,9000
T9903,A003,2025-11-04,9000
T9904,A004,2025-11-04,9000
T9905,A005,2025-11-04,9000
T9906,A006,2025-11-04,9000
T9907,A007,2025-11-04,9000
T9908,A008,2025-11-04,9000
T9909,A009,2025-11-04,9000
T9910,A010,2025-11-04,9000
T9911,A011,2025-11-04,9000
T9912,A012,2025-11-04,9000
T9913,A013,2025-11-04,9000
T9914,A014,2025-11-04,9000
T9915,A015,2025-11-04,9000
T9916,A016,2025-11-04,9000
T9917,A017,2025-11-04,9000
T9918,A018,2025-11-04,9000
T9919,A019,2025-11-04,9000
T9920,A020,2025-11-04,9000
T9921,A021,2025-11-04,9000
T9922,A022,2025-11-04,9000
T9923,A023,2025-11-04,9000
T9924,A024,2025-11-04,9000
T9925,A025,2025-11-04,9000
T9926,A026,2025-11-04,9000
T9927,A027,2025-11-04,9000
T9928,A028,2025-11-04,9000
T9929,A029,2025-11-04,9000
T9930,A030,2025-11-04,9000
T9931,A001,2025-11-03,9000
T9932,A002,2025-11-03,9000
T9933,A003,2025-11-03,9000
T9934,A004,2025-11-03,9000
T9935,A005,2025-11-03,9000
T9936,A006,2025-11-03,9000
T9937,A007,2025-11-03,9000
T9938,A008,2025-11-03,9000
T9939,A009,2025-11-03,9000
T9940,A010,2025-11-03,9000
T9941,A011,2025-11-03,9000
T9942,A012,2025-11-03,9000
T9943,A013,2025-11-03,9000
T9944,A014,2025-11-03,9000
T9945,A015,2025-11-03,9000
T9946,A016,2025-11-03,9000
T9947,A017,2025-11-03,9000
T9948,A018,2025-11-03,9000
T9949,A019,2025-11-03,9000
T9950,A020,2025-11-03,9000
T9951,A021,2025-11-03,9000
T9952,A022,2025-11-03,9000
T9953,A023,2025-11-03,9000
T9954,A024,2025-11-03,9000
T9955,A025,2025-11-03,9000
T9956,A026,2025-11-03,9000
T9957,A027,2025-11-03,9000
T9958,A028,2025-11-03,9000
T9959,A029,2025-11-03,9000
T9960,A030,2025-11-03,9000
T9961,A001,2025-11-02,9000
T9962,A002,2025-11-02,9000
T9963,A003,2025-11-02,9000
T9964,A004,2025-11-02,9000
T9965,A005,2025-11-02,9000
T9966,A006,2025-11-02,9000
T9967,A007,2025-11-02,9000
T9968,A008,2025-11-02,9000
T9969,A009,2025-11-02,9000
T9970,A010,2025-11-02,9000
T9971,A011,2025-11-02,9000
T9972,A012,2025-11-02,9000
T9973,A013,2025-11-02,9000
T9974,A014,2025-11-02,9000
T9975,A015,2025-11-02,9000
T9976,A016,2025-11-02,9000
T9977,A017,2025-11-02,9000
T9978,A018,2025-11-02,9000
T9979,A019,2025-11-02,9000
T9980,A020,2025-11-02,9000
T9981,A021,2025-11-02,9000
T9982,A022,2025-11-02,9000
T9983,A023,2025-11-02,9000
T9984,A024,2025-11-02,9000
T9985,A025,2025-11-02,9000
T9986,A026,2025-11-02,9000
T9987,A027,2025-11-02,9000
T9988,A028,2025-11-02,9000
T9989,A029,2025-11-02,9000
T9990,A030,2025-11-02,9000
T9991,A001,2025-11-01,9000
T9992,A002,2025-11-01,9000
T9993,A003,2025-11-01,9000
T9994,A004,2025-11-01,9000
T9995,A005,2025-11-01,9000
T9996,A006,2025-11-01,9000
T9997,A007,2025-11-01,9000
T9998,A008,2025-11-01,9000
T9999,A009,2025-11-01,9000
T10000,A010,2025-11-01,9000
T10001,A011,2025-11-01,9000
T10002,A012,2025-11-01,9000
T10003,A013,2025-11-01,9000
T10004,A014,2025-11-01,9000
T10005,A015,2025-11-01,9000
T10006,A016,2025-11-01,9000
T10007,A017,2025-11-01,9000
T10008,A018,2025-11-01,9000
T10009,A019,2025-11-01,9000
T10010,A020,2025-11-01,9000
T10011,A021,2025-11-01,9000
T10012,A022,2025-11-01,9000
T10013,A023,2025-11-01,9000
T10014,A024,2025-11-01,9000
T10015,A025,2025-11-01,9000
T10016,A026,2025-11-01,9000
T10017,A027,2025-11-01,9000
T10018,A028,2025-11-01,9000
T10019,A029,2025-11-01,9000
T10020,A030,2025-11-01,9000
T10021,A001,2025-10-31,9000
T10022,A002,2025-10-31,9000
T10023,A003,2025-10-31,9000
T10024,A004,2025-10-31,9000
T10025,A005,2025-10-31,9000
T10026,A006,2025-10-31,9000
T10027,A007,2025-10-31,9000
T10028,A008,2025-10-31,9000
T10029,A009,2025-10-31,9000
T10030,A010,2025-10-31,9000
T10031,A011,2025-10-31,9000
T10032,A012,2025-10-31,9000
T10033,A013,2025-10-31,9000
T10034,A014,2025-10-31,9000
T10035,A015,2025-10-31,9000
T10036,A016,2025-10-31,9000
T10037,A017,2025-10-31,9000
T10038,A018,2025-10-31,9000
T10039,A019,2025-10-31,9000
T10040,A020,2025-10-31,9000
T10041,A021,2025-10-31,9000
T10042,A022,2025-10-31,9000
T10043,A023,2025-10-31,9000
T10044,A024,2025-10-31,9000
T10045,A025,2025-10-31,9000
T10046,A026,2025-10-31,9000
T10047,A027,2025-10-31,9000
T10048,A028,2025-10-31,9000
T10049,A029,2025-10-31,9000
T10050,A030,2025-10-31,9000
T10051,A001,2025-10-30,9000
T10052,A002,2025-10-30,9000
T10053,A003,2025-10-30,9000
T10054,A004,2025-10-30,9000
T10055,A005,2025-10-30,9000
T10056,A006,2025-10-30,9000
T10057,A007,2025-10-30,9000
T10058,A008,2025-10-30,9000
T10059,A009,2025-10-30,9000
T10060,A010,2025-10-30,9000
T10061,A011,2025-10-30,9000
T10062,A012,2025-10-30,9000
T10063,A013,2025-10-30,9000
T10064,A014,2025-10-30,9000
T10065,A015,2025-10-30,9000
T10066,A016,2025-10-30,9000
T10067,A017,2025-10-30,9000
T10068,A018,2025-10-30,9000
T10069,A019,2025-10-30,9000
T10070,A020,2025-10-30,9000
T10071,A021,2025-10-30,9000
T10072,A022,2025-10-30,9000
T10073,A023,2025-10-30,9000
T10074,A024,2025-10-30,9000
T10075,A025,2025-10-30,9000
T10076,A026,2025-10-30,9000
T10077,A027,2025-10-30,9000
T10078,A028,2025-10-30,9000
T10079,A029,2025-10-30,9000
T10080,A030,2025-10-30,9000
T10081,A001,2025-10-29,9000
T10082,A002,2025-10-29,9000
T10083,A003,2025-10-29,9000
T10084,A004,2025-10-29,9000
T10085,A005,2025-10-29,9000
T10086,A006,2025-10-29,9000
T10087,A007,2025-10-29,9000
T10088,A008,2025-10-29,9000
T10089,A009,2025-10-29,9000
T10090,A010,2025-10-29,9000
T10091,A011,2025-10-29,9000
T10092,A012,2025-10-29,9000
T10093,A013,2025-10-29,9000
T10094,A014,2025-10-29,9000
T10095,A015,2025-10-29,9000
T10096,A016,2025-10-29,9000
T10097,A017,2025-10-29,9000
T10098,A018,2025-10-29,9000
T10099,A019,2025-10-29,9000
T10100,A020,2025-10-29,9000
T10101,A021,2025-10-29,9000
T10102,A022,2025-10-29,9000
T10103,A023,2025-10-29,9000
T10104,A024,2025-10-29,9000
T10105,A025,2025-10-29,9000
T10106,A026,2025-10-29,9000
T10107,A027,2025-10-29,9000
T10108,A028,2025-10-29,9000
T10109,A029,2025-10-29,9000
T10110,A030,2025-10-29,9000
T10111,A001,2025-10-28,9000
T10112,A002,2025-10-28,9000
T10113,A003,2025-10-28,9000
T10114,A004,2025-10-28,9000
T10115,A005,2025-10-28,9000
T10116,A006,2025-10-28,9000
T10117,A007,2025-10-28,9000
T10118,A008,2025-10-28,9000
T10119,A009,2025-10-28,9000
T10120,A010,2025-10-28,9000
T10121,A011,2025-10-28,9000
T10122,A012,2025-10-28,9000
T10123,A013,2025-10-28,9000
T10124,A014,2025-10-28,9000
T10125,A015,2025-10-28,9000
T10126,A016,2025-10-28,9000
T10127,A017,2025-10-28,9000
T10128,A018,2025-10-28,9000
T10129,A019,2025-10-28,9000
T10130,A020,2025-10-28,9000
T10131,A021,2025-10-28,9000
T10132,A022,2025-10-28,9000
T10133,A023,2025-10-28,9000
T10134,A024,2025-10-28,9000
T10135,A025,2025-10-28,9000
T10136,A026,2025-10-28,9000
T10137,A027,2025-10-28,9000
T10138,A028,2025-10-28,9000
T10139,A029,2025-10-28,9000
T10140,A030,2025-10-28,9000
T10141,A001,2025-10-27,9000
T10142,A002,2025-10-27,9000
T10143,A003,2025-10-27,9000
T10144,A004,2025-10-27,9000
T10145,A005,2025-10-27,9000
T10146,A006,2025-10-27,9000
T10147,A007,2025-10-27,9000
T10148,A008,2025-10-27,9000
T10149,A009,2025-10-27,9000
T10150,A010,2025-10-27,9000
T10151,A011,2025-10-27,9000
T10152,A012,2025-10-27,9000
T10153,A013,2025-10-27,9000
T10154,A014,2025-10-27,9000
T10155,A015,2025-10-27,9000
T10156,A016,2025-10-27,9000
T10157,A017,2025-10-27,9000
T10158,A018,2025-10-27,9000
T10159,A019,2025-10-27,9000
T10160,A020,2025-10-27,9000
T10161,A021,2025-10-27,9000
T10162,A022,2025-10-27,9000
T10163,A023,2025-10-27,9000
T10164,A024,2025-10-27,9000
T10165,A025,2025-10-27,9000
T10166,A026,2025-10-27,9000
T10167,A027,2025-10-27,9000
T10168,A028,2025-10-27,9000
T10169,A029,2025-10-27,9000
T10170,A030,2025-10-27,9000
T10171,A001,2025-10-26,9000
T10172,A002,2025-10-26,9000
T10173,A003,2025-10-26,9000
T10174,A004,2025-10-26,9000
T10175,A005,2025-10-26,9000
T10176,A006,2025-10-26,9000
T10177,A007,2025-10-26,9000
T10178,A008,2025-10-26,9000
T10179,A009,2025-10-26,9000
T10180,A010,2025-10-26,9000
T10181,A011,2025-10-26,9000
T10182,A012,2025-10-26,9000
T10183,A013,2025-10-26,9000
T10184,A014,2025-10-26,9000
T10185,A015,2025-10-26,9000
T10186,A016,2025-10-26,9000
T10187,A017,2025-10-26,9000
T10188,A018,2025-10-26,9000
T10189,A019,2025-10-26,9000
T10190,A020,2025-10-26,9000
T10191,A021,2025-10-26,9000
T10192,A022,2025-10-26,9000
T10193,A023,2025-10-26,9000
T10194,A024,2025-10-26,9000
T10195,A025,2025-10-26,9000
T10196,A026,2025-10-26,9000
T10197,A027,2025-10-26,9000
T10198,A028,2025-10-26,9000
T10199,A029,2025-10-26,9000
T10200,A030,2025-10-26,9000
T10201,A001,2025-10-25,9000
T10202,A002,2025-10-25,9000
T10203,A003,2025-10-25,9000
T10204,A004,2025-10-25,9000
T10205,A005,2025-10-25,9000
T10206,A006,2025-10-25,9000
T10207,A007,2025-10-25,9000
T10208,A008,2025-10-25,9000
T10209,A009,2025-10-25,9000
T10210,A010,2025-10-25,9000
T10211,A011,2025-10-25,9000
T10212,A012,2025-10-25,9000
T10213,A013,2025-10-25,9000
T10214,A014,2025-10-25,9000
T10215,A015,2025-10-25,9000
T10216,A016,2025-10-25,9000
T10217,A017,2025-10-25,9000
T10218,A018,2025-10-25,9000
T10219,A019,2025-10-25,9000
T10220,A020,2025-10-25,9000
T10221,A021,2025-10-25,9000
T10222,A022,2025-10-25,9000
T10223,A023,2025-10-25,9000
T10224,A024,2025-10-25,9000
T10225,A025,2025-10-25,9000
T10226,A026,2025-10-25,9000
T10227,A027,2025-10-25,9000
T10228,A028,2025-10-25,9000
T10229,A029,2025-10-25,9000
T10230,A030,2025-10-25,9000
T10231,A001,2025-10-24,9000
T10232,A002,2025-10-24,9000
T10233,A003,2025-10-24,9000
T10234,A004,2025-10-24,9000
T10235,A005,2025-10-24,9000
T10236,A006,2025-10-24,9000
T10237,A007,2025-10-24,9000
T10238,A008,2025-10-24,9000
T10239,A009,2025-10-24,9000
T10240,A010,2025-10-24,9000
T10241,A011,2025-10-24,9000
T10242,A012,2025-10-24,9000
T10243,A013,2025-10-24,9000
T10244,A014,2025-10-24,9000
T10245,A015,2025-10-24,9000
T10246,A016,2025-10-24,9000
T10247,A017,2025-10-24,9000
T10248,A018,2025-10-24,9000
T10249,A019,2025-10-24,9000
T10250,A020,2025-10-24,9000
T10251,A021,2025-10-24,9000
T10252,A022,2025-10-24,9000
T10253,A023,2025-10-24,9000
T10254,A024,2025-10-24,9000
T10255,A025,2025-10-24,9000
T10256,A026,2025-10-24,9000
T10257,A027,2025-10-24,9000
T10258,A028,2025-10-24,9000
T10259,A029,2025-10-24,9000
T10260,A030,2025-10-24,9000
T10261,A001,2025-10-23,9000
T10262,A002,2025-10-23,9000
T10263,A003,2025-10-23,9000
T10264,A004,2025-10-23,9000
T10265,A005,2025-10-23,9000
T10266,A006,2025-10-23,9000
T10267,A007,2025-10-23,9000
T10268,A008,2025-10-23,9000
T10269,A009,2025-10-23,9000
T10270,A010,2025-10-23,9000
T10271,A011,2025-10-23,9000
T10272,A012,2025-10-23,9000
T10273,A013,2025-10-23,9000
T10274,A014,2025-10-23,9000
T10275,A015,2025-10-23,9000
T10276,A016,2025-10-23,9000
T10277,A017,2025-10-23,9000
T10278,A018,2025-10-23,9000
T10279,A019,2025-10-23,9000
T10280,A020,2025-10-23,9000
T10281,A021,2025-10-23,9000
T10282,A022,2025-10-23,9000
T10283,A023,2025-10-23,9000
T10284,A024,2025-10-23,9000
T10285,A025,2025-10-23,9000
T10286,A026,2025-10-23,9000
T10287,A027,2025-10-23,9000
T10288,A028,2025-10-23,9000
T10289,A029,2025-10-23,9000
T10290,A030,2025-10-23,9000
T10291,A001,2025-10-22,9000
T10292,A002,2025-10-22,9000
T10293,A003,2025-10-22,9000
T10294,A004,2025-10-22,9000
T10295,A005,2025-10-22,9000
T10296,A006,2025-10-22,9000
T10297,A007,2025-10-22,9000
T10298,A008,2025-10-22,9000
T10299,A009,2025-10-22,9000
T10300,A010,2025-10-22,9000
T10301,A011,2025-10-22,9000
T10302,A012,2025-10-22,9000
T10303,A013,2025-10-22,9000
T10304,A014,2025-10-22,9000
T10305,A015,2025-10-22,9000
T10306,A016,2025-10-22,9000
T10307,A017,2025-10-22,9000
T10308,A018,2025-10-22,9000
T10309,A019,2025-10-22,9000
T10310,A020,2025-10-22,9000
T10311,A021,2025-10-22,9000
T10312,A022,2025-10-22,9000
T10313,A023,2025-10-22,9000
T10314,A024,2025-10-22,9000
T10315,A025,2025-10-22,9000
T10316,A026,2025-10-22,9000
T10317,A027,2025-10-22,9000
T10318,A028,2025-10-22,9000
T10319,A029,2025-10-22,9000
T10320,A030,2025-10-22,9000
T10321,A001,2025-10-21,9000
T10322,A002,2025-10-21,9000
T10323,A003,2025-10-21,9000
T10324,A004,2025-10-21,9000
T10325,A005,2025-10-21,9000
T10326,A006,2025-10-21,9000
T10327,A007,2025-10-21,9000
T10328,A008,2025-10-21,9000
T10329,A009,2025-10-21,9000
T10330,A010,2025-10-21,9000
T10331,A011,2025-10-21,9000
T10332,A012,2025-10-21,9000
T10333,A013,2025-10-21,9000
T10334,A014,2025-10-21,9000
T10335,A015,2025-10-21,9000
T10336,A016,2025-10-21,9000
T10337,A017,2025-10-21,9000
T10338,A018,2025-10-21,9000
T10339,A019,2025-10-21,9000
T10340,A020,2025-10-21,9000
T10341,A021,2025-10-21,9000
T10342,A022,2025-10-21,9000
T10343,A023,2025-10-21,9000
T10344,A024,2025-10-21,9000
T10345,A025,2025-10-21,9000
T10346,A026,2025-10-21,9000
T10347,A027,2025-10-21,9000
T10348,A028,2025-10-21,9000
T10349,A029,2025-10-21,9000
T10350,A030,2025-10-21,9000
T10351,A001,2025-10-20,9000
T10352,A002,2025-10-20,9000
T10353,A003,2025-10-20,9000
T10354,A004,2025-10-20,9000
T10355,A005,2025-10-20,9000
T10356,A006,2025-10-20,9000
T10357,A007,2025-10-20,9000
T10358,A008,2025-10-20,9000
T10359,A009,2025-10-20,9000
T10360,A010,2025-10-20,9000
T10361,A011,2025-10-20,9000
T10362,A012,2025-10-20,9000
T10363,A013,2025-10-20,9000
T10364,A014,2025-10-20,9000
T10365,A015,2025-10-20,9000
T10366,A016,2025-10-20,9000
T10367,A017,2025-10-20,9000
T10368,A018,2025-10-20,9000
T10369,A019,2025-10-20,9000
T10370,A020,2025-10-20,9000
T10371,A021,2025-10-20,9000
T10372,A022,2025-10-20,9000
T10373,A023,2025-10-20,9000
T10374,A024,2025-10-20,9000
T10375,A025,2025-10-20,9000
T10376,A026,2025-10-20,9000
T10377,A027,2025-10-20,9000
T10378,A028,2025-10-20,9000
T10379,A029,2025-10-20,9000
T10380,A030,2025-10-20,9000
T10381,A001,2025-10-19,9000
T10382,A002,2025-10-19,9000
T10383,A003,2025-10-19,9000
T10384,A004,2025-10-19,9000
T10385,A005,2025-10-19,9000
T10386,A006,2025-10-19,9000
T10387,A007,2025-10-19,9000
T10388,A008,2025-10-19,9000
T10389,A009,2025-10-19,9000
T10390,A010,2025-10-19,9000
T10391,A011,2025-10-19,9000
T10392,A012,2025-10-19,9000
T10393,A013,2025-10-19,9000
T10394,A014,2025-10-19,9000
T10395,A015,2025-10-19,9000
T10396,A016,2025-10-19,9000
T10397,A017,2025-10-19,9000
T10398,A018,2025-10-19,9000
T10399,A019,2025-10-19,9000
T10400,A020,2025-10-19,9000
T10401,A021,2025-10-19,9000
T10402,A022,2025-10-19,9000
T10403,A023,2025-10-19,9000
T10404,A024,2025-10-19,9000
T10405,A025,2025-10-19,9000
T10406,A026,2025-10-19,9000
T10407,A027,2025-10-19,9000
T10408,A028,2025-10-19,9000
T10409,A029,2025-10-19,9000
T10410,A030,2025-10-19,9000
T10411,A001,2025-10-18,9000
T10412,A002,2025-10-18,9000
T10413,A003,2025-10-18,9000
T10414,A004,2025-10-18,9000
T10415,A005,2025-10-18,9000
T10416,A006,2025-10-18,9000
T10417,A007,2025-10-18,9000
T10418,A008,2025-10-18,9000
T10419,A009,2025-10-18,9000
T10420,A010,2025-10-18,9000
T10421,A011,2025-10-18,9000
T10422,A012,2025-10-18,9000
T10423,A013,2025-10-18,9000
T10424,A014,2025-10-18,9000
T10425,A015,2025-10-18,9000
T10426,A016,2025-10-18,9000
T10427,A017,2025-10-18,9000
T10428,A018,2025-10-18,9000
T10429,A019,2025-10-18,9000
T10430,A020,2025-10-18,9000
T10431,A021,2025-10-18,9000
T10432,A022,2025-10-18,9000
T10433,A023,2025-10-18,9000
T10434,A024,2025-10-18,9000
T10435,A025,2025-10-18,9000
T10436,A026,2025-10-18,9000
T10437,A027,2025-10-18,9000
T10438,A028,2025-10-18,9000
T10439,A029,2025-10-18,9000
T10440,A030,2025-10-18,9000
T10441,A001,2025-10-17,9000
T10442,A002,2025-10-17,9000
T10443,A003,2025-10-17,9000
T10444,A004,2025-10-17,9000
T10445,A005,2025-10-17,9000
T10446,A006,2025-10-17,9000
T10447,A007,2025-10-17,9000
T10448,A008,2025-10-17,9000
T10449,A009,2025-10-17,9000
T10450,A010,2025-10-17,9000
T10451,A011,2025-10-17,9000
T10452,A012,2025-10-17,9000
T10453,A013,2025-10-17,9000
T10454,A014,2025-10-17,9000
T10455,A015,2025-10-17,9000
T10456,A016,2025-10-17,9000
T10457,A017,2025-10-17,9000
T10458,A018,2025-10-17,9000
T10459,A019,2025-10-17,9000
T10460,A020,2025-10-17,9000
T10461,A021,2025-10-17,9000
T10462,A022,2025-10-17,9000
T10463,A023,2025-10-17,9000
T10464,A024,2025-10-17,9000
T10465,A025,2025-10-17,9000
T10466,A026,2025-10-17,9000
T10467,A027,2025-10-17,9000
T10468,A028,2025-10-17,9000
T10469,A029,2025-10-17,9000
T10470,A030,2025-10-17,9000
T10471,A001,2025-10-16,9000
T10472,A002,2025-10-16,9000
T10473,A003,2025-10-16,9000
T10474,A004,2025-10-16,9000
T10475,A005,2025-10-16,9000
T10476,A006,2025-10-16,9000
T10477,A007,2025-10-16,9000
T10478,A008,2025-10-16,9000
T10479,A009,2025-10-16,9000
T10480,A010,2025-10-16,9000
T10481,A011,2025-10-16,9000
T10482,A012,2025-10-16,9000
T10483,A013,2025-10-16,9000
T10484,A014,2025-10-16,9000
T10485,A015,2025-10-16,9000
T10486,A016,2025-10-16,9000
T10487,A017,2025-10-16,9000
T10488,A018,2025-10-16,9000
T10489,A019,2025-10-16,9000
T10490,A020,2025-10-16,9000
T10491,A021,2025-10-16,9000
T10492,A022,2025-10-16,9000
T10493,A023,2025-10-16,9000
T10494,A024,2025-10-16,9000
T10495,A025,2025-10-16,9000
T10496,A026,2025-10-16,9000
T10497,A027,2025-10-16,9000
T10498,A028,2025-10-16,9000
T10499,A029,2025-10-16,9000
T10500,A030,2025-10-16,9000
T10501,A001,2025-10-15,9000
T10502,A002,2025-10-15,9000
T10503,A003,2025-10-15,9000
T10504,A004,2025-10-15,9000
T10505,A005,2025-10-15,9000
T10506,A006,2025-10-15,9000
T10507,A007,2025-10-15,9000
T10508,A008,2025-10-15,9000
T10509,A009,2025-10-15,9000
T10510,A010,2025-10-15,9000
T10511,A011,2025-10-15,9000
T10512,A012,2025-10-15,9000
T10513,A013,2025-10-15,9000
T10514,A014,2025-10-15,9000
T10515,A015,2025-10-15,9000
T10516,A016,2025-10-15,9000
T10517,A017,2025-10-15,9000
T10518,A018,2025-10-15,9000
T10519,A019,2025-10-15,9000
T10520,A020,2025-10-15,9000
T10521,A021,2025-10-15,9000
T10522,A022,2025-10-15,9000
T10523,A023,2025-10-15,9000
T10524,A024,2025-10-15,9000
T10525,A025,2025-10-15,9000
T10526,A026,2025-10-15,9000
T10527,A027,2025-10-15,9000
T10528,A028,2025-10-15,9000
T10529,A029,2025-10-15,9000
T10530,A030,2025-10-15,9000
T10531,A001,2025-10-14,9000
T10532,A002,2025-10-14,9000
T10533,A003,2025-10-14,9000
T10534,A004,2025-10-14,9000
T10535,A005,2025-10-14,9000
T10536,A006,2025-10-14,9000
T10537,A007,2025-10-14,9000
T10538,A008,2025-10-14,9000
T10539,A009,2025-10-14,9000
T10540,A010,2025-10-14,9000
T10541,A011,2025-10-14,9000
T10542,A012,2025-10-14,9000
T10543,A013,2025-10-14,9000
T10544,A014,2025-10-14,9000
T10545,A015,2025-10-14,9000
T10546,A016,2025-10-14,9000
T10547,A017,2025-10-14,9000
T10548,A018,2025-10-14,9000
T10549,A019,2025-10-14,9000
T10550,A020,2025-10-14,9000
T10551,A021,2025-10-14,9000
T10552,A022,2025-10-14,9000
T10553,A023,2025-10-14,9000
T10554,A024,2025-10-14,9000
T10555,A025,2025-10-14,9000
T10556,A026,2025-10-14,9000
T10557,A027,2025-10-14,9000
T10558,A028,2025-10-14,9000
T10559,A029,2025-10-14,9000
T10560,A030,2025-10-14,9000
T10561,A001,2025-10-13,9000
T10562,A002,2025-10-13,9000
T10563,A003,2025-10-13,9000
T10564,A004,2025-10-13,9000
T10565,A005,2025-10-13,9000
T10566,A006,2025-10-13,9000
T10567,A007,2025-10-13,9000
T10568,A008,2025-10-13,9000
T10569,A009,2025-10-13,9000
T10570,A010,2025-10-13,9000
T10571,A011,2025-10-13,9000
T10572,A012,2025-10-13,9000
T10573,A013,2025-10-13,9000
T10574,A014,2025-10-13,9000
T10575,A015,2025-10-13,9000
T10576,A016,2025-10-13,9000
T10577,A017,2025-10-13,9000
T10578,A018,2025-10-13,9000
T10579,A019,2025-10-13,9000
T10580,A020,2025-10-13,9000
T10581,A021,2025-10-13,9000
T10582,A022,2025-10-13,9000
T10583,A023,2025-10-13,9000
T10584,A024,2025-10-13,9000
T10585,A025,2025-10-13,9000
T10586,A026,2025-10-13,9000
T10587,A027,2025-10-13,9000
T10588,A028,2025-10-13,9000
T10589,A029,2025-10-13,9000
T10590,A030,2025-10-13,9000
T10591,A001,2025-10-12,9000
T10592,A002,2025-10-12,9000
T10593,A003,2025-10-12,9000
T10594,A004,2025-10-12,9000
T10595,A005,2025-10-12,9000
T10596,A006,2025-10-12,9000
T10597,A007,2025-10-12,9000
T10598,A008,2025-10-12,9000
T10599,A009,2025-10-12,9000
T10600,A010,2025-10-12,9000
T10601,A011,2025-10-12,9000
T10602,A012,2025-10-12,9000
T10603,A013,2025-10-12,9000
T10604,A014,2025-10-12,9000
T10605,A015,2025-10-12,9000
T10606,A016,2025-10-12,9000
T10607,A017,2025-10-12,9000
T10608,A018,2025-10-12,9000
T10609,A019,2025-10-12,9000
T10610,A020,2025-10-12,9000
T10611,A021,2025-10-12,9000
T10612,A022,2025-10-12,9000
T10613,A023,2025-10-12,9000
T10614,A024,2025-10-12,9000
T10615,A025,2025-10-12,9000
T10616,A026,2025-10-12,9000
T10617,A027,2025-10-12,9000
T10618,A028,2025-10-12,9000
T10619,A029,2025-10-12,9000
T10620,A030,2025-10-12,9000
T10621,A001,2025-10-11,9000
T10622,A002,2025-10-11,9000
T10623,A003,2025-10-11,9000
T10624,A004,2025-10-11,9000
T10625,A005,2025-10-11,9000
T10626,A006,2025-10-11,9000
T10627,A007,2025-10-11,9000
T10628,A008,2025-10-11,9000
T10629,A009,2025-10-11,9000
T10630,A010,2025-10-11,9000
T10631,A011,2025-10-11,9000
T10632,A012,2025-10-11,9000
T10633,A013,2025-10-11,9000
T10634,A014,2025-10-11,9000
T10635,A015,2025-10-11,9000
T10636,A016,2025-10-11,9000
T10637,A017,2025-10-11,9000
T10638,A018,2025-10-11,9000
T10639,A019,2025-10-11,9000
T10640,A020,2025-10-11,9000
T10641,A021,2025-10-11,9000
T10642,A022,2025-10-11,9000
T10643,A023,2025-10-11,9000
T10644,A024,2025-10-11,9000
T10645,A025,2025-10-11,9000
T10646,A026,2025-10-11,9000
T10647,A027,2025-10-11,9000
T10648,A028,2025-10-11,9000
T10649,A029,2025-10-11,9000
T10650,A030,2025-10-11,9000
T10651,A001,2025-10-10,9000
T10652,A002,2025-10-10,9000
T10653,A003,2025-10-10,9000
T10654,A004,2025-10-10,9000
T10655,A005,2025-10-10,9000
T10656,A006,2025-10-10,9000
T10657,A007,2025-10-10,9000
T10658,A008,2025-10-10,9000
T10659,A009,2025-10-10,9000
T10660,A010,2025-10-10,9000
T10661,A011,2025-10-10,9000
T10662,A012,2025-10-10,9000
T10663,A013,2025-10-10,9000
T10664,A014,2025-10-10,9000
T10665,A015,2025-10-10,9000
T10666,A016,2025-10-10,9000
T10667,A017,2025-10-10,9000
T10668,A018,2025-10-10,9000
T10669,A019,2025-10-10,9000
T10670,A020,2025-10-10,9000
T10671,A021,2025-10-10,9000
T10672,A022,2025-10-10,9000
T10673,A023,2025-10-10,9000
T10674,A024,2025-10-10,9000
T10675,A025,2025-10-10,9000
T10676,A026,2025-10-10,9000
T10677,A027,2025-10-10,9000
T10678,A028,2025-10-10,9000
T10679,A029,2025-10-10,9000
T10680,A030,2025-10-10,9000
T10681,A001,2025-10-09,9000
T10682,A002,2025-10-09,9000
T10683,A003,2025-10-09,9000
T10684,A004,2025-10-09,9000
T10685,A005,2025-10-09,9000
T10686,A006,2025-10-09,9000
T10687,A007,2025-10-09,9000
T10688,A008,2025-10-09,9000
T10689,A009,2025-10-09,9000
T10690,A010,2025-10-09,9000
T10691,A011,2025-10-09,9000
T10692,A012,2025-10-09,9000
T10693,A013,2025-10-09,9000
T10694,A014,2025-10-09,9000
T10695,A015,2025-10-09,9000
T10696,A016,2025-10-09,9000
T10697,A017,2025-10-09,9000
T10698,A018,2025-10-09,9000
T10699,A019,2025-10-09,9000
T10700,A020,2025-10-09,9000
T10701,A021,2025-10-09,9000
T10702,A022,2025-10-09,9000
T10703,A023,2025-10-09,9000
T10704,A024,2025-10-09,9000
T10705,A025,2025-10-09,9000
T10706,A026,2025-10-09,9000
T10707,A027,2025-10-09,9000
T10708,A028,2025-10-09,9000
T10709,A029,2025-10-09,9000
T10710,A030,2025-10-09,9000
T10711,A001,2025-10-08,9000
T10712,A002,2025-10-08,9000
T10713,A003,2025-10-08,9000
T10714,A004,2025-10-08,9000
T10715,A005,2025-10-08,9000
T10716,A006,2025-10-08,9000
T10717,A007,2025-10-08,9000
T10718,A008,2025-10-08,9000
T10719,A009,2025-10-08,9000
T10720,A010,2025-10-08,9000
T10721,A011,2025-10-08,9000
T10722,A012,2025-10-08,9000
T10723,A013,2025-10-08,9000
T10724,A014,2025-10-08,9000
T10725,A015,2025-10-08,9000
T10726,A016,2025-10-08,9000
T10727,A017,2025-10-08,9000
T10728,A018,2025-10-08,9000
T10729,A019,2025-10-08,9000
T10730,A020,2025-10-08,9000
T10731,A021,2025-10-08,9000
T10732,A022,2025-10-08,9000
T10733,A023,2025-10-08,9000
T10734,A024,2025-10-08,9000
T10735,A025,2025-10-08,9000
T10736,A026,2025-10-08,9000
T10737,A027,2025-10-08,9000
T10738,A028,2025-10-08,9000
T10739,A029,2025-10-08,9000
T10740,A030,2025-10-08,9000
T10741,A001,2025-10-07,9000
T10742,A002,2025-10-07,9000
T10743,A003,2025-10-07,9000
T10744,A004,2025-10-07,9000
T10745,A005,2025-10-07,9000
T10746,A006,2025-10-07,9000
T10747,A007,2025-10-07,9000
T10748,A008,2025-10-07,9000
T10749,A009,2025-10-07,9000
T10750,A010,2025-10-07,9000
T10751,A011,2025-10-07,9000
T10752,A012,2025-10-07,9000
T10753,A013,2025-10-07,9000
T10754,A014,2025-10-07,9000
T10755,A015,2025-10-07,9000
T10756,A016,2025-10-07,9000
T10757,A017,2025-10-07,9000
T10758,A018,2025-10-07,9000
T10759,A019,2025-10-07,9000
T10760,A020,2025-10-07,9000
T10761,A021,2025-10-07,9000
T10762,A022,2025-10-07,9000
T10763,A023,2025-10-07,9000
T10764,A024,2025-10-07,9000
T10765,A025,2025-10-07,9000
T10766,A026,2025-10-07,9000
T10767,A027,2025-10-07,9000
T10768,A028,2025-10-07,9000
T10769,A029,2025-10-07,9000
T10770,A030,2025-10-07,9000
T10771,A001,2025-10-06,9000
T10772,A002,2025-10-06,9000
T10773,A003,2025-10-06,9000
T10774,A004,2025-10-06,9000
T10775,A005,2025-10-06,9000
T10776,A006,2025-10-06,9000
T10777,A007,2025-10-06,9000
T10778,A008,2025-10-06,9000
T10779,A009,2025-10-06,9000
T10780,A010,2025-10-06,9000
T10781,A011,2025-10-06,9000
T10782,A012,2025-10-06,9000
T10783,A013,2025-10-06,9000
T10784,A014,2025-10-06,9000
T10785,A015,2025-10-06,9000
T10786,A016,2025-10-06,9000
T10787,A017,2025-10-06,9000
T10788,A018,2025-10-06,9000
T10789,A019,2025-10-06,9000
T10790,A020,2025-10-06,9000
T10791,A021,2025-10-06,9000
T10792,A022,2025-10-06,9000
T10793,A023,2025-10-06,9000
T10794,A024,2025-10-06,9000
T10795,A025,2025-10-06,9000
T10796,A026,2025-10-06,9000
T10797,A027,2025-10-06,9000
T10798,A028,2025-10-06,9000
T10799,A029,2025-10-06,9000
T10800,A030,2025-10-06,9000
T10801,A001,2025-10-05,9000
T10802,A002,2025-10-05,9000
T10803,A003,2025-10-05,9000
T10804,A004,2025-10-05,9000
T10805,A005,2025-10-05,9000
T10806,A006,2025-10-05,9000
T10807,A007,2025-10-05,9000
T10808,A008,2025-10-05,9000
T10809,A009,2025-10-05,9000
T10810,A010,2025-10-05,9000
T10811,A011,2025-10-05,9000
T10812,A012,2025-10-05,9000
T10813,A013,2025-10-05,9000
T10814,A014,2025-10-05,9000
T10815,A015,2025-10-05,9000
T10816,A016,2025-10-05,9000
T10817,A017,2025-10-05,9000
T10818,A018,2025-10-05,9000
T10819,A019,2025-10-05,9000
T10820,A020,2025-10-05,9000
T10821,A021,2025-10-05,9000
T10822,A022,2025-10-05,9000
T10823,A023,2025-10-05,9000
T10824,A024,2025-10-05,9000
T10825,A025,2025-10-05,9000
T10826,A026,2025-10-05,9000
T10827,A027,2025-10-05,9000
T10828,A028,2025-10-05,9000
T10829,A029,2025-10-05,9000
T10830,A030,2025-10-05,9000
T10831,A001,2025-10-04,9000
T10832,A002,2025-10-04,9000
T10833,A003,2025-10-04,9000
T10834,A004,2025-10-04,9000
T10835,A005,2025-10-04,9000
T10836,A006,2025-10-04,9000
T10837,A007,2025-10-04,9000
T10838,A008,2025-10-04,9000
T10839,A009,2025-10-04,9000
T10840,A010,2025-10-04,9000
T10841,A011,2025-10-04,9000
T10842,A012,2025-10-04,9000
T10843,A013,2025-10-04,9000
T10844,A014,2025-10-04,9000
T10845,A015,2025-10-04,9000
T10846,A016,2025-10-04,9000
T10847,A017,2025-10-04,9000
T10848,A018,2025-10-04,9000
T10849,A019,2025-10-04,9000
T10850,A020,2025-10-04,9000
T10851,A021,2025-10-04,9000
T10852,A022,2025-10-04,9000
T10853,A023,2025-10-04,9000
T10854,A024,2025-10-04,9000
T10855,A025,2025-10-04,9000
T10856,A026,2025-10-04,9000
T10857,A027,2025-10-04,9000
T10858,A028,2025-10-04,9000
T10859,A029,2025-10-04,9000
T10860,A030,2025-10-04,9000
T10861,A001,2025-10-03,9000
T10862,A002,2025-10-03,9000
T10863,A003,2025-10-03,9000
T10864,A004,2025-10-03,9000
T10865,A005,2025-10-03,9000
T10866,A006,2025-10-03,9000
T10867,A007,2025-10-03,9000
T10868,A008,2025-10-03,9000
T10869,A009,2025-10-03,9000
T10870,A010,2025-10-03,9000
T10871,A011,2025-10-03,9000
T10872,A012,2025-10-03,9000
T10873,A013,2025-10-03,9000
T10874,A014,2025-10-03,9000
T10875,A015,2025-10-03,9000
T10876,A016,2025-10-03,9000
T10877,A017,2025-10-03,9000
T10878,A018,2025-10-03,9000
T10879,A019,2025-10-03,9000
T10880,A020,2025-10-03,9000
T10881,A021,2025-10-03,9000
T10882,A022,2025-10-03,9000
T10883,A023,2025-10-03,9000
T10884,A024,2025-10-03,9000
T10885,A025,2025-10-03,9000
T10886,A026,2025-10-03,9000
T10887,A027,2025-10-03,9000
T10888,A028,2025-10-03,9000
T10889,A029,2025-10-03,9000
T10890,A030,2025-10-03,9000
T10891,A001,2025-10-02,9000
T10892,A002,2025-10-02,9000
T10893,A003,2025-10-02,9000
T10894,A004,2025-10-02,9000
T10895,A005,2025-10-02,9000
T10896,A006,2025-10-02,9000
T10897,A007,2025-10-02,9000
T10898,A008,2025-10-02,9000
T10899,A009,2025-10-02,9000
T10900,A010,2025-10-02,9000
T10901,A011,2025-10-02,9000
T10902,A012,2025-10-02,9000
T10903,A013,2025-10-02,9000
T10904,A014,2025-10-02,9000
T10905,A015,2025-10-02,9000
T10906,A016,2025-10-02,9000
T10907,A017,2025-10-02,9000
T10908,A018,2025-10-02,9000
T10909,A019,2025-10-02,9000
T10910,A020,2025-10-02,9000
T10911,A021,2025-10-02,9000
T10912,A022,2025-10-02,9000
T10913,A023,2025-10-02,9000
T10914,A024,2025-10-02,9000
T10915,A025,2025-10-02,9000
T10916,A026,2025-10-02,9000
T10917,A027,2025-10-02,9000
T10918,A028,2025-10-02,9000
T10919,A029,2025-10-02,9000
T10920,A030,2025-10-02,9000
T10921,A001,2025-10-01,9000
T10922,A002,2025-10-01,9000
T10923,A003,2025-10-01,9000
T10924,A004,2025-10-01,9000
T10925,A005,2025-10-01,9000
T10926,A006,2025-10-01,9000
T10927,A007,2025-10-01,9000
T10928,A008,2025-10-01,9000
T10929,A009,2025-10-01,9000
T10930,A010,2025-10-01,9000
T10931,A011,2025-10-01,9000
T10932,A012,2025-10-01,9000
T10933,A013,2025-10-01,9000
T10934,A014,2025-10-01,9000
T10935,A015,2025-10-01,9000
T10936,A016,2025-10-01,9000
T10937,A017,2025-10-01,9000
T10938,A018,2025-10-01,9000
T10939,A019,2025-10-01,9000
T10940,A020,2025-10-01,9000
T10941,A021,2025-10-01,9000
T10942,A022,2025-10-01,9000
T10943,A023,2025-10-01,9000
T10944,A024,2025-10-01,9000
T10945,A025,2025-10-01,9000
T10946,A026,2025-10-01,9000
T10947,A027,2025-10-01,9000
T10948,A028,2025-10-01,9000
T10949,A029,2025-10-01,9000
T10950,A030,2025-10-01,9000
