StoreDayID,StoreID,Date,Visitors,Transactions,Units,GrossSales,Refunds,NetCOGS,Target
R1,S1,2026-09-30,457,168,168,84000,2098.11,50779.17,150000
R2,S2,2026-09-30,684,191,573,573000,38955.42,331107.64,150000
R3,S3,2026-09-30,269,116,232,185600,9788.59,109003.07,150000
R4,S4,2026-09-30,459,63,252,604800,18698.6,363382.87,150000
R5,S5,2026-09-30,571,274,548,548000,26830.89,323124.85,150000
R6,S6,2026-09-30,638,148,148,222000,17744.78,126638.24,150000
R7,S7,2026-09-30,219,65,130,221000,16909.2,126536.3,150000
R8,S8,2026-09-30,616,271,1084,2493200,57565.83,1510093.19,150000
R9,S9,2026-09-30,635,83,332,531200,12352.65,321685.36,150000
R10,S1,2026-09-29,368,164,328,262400,11590.84,155501.68,150000
R11,S2,2026-09-29,500,242,726,1669800,102460.55,971750.46,150000
R12,S3,2026-09-29,661,117,234,140400,6847.85,82802.33,150000
R13,S4,2026-09-29,290,60,240,456000,28396.07,265114.44,150000
R14,S5,2026-09-29,617,105,105,73500,4094.27,43031.55,150000
R15,S6,2026-09-29,178,65,195,253500,13315.76,148914.23,150000
R16,S7,2026-09-29,473,125,375,262500,18132.04,151508.14,150000
R17,S8,2026-09-29,214,33,132,132000,4609.33,78982.22,150000
R18,S9,2026-09-29,448,42,84,50400,1154.22,30532.38,150000
R19,S1,2026-09-28,323,80,80,128000,1905.06,78178.86,150000
R20,S2,2026-09-28,630,128,384,499200,34418.05,288164.81,150000
R21,S3,2026-09-28,599,290,1160,580000,27874.87,342317.58,150000
R22,S4,2026-09-28,246,117,234,538200,29803.5,315205.83,150000
R23,S5,2026-09-28,551,184,368,588800,16407.81,354883.16,150000
R24,S6,2026-09-28,115,32,96,163200,4426.87,98439.34,150000
R25,S7,2026-09-28,209,49,98,127400,9301.98,73220.77,150000
R26,S8,2026-09-28,386,36,72,43200,3423.83,24661.23,150000
R27,S9,2026-09-28,133,55,55,88000,5217.62,51325.08,150000
R28,S1,2026-09-27,193,60,240,456000,17164.03,272078.3,150000
R29,S2,2026-09-27,588,108,432,216000,445.84,133643.58,150000
R30,S3,2026-09-27,237,58,232,232000,3449.19,141701.5,150000
R31,S4,2026-09-27,353,38,38,60800,1023.52,37061.42,150000
R32,S5,2026-09-27,134,66,264,184800,8070.21,109572.47,150000
R33,S6,2026-09-27,560,280,280,476000,2115.83,293808.19,150000
R34,S7,2026-09-27,461,177,708,1557600,70221.19,922174.86,150000
R35,S8,2026-09-27,198,43,43,34400,2577.59,19729.89,150000
R36,S9,2026-09-27,655,312,312,156000,5965.93,93021.12,150000
R37,S1,2026-09-26,534,149,447,581100,25819.63,344273.83,150000
R38,S2,2026-09-26,425,44,176,369600,5200.68,225927.58,150000
R39,S3,2026-09-26,645,154,308,523600,15014.18,315323.21,150000
R40,S4,2026-09-26,442,26,78,85800,6568.37,49123.61,150000
R41,S5,2026-09-26,362,170,680,1156000,42409.58,690426.06,150000
R42,S6,2026-09-26,528,154,462,693000,4171.59,427073.61,150000
R43,S7,2026-09-26,115,35,35,49000,3162.73,28419.11,150000
R44,S8,2026-09-26,534,117,468,936000,59865.08,543203.65,150000
R45,S9,2026-09-26,544,209,627,1442100,88077.31,839494.07,150000
R46,S1,2026-09-25,142,24,96,48000,2946.79,27932.99,150000
R47,S2,2026-09-25,485,141,282,535800,39698.11,307583.17,150000
R48,S3,2026-09-25,381,103,412,453200,3718.06,278678.8,150000
R49,S4,2026-09-25,357,66,198,237600,7621.09,142586.92,150000
R50,S5,2026-09-25,676,47,94,197400,715.4,121944.45,150000
R51,S6,2026-09-25,224,24,96,57600,4070.8,33188.1,150000
R52,S7,2026-09-25,422,138,552,331200,8040.68,200358.78,150000
R53,S8,2026-09-25,443,65,130,65000,4388.05,37579.41,150000
R54,S9,2026-09-25,566,246,738,811800,41908.29,477332.86,150000
R55,S1,2026-09-24,646,312,936,1497600,89842.07,872809.92,150000
R56,S2,2026-09-24,569,105,420,756000,28795.72,450866.65,150000
R57,S3,2026-09-24,421,174,348,556800,13067.04,337114.44,150000
R58,S4,2026-09-24,198,81,243,461700,23198.1,271871.18,150000
R59,S5,2026-09-24,270,43,86,129000,1339.5,79149.51,150000
R60,S6,2026-09-24,420,50,50,85000,1237.48,51932.76,150000
R61,S7,2026-09-24,498,123,369,664200,10038.31,405580.25,150000
R62,S8,2026-09-24,158,78,156,234000,9638.77,139103.96,150000
R63,S9,2026-09-24,311,47,47,65800,1952.98,39585.15,150000
R64,S1,2026-09-23,226,30,30,45000,2215.37,26526.47,150000
R65,S2,2026-09-23,146,57,114,125400,4872.47,74727.07,150000
R66,S3,2026-09-23,205,100,200,420000,15302.45,250912.48,150000
R67,S4,2026-09-23,103,44,88,88000,3529.74,52371.56,150000
R68,S5,2026-09-23,384,40,80,88000,930.77,53982.92,150000
R69,S6,2026-09-23,396,25,50,95000,7274.25,54389.96,150000
R70,S7,2026-09-23,309,131,262,288200,7692.2,173914.84,150000
R71,S8,2026-09-23,684,223,669,334500,1894.35,206215.5,150000
R72,S9,2026-09-23,537,180,180,360000,19605.0,211044.9,150000
R73,S1,2026-09-22,191,88,88,184800,5175.39,111367.26,150000
R74,S2,2026-09-22,218,70,210,189000,13943.43,108535.07,150000
R75,S3,2026-09-22,626,173,692,1453200,89413.28,845547.77,150000
R76,S4,2026-09-22,267,59,118,283200,4924.35,172530.9,150000
R77,S5,2026-09-22,167,59,118,188800,7215.39,112582.46,150000
R78,S6,2026-09-22,275,114,228,387600,23801.17,225555.27,150000
R79,S7,2026-09-22,488,236,472,849600,29281.72,508597.33,150000
R80,S8,2026-09-22,343,165,330,198000,5834.22,119142.78,150000
R81,S9,2026-09-22,113,54,108,205200,7367.63,122656.07,150000
R82,S1,2026-09-21,615,294,588,705600,1307.26,436661.5,150000
R83,S2,2026-09-21,349,50,100,150000,1941.34,91796.37,150000
R84,S3,2026-09-21,374,99,99,128700,5543.19,76357.22,150000
R85,S4,2026-09-21,298,64,128,115200,7168.95,66979.25,150000
R86,S5,2026-09-21,699,310,930,1116000,59236.21,655193.55,150000
R87,S6,2026-09-21,523,186,372,409200,25112.59,238134.19,150000
R88,S7,2026-09-21,554,165,660,924000,44231.71,545456.34,150000
R89,S8,2026-09-21,180,75,75,135000,2838.79,81939.95,150000
R90,S9,2026-09-21,500,76,152,364800,21923.97,212583.14,150000
R91,S1,2026-09-20,518,90,360,864000,56521.18,500636.87,150000
R92,S2,2026-09-20,396,78,312,468000,30243.15,271409.25,150000
R93,S3,2026-09-20,434,156,312,436800,9122.78,265159.88,150000
R94,S4,2026-09-20,459,56,112,224000,14665.19,129787.58,150000
R95,S5,2026-09-20,489,43,129,167700,12922.57,95962.01,150000
R96,S6,2026-09-20,387,116,464,417600,5423.21,255549.61,150000
R97,S7,2026-09-20,625,238,714,428400,19075.38,253781.26,150000
R98,S8,2026-09-20,459,227,681,476700,4200.04,292949.98,150000
R99,S9,2026-09-20,211,69,138,96600,7546.76,55213.01,150000
R100,S1,2026-09-19,572,106,212,381600,21204.7,223445.09,150000
R101,S2,2026-09-19,570,204,408,489600,13044.73,295464.27,150000
R102,S3,2026-09-19,547,271,542,325200,1825.74,200492.04,150000
R103,S4,2026-09-19,432,95,285,655500,14079.16,397680.92,150000
R104,S5,2026-09-19,444,209,418,543400,29960.88,318332.25,150000
R105,S6,2026-09-19,428,76,228,205200,2723.97,125535.14,150000
R106,S7,2026-09-19,519,126,252,428400,6070.04,261844.58,150000
R107,S8,2026-09-19,278,60,180,378000,30148.84,215667.72,150000
R108,S9,2026-09-19,276,72,288,604800,17611.95,364056.59,150000
R109,S1,2026-09-18,385,20,80,88000,2786.24,52832.53,150000
R110,S2,2026-09-18,456,39,78,62400,4487.88,35905.51,150000
R111,S3,2026-09-18,534,154,308,338800,8401.92,204846.81,150000
R112,S4,2026-09-18,228,101,101,131300,3092.3,79488.77,150000
R113,S5,2026-09-18,562,168,168,319200,4971.16,194821.88,150000
R114,S6,2026-09-18,533,51,51,96900,5276.03,56806.86,150000
R115,S7,2026-09-18,643,167,167,83500,988.4,51157.19,150000
R116,S8,2026-09-18,449,169,507,1014000,60592.33,591112.76,150000
R117,S9,2026-09-18,455,68,68,74800,3583.52,44154.22,150000
R118,S1,2026-09-17,388,100,100,220000,12308.99,128768.43,150000
R119,S2,2026-09-17,383,167,334,300600,905.54,185810.57,150000
R120,S3,2026-09-17,587,268,804,1125600,33510.35,677095.58,150000
R121,S4,2026-09-17,299,132,132,92400,1003.41,56665.89,150000
R122,S5,2026-09-17,380,26,26,46800,2354.36,27556.3,150000
R123,S6,2026-09-17,413,176,352,563200,29238.87,331055.9,150000
R124,S7,2026-09-17,522,75,300,540000,12666.67,326946.66,150000
R125,S8,2026-09-17,442,101,404,606000,18449.75,364281.15,150000
R126,S9,2026-09-17,261,38,38,22800,1171.91,13409.42,150000
R127,S1,2026-09-16,699,222,222,399600,9287.69,241993.63,150000
R128,S2,2026-09-16,187,28,112,123200,9315.96,70608.1,150000
R129,S3,2026-09-16,233,91,91,191100,9833.9,112384.98,150000
R130,S4,2026-09-16,159,30,60,120000,8664.21,69028.19,150000
R131,S5,2026-09-16,218,26,52,119600,9469.8,68280.72,150000
R132,S6,2026-09-16,442,205,410,205000,4142.91,124531.4,150000
R133,S7,2026-09-16,630,300,300,210000,3703.16,127904.04,150000
R134,S8,2026-09-16,355,84,168,168000,9018.46,98568.55,150000
R135,S9,2026-09-16,389,117,351,596700,30553.1,351011.08,150000
R136,S1,2026-09-15,521,140,280,448000,5107.43,274593.39,150000
R137,S2,2026-09-15,609,208,832,1248000,322.3,773560.17,150000
R138,S3,2026-09-15,245,82,328,295200,2793.75,181291.88,150000
R139,S4,2026-09-15,456,20,40,64000,1299.42,38874.36,150000
R140,S5,2026-09-15,415,143,429,858000,67024.79,490404.63,150000
R141,S6,2026-09-15,287,21,84,58800,2441.69,34942.15,150000
R142,S7,2026-09-15,409,85,340,578000,39829.73,333665.57,150000
R143,S8,2026-09-15,300,78,234,187200,13876.01,107460.87,150000
R144,S9,2026-09-15,574,195,780,1560000,67825.55,925148.16,150000
R145,S1,2026-09-14,606,266,266,133000,2490.52,80915.88,150000
R146,S2,2026-09-14,458,20,60,144000,7292.64,84758.56,150000
R147,S3,2026-09-14,280,69,276,386400,15498.05,229959.21,150000
R148,S4,2026-09-14,164,45,180,144000,4743.16,86339.24,150000
R149,S5,2026-09-14,317,51,204,448800,21692.19,264806.84,150000
R150,S6,2026-09-14,329,88,264,184800,13982.54,105906.83,150000
R151,S7,2026-09-14,397,95,190,437000,5746.71,267377.04,150000
R152,S8,2026-09-14,456,53,53,106000,1695.62,64668.72,150000
R153,S9,2026-09-14,230,90,180,414000,11234.01,249714.91,150000
R154,S1,2026-09-13,550,59,118,59000,3450.54,34440.67,150000
R155,S2,2026-09-13,189,22,88,52800,2916.06,30928.04,150000
R156,S3,2026-09-13,172,70,140,308000,5889.01,187308.81,150000
R157,S4,2026-09-13,590,75,300,180000,1625.53,110592.17,150000
R158,S5,2026-09-13,490,40,120,276000,21727.97,157648.66,150000
R159,S6,2026-09-13,206,61,61,122000,4179.42,73048.76,150000
R160,S7,2026-09-13,605,216,216,345600,16535.77,204019.82,150000
R161,S8,2026-09-13,112,24,24,45600,2706.63,26593.89,150000
R162,S9,2026-09-13,386,159,159,254400,9628.1,151758.58,150000
R163,S1,2026-09-12,526,50,200,120000,5453.86,71018.61,150000
R164,S2,2026-09-12,110,30,90,162000,6612.94,96339.98,150000
R165,S3,2026-09-12,672,282,846,1438200,34856.61,870072.9,150000
R166,S4,2026-09-12,695,240,240,456000,18899.96,271002.02,150000
R167,S5,2026-09-12,537,255,510,1122000,25879.63,679594.63,150000
R168,S6,2026-09-12,306,107,214,299600,8839.19,180271.7,150000
R169,S7,2026-09-12,109,50,50,55000,2520.09,32537.54,150000
R170,S8,2026-09-12,197,40,160,336000,7664.24,203568.17,150000
R171,S9,2026-09-12,651,20,40,76000,1771.87,46021.44,150000
R172,S1,2026-09-11,375,182,546,1255800,22295.63,764772.71,150000
R173,S2,2026-09-11,618,191,191,210100,11720.34,122995.39,150000
R174,S3,2026-09-11,570,37,74,44400,538.25,27194.28,150000
R175,S4,2026-09-11,675,222,666,1265400,94398.67,726020.82,150000
R176,S5,2026-09-11,294,78,234,561600,13107.81,340065.16,150000
R177,S6,2026-09-11,184,41,82,90200,5232.35,52679.94,150000
R178,S7,2026-09-11,243,83,83,174300,2433.11,106557.47,150000
R179,S8,2026-09-11,632,289,867,1300500,28204.98,788822.91,150000
R180,S9,2026-09-11,304,87,261,313200,2694.22,192513.58,150000
R181,S1,2026-09-10,342,161,644,708400,6016.23,435477.94,150000
R182,S2,2026-09-10,533,52,156,78000,22.45,48346.08,150000
R183,S3,2026-09-10,592,28,56,84000,2726.32,50389.68,150000
R184,S4,2026-09-10,505,76,76,98800,4663.19,58364.82,150000
R185,S5,2026-09-10,397,142,142,227200,1656.17,139837.17,150000
R186,S6,2026-09-10,352,49,147,176400,12105.32,101862.7,150000
R187,S7,2026-09-10,128,48,48,57600,3767.25,33376.31,150000
R188,S8,2026-09-10,626,154,616,1170400,10915.98,718880.09,150000
R189,S9,2026-09-10,423,194,194,407400,23483.04,238028.52,150000
R190,S1,2026-09-09,534,36,144,331200,23577.04,190726.24,150000
R191,S2,2026-09-09,568,185,555,499500,16856.76,299238.81,150000
R192,S3,2026-09-09,276,98,392,274400,12119.51,162613.9,150000
R193,S4,2026-09-09,516,72,216,216000,11589.92,126734.25,150000
R194,S5,2026-09-09,502,208,416,249600,12947.29,146724.68,150000
R195,S6,2026-09-09,503,64,64,83200,1234.11,50818.85,150000
R196,S7,2026-09-09,619,232,232,371200,14323.74,221263.28,150000
R197,S8,2026-09-09,287,81,162,372600,23443.97,216476.74,150000
R198,S9,2026-09-09,583,148,592,947200,2845.54,585499.77,150000
R199,S1,2026-09-08,195,80,320,448000,22625.92,263731.93,150000
R200,S2,2026-09-08,322,107,214,470800,10230.45,285553.12,150000
R201,S3,2026-09-08,513,120,120,252000,13923.89,147607.19,150000
R202,S4,2026-09-08,321,52,208,270400,20201.37,155123.15,150000
R203,S5,2026-09-08,403,78,156,265200,3999.81,161944.12,150000
R204,S6,2026-09-08,120,26,52,46800,41.05,28990.55,150000
R205,S7,2026-09-08,623,176,176,369600,18336.56,217783.33,150000
R206,S8,2026-09-08,200,97,97,184300,4340.07,111575.16,150000
R207,S9,2026-09-08,149,64,192,268800,18499.73,155186.17,150000
R208,S1,2026-09-07,199,44,88,193600,12198.09,112469.18,150000
R209,S2,2026-09-07,691,120,120,120000,4763.0,71446.94,150000
R210,S3,2026-09-07,454,51,153,76500,3421.04,45308.96,150000
R211,S4,2026-09-07,157,61,61,42700,3001.13,24613.3,150000
R212,S5,2026-09-07,210,40,160,208000,791.53,128469.25,150000
R213,S6,2026-09-07,439,81,324,615600,24786.42,366304.42,150000
R214,S7,2026-09-07,288,112,224,537600,12768.09,325395.78,150000
R215,S8,2026-09-07,389,173,692,622800,11017.5,379305.15,150000
R216,S9,2026-09-07,372,176,528,1214400,46178.73,724297.19,150000
R217,S1,2026-09-06,125,38,76,182400,13532.92,104697.59,150000
R218,S2,2026-09-06,128,25,25,17500,853.63,10320.75,150000
R219,S3,2026-09-06,574,208,208,124800,6969.09,73055.16,150000
R220,S4,2026-09-06,380,26,52,104000,2986.54,62628.35,150000
R221,S5,2026-09-06,118,36,108,64800,580.98,39815.79,150000
R222,S6,2026-09-06,176,43,86,77400,1241.09,47218.52,150000
R223,S7,2026-09-06,461,81,81,186300,1047.33,114856.66,150000
R224,S8,2026-09-06,325,94,376,902400,26351.56,543150.03,150000
R225,S9,2026-09-06,460,198,594,1366200,11952.56,839633.41,150000
R226,S1,2026-09-05,636,259,1036,621600,11693.97,378141.74,150000
R227,S2,2026-09-05,632,120,480,480000,36668.05,274865.81,150000
R228,S3,2026-09-05,179,44,88,202400,15510.03,115871.78,150000
R229,S4,2026-09-05,356,46,46,50600,762.19,30899.44,150000
R230,S5,2026-09-05,213,67,268,455600,24361.35,267367.96,150000
R231,S6,2026-09-05,667,308,1232,2094400,161852.34,1198179.55,150000
R232,S7,2026-09-05,180,65,65,65000,4549.85,37479.09,150000
R233,S8,2026-09-05,207,37,74,133200,7921.78,77672.5,150000
R234,S9,2026-09-05,456,126,126,239400,2991.02,146573.57,150000
R235,S1,2026-09-04,116,23,46,64400,4759.52,36977.1,150000
R236,S2,2026-09-04,418,63,63,88200,48.51,54653.92,150000
R237,S3,2026-09-04,460,149,149,327800,939.87,202653.28,150000
R238,S4,2026-09-04,157,36,36,43200,1239.96,26015.22,150000
R239,S5,2026-09-04,603,283,283,141500,7988.04,82777.42,150000
R240,S6,2026-09-04,644,257,1028,616800,26192.62,366176.58,150000
R241,S7,2026-09-04,210,51,153,153000,316.97,94663.48,150000
R242,S8,2026-09-04,496,81,324,745200,26915.33,445336.5,150000
R243,S9,2026-09-04,461,68,272,163200,4421.88,98442.43,150000
R244,S1,2026-09-03,534,146,292,175200,12591.7,100817.15,150000
R245,S2,2026-09-03,500,70,210,483000,27795.49,282226.8,150000
R246,S3,2026-09-03,270,71,142,241400,3172.26,147701.2,150000
R247,S4,2026-09-03,337,138,138,165600,6066.77,98910.6,150000
R248,S5,2026-09-03,232,98,294,235200,7958.34,140889.83,150000
R249,S6,2026-09-03,564,105,315,630000,24732.47,375265.87,150000
R250,S7,2026-09-03,559,45,90,45000,3121.32,25964.78,150000
R251,S8,2026-09-03,507,42,84,92400,6366.34,53340.87,150000
R252,S9,2026-09-03,224,38,114,205200,2741.46,125524.29,150000
R253,S1,2026-09-02,352,54,54,32400,1625.35,19080.28,150000
R254,S2,2026-09-02,579,139,556,611600,5275.48,375921.2,150000
R255,S3,2026-09-02,368,139,417,875700,6601.03,538841.36,150000
R256,S4,2026-09-02,408,91,91,145600,7941.35,85348.36,150000
R257,S5,2026-09-02,675,251,1004,1305200,7031.83,804864.27,150000
R258,S6,2026-09-02,394,65,65,156000,5195.99,93498.49,150000
R259,S7,2026-09-02,166,81,81,194400,3523.27,118343.57,150000
R260,S8,2026-09-02,600,52,52,93600,6048.38,54282.0,150000
R261,S9,2026-09-02,689,102,204,122400,476.04,75592.86,150000
R262,S1,2026-09-01,457,89,356,712000,56550.82,406378.49,150000
R263,S2,2026-09-01,156,55,220,264000,15956.83,153786.77,150000
R264,S3,2026-09-01,466,225,675,1215000,24844.97,737896.12,150000
R265,S4,2026-09-01,405,44,132,66000,4441.01,38166.57,150000
R266,S5,2026-09-01,391,175,350,700000,2679.32,432338.82,150000
R267,S6,2026-09-01,670,57,171,324900,1987.23,200205.92,150000
R268,S7,2026-09-01,435,32,128,204800,14463.63,118008.55,150000
R269,S8,2026-09-01,601,42,126,75600,5281.94,43597.2,150000
R270,S9,2026-09-01,246,29,87,43500,2747.11,25266.79,150000
R271,S1,2026-08-31,681,118,472,330400,9419.91,199007.66,150000
R272,S2,2026-08-31,657,145,435,348000,9563.73,209830.49,150000
R273,S3,2026-08-31,365,22,22,39600,1448.89,23653.69,150000
R274,S4,2026-08-31,414,163,163,358600,9940.85,216168.67,150000
R275,S5,2026-08-31,662,148,444,754800,47365.61,438609.32,150000
R276,S6,2026-08-31,213,99,99,188100,7220.01,112145.59,150000
R277,S7,2026-08-31,326,136,272,380800,27539.5,219021.51,150000
R278,S8,2026-08-31,685,142,284,426000,10405.1,257668.84,150000
R279,S9,2026-08-31,636,162,648,583200,137.11,361498.99,150000
R280,S1,2026-08-30,221,77,154,107800,5381.06,63499.74,150000
R281,S2,2026-08-30,658,102,408,448800,13217.74,270061.0,150000
R282,S3,2026-08-30,659,176,704,422400,4444.11,259132.65,150000
R283,S4,2026-08-30,332,33,99,99000,3760.48,59048.5,150000
R284,S5,2026-08-30,167,42,42,54600,165.35,33749.48,150000
R285,S6,2026-08-30,236,117,234,187200,12181.52,108511.46,150000
R286,S7,2026-08-30,399,75,300,720000,45153.68,418404.72,150000
R287,S8,2026-08-30,387,127,508,406400,16361.69,241823.75,150000
R288,S9,2026-08-30,649,218,872,784800,4021.01,484082.97,150000
R289,S1,2026-08-29,324,154,462,693000,7916.08,424752.03,150000
R290,S2,2026-08-29,508,26,52,67600,1490.2,40988.08,150000
R291,S3,2026-08-29,690,119,476,571200,7745.67,349341.68,150000
R292,S4,2026-08-29,181,79,158,316000,15283.86,186444.01,150000
R293,S5,2026-08-29,295,46,138,82800,6386.98,47376.07,150000
R294,S6,2026-08-29,625,122,122,207400,6228.77,124726.16,150000
R295,S7,2026-08-29,661,161,644,1223600,15942.0,748747.96,150000
R296,S8,2026-08-29,664,212,848,932800,35421.91,556374.42,150000
R297,S9,2026-08-29,572,257,257,385500,23868.23,224211.7,150000
R298,S1,2026-08-28,506,184,368,294400,9582.92,176586.59,150000
R299,S2,2026-08-28,317,152,304,273600,8724.31,164222.93,150000
R300,S3,2026-08-28,347,126,126,252000,17634.54,145306.59,150000
R301,S4,2026-08-28,144,55,110,176000,7009.87,104773.88,150000
R302,S5,2026-08-28,521,243,972,583200,19703.84,349367.62,150000
R303,S6,2026-08-28,201,72,288,288000,20198.68,166036.82,150000
R304,S7,2026-08-28,491,60,240,552000,7513.16,337581.84,150000
R305,S8,2026-08-28,145,23,46,96600,1349.14,59055.53,150000
R306,S9,2026-08-28,667,194,776,1164000,50972.88,690076.81,150000
R307,S1,2026-08-27,535,146,584,584000,27720.87,344893.06,150000
R308,S2,2026-08-27,413,131,131,183400,1383.66,112850.13,150000
R309,S3,2026-08-27,169,38,76,182400,5294.79,109805.23,150000
R310,S4,2026-08-27,222,27,81,72900,5027.34,42081.05,150000
R311,S5,2026-08-27,465,73,73,73000,439.23,44987.68,150000
R312,S6,2026-08-27,655,309,618,988800,66884.89,571587.37,150000
R313,S7,2026-08-27,217,96,96,48000,3253.18,27743.03,150000
R314,S8,2026-08-27,476,96,288,230400,725.86,142397.97,150000
R315,S9,2026-08-27,360,89,267,427200,3187.34,262887.85,150000
R316,S1,2026-08-26,140,70,210,504000,38037.3,288896.87,150000
R317,S2,2026-08-26,406,44,88,96800,470.75,59724.14,150000
R318,S3,2026-08-26,260,36,108,129600,8536.7,75059.25,150000
R319,S4,2026-08-26,611,64,256,409600,21340.33,240721.0,150000
R320,S5,2026-08-26,153,51,51,35700,1483.0,21214.54,150000
R321,S6,2026-08-26,257,115,345,345000,20001.29,201499.2,150000
R322,S7,2026-08-26,128,35,140,98000,6564.23,56690.18,150000
R323,S8,2026-08-26,361,118,354,247800,17811.56,142592.83,150000
R324,S9,2026-08-26,158,30,60,60000,221.95,37062.39,150000
R325,S1,2026-08-25,628,271,1084,1084000,27653.83,654934.63,150000
R326,S2,2026-08-25,644,173,519,1245600,22982.94,758022.58,150000
R327,S3,2026-08-25,430,165,165,132000,6740.79,77660.71,150000
R328,S4,2026-08-25,186,57,171,136800,4703.04,81900.12,150000
R329,S5,2026-08-25,577,137,274,520600,41178.33,297241.44,150000
R330,S6,2026-08-25,209,69,69,96600,6917.09,55603.4,150000
R331,S7,2026-08-25,240,119,238,214200,13704.89,124306.97,150000
R332,S8,2026-08-25,133,25,75,60000,3992.74,34724.5,150000
R333,S9,2026-08-25,330,41,164,360800,6738.42,219518.18,150000
R334,S1,2026-08-24,587,284,1136,908800,6564.64,559385.92,150000
R335,S2,2026-08-24,438,123,123,73800,3928.42,43320.38,150000
R336,S3,2026-08-24,599,287,861,602700,18744.82,362052.21,150000
R337,S4,2026-08-24,346,116,348,382800,22015.37,223686.47,150000
R338,S5,2026-08-24,382,105,420,924000,53298.95,539834.65,150000
R339,S6,2026-08-24,267,36,36,79200,5437.92,45732.49,150000
R340,S7,2026-08-24,677,259,259,414400,6303.19,253020.02,150000
R341,S8,2026-08-24,631,284,852,1874400,67193.74,1120467.88,150000
R342,S9,2026-08-24,602,91,273,191100,15042.57,109155.61,150000
R343,S1,2026-08-23,578,102,306,489600,36087.94,281177.48,150000
R344,S2,2026-08-23,141,53,53,53000,216.6,32725.71,150000
R345,S3,2026-08-23,477,219,438,613200,45701.26,351849.22,150000
R346,S4,2026-08-23,654,239,239,549700,10938.96,334031.84,150000
R347,S5,2026-08-23,114,38,38,26600,746.36,16029.26,150000
R348,S6,2026-08-23,409,101,101,60600,3560.22,35364.66,150000
R349,S7,2026-08-23,644,257,1028,2158800,45021.81,1310542.48,150000
R350,S8,2026-08-23,488,241,241,216900,836.81,133959.18,150000
R351,S9,2026-08-23,291,27,27,51300,1505.46,30872.61,150000
R352,S1,2026-08-22,541,45,180,324000,11212.16,193928.46,150000
R353,S2,2026-08-22,300,86,344,722400,34360.15,426584.71,150000
R354,S3,2026-08-22,102,46,184,386400,17411.47,228772.89,150000
R355,S4,2026-08-22,248,84,252,277200,18714.79,160260.83,150000
R356,S5,2026-08-22,370,50,50,85000,3663.52,50428.62,150000
R357,S6,2026-08-22,352,146,292,292000,16113.32,171049.74,150000
R358,S7,2026-08-22,283,75,225,405000,4979.93,248012.44,150000
R359,S8,2026-08-22,114,44,176,422400,6489.27,257864.65,150000
R360,S9,2026-08-22,439,206,206,247200,7484.67,148623.5,150000
R361,S1,2026-08-21,626,78,234,327600,20341.65,190500.18,150000
R362,S2,2026-08-21,680,158,158,300200,6223.25,182265.58,150000
R363,S3,2026-08-21,602,58,58,92800,278.83,57363.13,150000
R364,S4,2026-08-21,205,69,138,248400,10363.02,147582.93,150000
R365,S5,2026-08-21,312,81,243,437400,21897.85,257611.33,150000
R366,S6,2026-08-21,159,78,234,444600,29197.09,257549.8,150000
R367,S7,2026-08-21,426,21,63,138600,3944.17,83486.61,150000
R368,S8,2026-08-21,409,106,424,593600,19741.19,355792.46,150000
R369,S9,2026-08-21,119,36,36,86400,271.85,53399.45,150000
R370,S1,2026-08-20,114,20,20,14000,640.16,8283.1,150000
R371,S2,2026-08-20,308,61,244,195200,5811.43,117420.91,150000
R372,S3,2026-08-20,177,52,208,312000,763.04,192966.92,150000
R373,S4,2026-08-20,172,53,106,84800,1315.35,51760.48,150000
R374,S5,2026-08-20,325,143,143,128700,1033.75,79153.07,150000
R375,S6,2026-08-20,206,62,248,520800,21824.1,309365.06,150000
R376,S7,2026-08-20,416,77,77,123200,4213.65,73771.54,150000
R377,S8,2026-08-20,493,142,568,340800,25509.16,195480.32,150000
R378,S9,2026-08-20,492,164,492,590400,15351.33,356530.18,150000
R379,S1,2026-08-19,700,277,554,886400,62565.57,510777.35,150000
R380,S2,2026-08-19,679,111,111,144300,5264.79,86201.83,150000
R381,S3,2026-08-19,515,92,368,736000,54031.5,422820.47,150000
R382,S4,2026-08-19,630,93,186,409200,258.84,253543.52,150000
R383,S5,2026-08-19,108,48,192,172800,3851.31,104748.19,150000
R384,S6,2026-08-19,318,87,87,52200,1886.2,31194.56,150000
R385,S7,2026-08-19,544,205,410,369000,10855.28,222049.73,150000
R386,S8,2026-08-19,416,30,30,42000,3069.32,24137.02,150000
R387,S9,2026-08-19,274,56,168,84000,2317.57,50643.11,150000
R388,S1,2026-08-18,518,112,448,1030400,78109.07,590420.38,150000
R389,S2,2026-08-18,460,63,63,126000,5287.85,74841.53,150000
R390,S3,2026-08-18,482,125,375,412500,28837.85,237870.53,150000
R391,S4,2026-08-18,699,210,630,441000,10765.84,266745.18,150000
R392,S5,2026-08-18,337,48,96,153600,7768.52,90415.52,150000
R393,S6,2026-08-18,396,25,75,157500,6726.81,93479.38,150000
R394,S7,2026-08-18,379,110,330,198000,10270.36,116392.38,150000
R395,S8,2026-08-18,485,92,92,147200,3372.18,89173.25,150000
R396,S9,2026-08-18,621,191,191,439300,33555.58,251561.54,150000
R397,S1,2026-08-17,102,44,44,30800,472.55,18803.02,150000
R398,S2,2026-08-17,321,100,100,240000,17543.42,137923.08,150000
R399,S3,2026-08-17,170,38,152,121600,40.83,75366.69,150000
R400,S4,2026-08-17,548,154,308,277200,16990.66,161329.79,150000
R401,S5,2026-08-17,250,46,92,110400,3511.33,66270.98,150000
R402,S6,2026-08-17,406,46,92,165600,10056.4,96437.03,150000
R403,S7,2026-08-17,356,83,83,190900,11022.69,111523.93,150000
R404,S8,2026-08-17,545,247,247,419900,28511.03,242661.16,150000
R405,S9,2026-08-17,175,77,154,308000,18187.82,179683.55,150000
R406,S1,2026-08-16,129,33,66,112200,2344.94,68110.14,150000
R407,S2,2026-08-16,504,133,399,399000,18233.29,236075.36,150000
R408,S3,2026-08-16,155,54,54,97200,6006.37,56540.05,150000
R409,S4,2026-08-16,653,120,360,792000,38501.5,467169.07,150000
R410,S5,2026-08-16,235,100,300,630000,16226.95,380539.29,150000
R411,S6,2026-08-16,110,40,160,192000,4569.46,116206.93,150000
R412,S7,2026-08-16,460,213,213,170400,5142.2,102459.84,150000
R413,S8,2026-08-16,563,23,92,138000,8746.66,80137.07,150000
R414,S9,2026-08-16,528,33,132,184800,9705.02,108558.89,150000
R415,S1,2026-08-15,647,299,897,1166100,79817.99,673494.85,150000
R416,S2,2026-08-15,300,37,111,233100,7701.66,139746.97,150000
R417,S3,2026-08-15,154,43,129,296700,1285.07,183157.26,150000
R418,S4,2026-08-15,281,35,105,94500,3564.18,56380.21,150000
R419,S5,2026-08-15,232,86,344,550400,33042.74,320761.5,150000
R420,S6,2026-08-15,464,22,88,184800,7515.12,109916.63,150000
R421,S7,2026-08-15,253,83,332,398400,21226.18,233847.77,150000
R422,S8,2026-08-15,261,21,63,81900,2515.19,49218.58,150000
R423,S9,2026-08-15,679,93,186,260400,6990.4,157113.95,150000
R424,S1,2026-08-14,649,23,23,39100,2056.34,22967.07,150000
R425,S2,2026-08-14,176,69,69,103500,6136.54,60365.35,150000
R426,S3,2026-08-14,229,84,336,806400,7714.76,495184.85,150000
R427,S4,2026-08-14,330,151,604,604000,45945.89,345993.55,150000
R428,S5,2026-08-14,171,24,72,43200,1278.2,25991.52,150000
R429,S6,2026-08-14,565,42,42,92400,5632.64,53795.76,150000
R430,S7,2026-08-14,148,42,42,25200,954.11,15032.45,150000
R431,S8,2026-08-14,549,87,87,52200,1642.74,31345.5,150000
R432,S9,2026-08-14,691,323,969,484500,22199.44,286626.35,150000
R433,S1,2026-08-13,126,51,153,367200,14242.67,218833.54,150000
R434,S2,2026-08-13,497,61,61,140300,1448.71,86087.8,150000
R435,S3,2026-08-13,363,83,83,124500,1764.19,76096.2,150000
R436,S4,2026-08-13,576,99,99,59400,1184.31,36093.73,150000
R437,S5,2026-08-13,697,340,1020,1428000,114186.13,814564.6,150000
R438,S6,2026-08-13,204,68,68,74800,3946.14,43929.39,150000
R439,S7,2026-08-13,129,27,54,102600,7294.44,59089.45,150000
R440,S8,2026-08-13,347,124,496,942400,30012.74,565680.1,150000
R441,S9,2026-08-13,290,77,308,523600,10893.54,317878.01,150000
R442,S1,2026-08-12,342,113,113,56500,1819.0,33902.22,150000
R443,S2,2026-08-12,378,119,476,380800,25056.5,220560.97,150000
R444,S3,2026-08-12,333,80,80,72000,4835.24,41642.15,150000
R445,S4,2026-08-12,590,96,96,96000,3637.91,57264.5,150000
R446,S5,2026-08-12,492,162,648,1166400,38390.82,699365.69,150000
R447,S6,2026-08-12,117,23,69,75900,1702.66,46002.35,150000
R448,S7,2026-08-12,418,174,696,765600,2914.58,472864.96,150000
R449,S8,2026-08-12,166,21,84,117600,4224.32,70292.92,150000
R450,S9,2026-08-12,411,64,64,44800,2528.29,26208.46,150000
R451,S1,2026-08-11,551,192,768,921600,18509.47,559916.13,150000
R452,S2,2026-08-11,341,154,154,169400,6497.25,100999.71,150000
R453,S3,2026-08-11,233,68,204,489600,19749.47,291307.33,150000
R454,S4,2026-08-11,645,200,600,1260000,14029.34,772501.81,150000
R455,S5,2026-08-11,487,91,182,291200,22948.44,166315.97,150000
R456,S6,2026-08-11,348,106,424,636000,39193.62,370019.96,150000
R457,S7,2026-08-11,471,41,41,82000,3373.09,48748.68,150000
R458,S8,2026-08-11,378,74,74,51800,2192.14,30756.87,150000
R459,S9,2026-08-11,444,169,676,811200,27144.01,486114.71,150000
R460,S1,2026-08-10,611,195,780,1092000,37742.38,653639.72,150000
R461,S2,2026-08-10,131,23,23,16100,363.83,9756.43,150000
R462,S3,2026-08-10,303,42,84,75600,5772.4,43293.11,150000
R463,S4,2026-08-10,146,30,90,90000,4724.37,52870.89,150000
R464,S5,2026-08-10,273,99,396,475200,23648.7,279961.81,150000
R465,S6,2026-08-10,171,34,34,51000,33.44,31599.27,150000
R466,S7,2026-08-10,661,295,1180,2124000,107173.5,1250432.43,150000
R467,S8,2026-08-10,513,220,880,528000,33360.3,306676.61,150000
R468,S9,2026-08-10,423,98,392,901600,64665.19,518899.58,150000
R469,S1,2026-08-09,344,55,220,352000,5868.75,214601.38,150000
R470,S2,2026-08-09,318,133,399,678300,33667.87,399671.92,150000
R471,S3,2026-08-09,610,129,129,64500,2598.39,38379.0,150000
R472,S4,2026-08-09,117,25,50,90000,3831.69,53424.35,150000
R473,S5,2026-08-09,535,228,912,2097600,50274.88,1269341.57,150000
R474,S6,2026-08-09,611,269,538,753200,27695.95,449812.51,150000
R475,S7,2026-08-09,149,65,195,195000,11483.56,113780.19,150000
R476,S8,2026-08-09,121,42,42,58800,4491.14,33671.49,150000
R477,S9,2026-08-09,504,154,308,585200,10358.97,356401.44,150000
R478,S1,2026-08-08,681,142,284,284000,3592.46,173852.67,150000
R479,S2,2026-08-08,469,74,74,74000,4480.74,43101.94,150000
R480,S3,2026-08-08,267,124,372,669600,22471.26,401219.82,150000
R481,S4,2026-08-08,306,94,282,507600,21709.05,301252.39,150000
R482,S5,2026-08-08,669,156,468,655200,36111.87,383834.64,150000
R483,S6,2026-08-08,336,21,21,31500,119.7,19455.79,150000
R484,S7,2026-08-08,343,116,232,255200,2931.57,156406.43,150000
R485,S8,2026-08-08,295,146,292,146000,8535.36,85228.08,150000
R486,S9,2026-08-08,651,112,336,537600,16919.91,322821.66,150000
R487,S1,2026-08-07,357,77,77,77000,2019.93,46487.64,150000
R488,S2,2026-08-07,569,183,366,292800,3789.24,179186.67,150000
R489,S3,2026-08-07,527,253,759,986700,48180.51,581882.08,150000
R490,S4,2026-08-07,669,318,954,2194200,24652.37,1345119.53,150000
R491,S5,2026-08-07,416,186,372,632400,28021.63,374714.59,150000
R492,S6,2026-08-07,334,134,536,1072000,59506.81,627745.78,150000
R493,S7,2026-08-07,471,235,940,1504000,68830.38,889805.16,150000
R494,S8,2026-08-07,500,222,444,577200,37581.21,334563.65,150000
R495,S9,2026-08-07,631,173,519,934200,46529.27,550355.85,150000
R496,S1,2026-08-06,221,26,52,26000,1847.82,14974.35,150000
R497,S2,2026-08-06,354,83,166,199200,3566.88,121292.53,150000
R498,S3,2026-08-06,204,100,100,180000,6638.02,107484.43,150000
R499,S4,2026-08-06,109,42,42,58800,3047.64,34566.46,150000
R500,S5,2026-08-06,154,35,105,168000,12847.27,96194.69,150000
R501,S6,2026-08-06,375,71,71,42600,2764.57,24697.97,150000
R502,S7,2026-08-06,399,123,246,319800,8456.79,193032.79,150000
R503,S8,2026-08-06,546,180,720,1584000,114213.95,911267.35,150000
R504,S9,2026-08-06,182,25,25,15000,1139.44,8593.55,150000
R505,S1,2026-08-05,503,76,304,668800,38238.57,390948.09,150000
R506,S2,2026-08-05,314,131,262,262000,11894.75,155065.26,150000
R507,S3,2026-08-05,689,268,536,589600,4627.44,362682.99,150000
R508,S4,2026-08-05,292,70,70,154000,3323.6,93419.37,150000
R509,S5,2026-08-05,186,35,105,52500,1409.53,31676.09,150000
R510,S6,2026-08-05,168,29,29,23200,737.52,13926.74,150000
R511,S7,2026-08-05,560,159,636,381600,1483.96,235671.94,150000
R512,S8,2026-08-05,509,171,171,324900,25263.61,185774.56,150000
R513,S9,2026-08-05,552,187,561,785400,61249.31,448973.43,150000
R514,S1,2026-08-04,648,76,152,136800,7732.91,80021.6,150000
R515,S2,2026-08-04,127,51,102,183600,6623.12,109725.67,150000
R516,S3,2026-08-04,553,210,210,189000,10653.69,110574.71,150000
R517,S4,2026-08-04,631,69,207,372600,25188.32,215395.24,150000
R518,S5,2026-08-04,663,213,852,1192800,60907.86,701773.13,150000
R519,S6,2026-08-04,237,73,73,94900,736.14,58381.59,150000
R520,S7,2026-08-04,580,290,580,464000,3294.7,285637.29,150000
R521,S8,2026-08-04,274,28,84,109200,3974.26,65239.96,150000
R522,S9,2026-08-04,474,201,603,542700,34736.92,314937.11,150000
R523,S1,2026-08-03,547,136,272,462400,25946.2,270601.36,150000
R524,S2,2026-08-03,245,29,87,69600,3055.51,41257.58,150000
R525,S3,2026-08-03,635,169,507,405600,4757.26,248522.5,150000
R526,S4,2026-08-03,580,207,621,993600,67909.42,573928.16,150000
R527,S5,2026-08-03,643,202,404,888800,55634.79,516562.43,150000
R528,S6,2026-08-03,398,140,560,448000,1013.89,277131.39,150000
R529,S7,2026-08-03,407,92,368,846400,60.41,524730.55,150000
R530,S8,2026-08-03,496,50,200,340000,13545.91,202401.54,150000
R531,S9,2026-08-03,309,142,426,213000,7942.34,127135.75,150000
R532,S1,2026-08-02,269,62,124,124000,9438.39,71028.2,150000
R533,S2,2026-08-02,570,144,432,864000,1533.08,534729.49,150000
R534,S3,2026-08-02,196,45,90,126000,5967.9,74419.9,150000
R535,S4,2026-08-02,602,171,171,239400,6957.45,144114.38,150000
R536,S5,2026-08-02,539,59,236,495600,234.7,307126.49,150000
R537,S6,2026-08-02,530,122,122,122000,3926.67,73205.46,150000
R538,S7,2026-08-02,110,36,36,79200,4178.32,46513.44,150000
R539,S8,2026-08-02,331,163,326,163000,2265.98,99655.09,150000
R540,S9,2026-08-02,221,72,216,302400,845.74,186963.64,150000
R541,S1,2026-08-01,168,78,312,561600,26913.79,331505.45,150000
R542,S2,2026-08-01,269,29,87,43500,2108.47,25662.75,150000
R543,S3,2026-08-01,530,170,510,867000,49470.97,506868.0,150000
R544,S4,2026-08-01,581,258,1032,1135200,85378.94,650889.06,150000
R545,S5,2026-08-01,301,149,298,715200,13863.97,434828.34,150000
R546,S6,2026-08-01,329,55,165,132000,746.66,81377.07,150000
R547,S7,2026-08-01,486,184,368,404800,18283.86,239640.01,150000
R548,S8,2026-08-01,261,129,258,619200,35529.87,361875.48,150000
R549,S9,2026-08-01,539,46,92,184000,4682.43,111176.89,150000
R550,S1,2026-07-31,513,140,280,224000,10136.41,132595.43,150000
R551,S2,2026-07-31,551,105,105,73500,5271.16,42301.88,150000
R552,S3,2026-07-31,405,26,52,52000,123.01,32163.73,150000
R553,S4,2026-07-31,127,34,136,312800,11139.55,187029.48,150000
R554,S5,2026-07-31,434,187,748,598400,47509.68,341552.0,150000
R555,S6,2026-07-31,491,88,176,123200,523.14,76059.65,150000
R556,S7,2026-07-31,182,31,31,68200,806.43,41784.01,150000
R557,S8,2026-07-31,587,26,52,62400,4363.45,35982.66,150000
R558,S9,2026-07-31,310,28,28,61600,1185.64,37456.9,150000
R559,S1,2026-07-30,302,126,252,352800,7949.12,213807.55,150000
R560,S2,2026-07-30,113,26,52,109200,3212.54,65712.23,150000
R561,S3,2026-07-30,429,129,258,154800,7481.21,91337.65,150000
R562,S4,2026-07-30,358,27,54,70200,4811.16,40541.08,150000
R563,S5,2026-07-30,181,31,124,99200,4908.64,58460.64,150000
R564,S6,2026-07-30,430,47,188,282000,20153.11,162345.07,150000
R565,S7,2026-07-30,639,191,573,286500,9220.7,171913.17,150000
R566,S8,2026-07-30,516,206,412,700400,37920.23,410737.46,150000
R567,S9,2026-07-30,347,91,364,291200,19116.61,168691.7,150000
R568,S1,2026-07-29,646,98,196,313600,2886.69,192642.25,150000
R569,S2,2026-07-29,174,72,288,691200,27523.02,411479.73,150000
R570,S3,2026-07-29,132,28,28,56000,2405.73,33228.45,150000
R571,S4,2026-07-29,690,78,312,436800,14599.15,261764.53,150000
R572,S5,2026-07-29,648,123,369,516600,3666.17,318018.97,150000
R573,S6,2026-07-29,524,25,75,52500,641.05,32152.55,150000
R574,S7,2026-07-29,344,117,234,117000,2945.72,70713.65,150000
R575,S8,2026-07-29,413,61,244,585600,19666.71,350878.64,150000
R576,S9,2026-07-29,614,216,432,777600,15161.34,472711.97,150000
R577,S1,2026-07-28,276,83,249,224100,12184.74,131387.46,150000
R578,S2,2026-07-28,513,190,570,399000,4994.88,244283.17,150000
R579,S3,2026-07-28,518,189,189,396900,1588.56,245093.09,150000
R580,S4,2026-07-28,358,87,348,348000,7282.19,211245.04,150000
R581,S5,2026-07-28,139,49,49,102900,2552.38,62215.52,150000
R582,S6,2026-07-28,544,239,478,239000,1999.37,146940.39,150000
R583,S7,2026-07-28,384,50,150,255000,12146.66,150569.07,150000
R584,S8,2026-07-28,103,48,96,211200,4395.87,128218.56,150000
R585,S9,2026-07-28,272,67,67,134000,2164.07,81738.28,150000
R586,S1,2026-07-27,658,260,520,416000,12133.05,250397.51,150000
R587,S2,2026-07-27,258,35,140,294000,5978.12,178573.57,150000
R588,S3,2026-07-27,535,265,1060,954000,27763.24,574266.79,150000
R589,S4,2026-07-27,480,223,446,446000,4962.51,273443.24,150000
R590,S5,2026-07-27,145,60,60,54000,2635.23,31846.16,150000
R591,S6,2026-07-27,602,31,93,176700,3434.69,107424.49,150000
R592,S7,2026-07-27,480,147,147,205800,13134.72,119452.47,150000
R593,S8,2026-07-27,420,138,414,828000,32137.85,493434.53,150000
R594,S9,2026-07-27,393,69,276,662400,1500.34,409757.79,150000
R595,S1,2026-07-26,403,138,414,869400,39928.12,514272.57,150000
R596,S2,2026-07-26,308,72,144,158400,9566.8,92276.58,150000
R597,S3,2026-07-26,315,121,242,508200,22232.19,301300.04,150000
R598,S4,2026-07-26,247,80,160,192000,5692.96,115510.36,150000
R599,S5,2026-07-26,528,123,123,86100,2777.36,51660.04,150000
R600,S6,2026-07-26,122,53,212,360400,5448.38,220070.0,150000
R601,S7,2026-07-26,149,48,48,86400,132.6,53485.79,150000
R602,S8,2026-07-26,678,299,299,358800,17032.21,211896.03,150000
R603,S9,2026-07-26,654,195,195,273000,518.99,168938.23,150000
R604,S1,2026-07-25,245,51,153,122400,6860.66,71634.39,150000
R605,S2,2026-07-25,439,167,668,734800,42198.12,429413.17,150000
R606,S3,2026-07-25,501,99,99,89100,2808.54,53500.71,150000
R607,S4,2026-07-25,588,122,244,341600,26508.55,195356.7,150000
R608,S5,2026-07-25,344,21,42,42000,321.27,25840.81,150000
R609,S6,2026-07-25,359,76,152,304000,7391.81,183897.08,150000
R610,S7,2026-07-25,558,164,328,328000,17688.78,192392.96,150000
R611,S8,2026-07-25,518,244,244,439200,13182.4,264130.91,150000
R612,S9,2026-07-25,438,93,279,279000,16855.51,162529.58,150000
R613,S1,2026-07-24,434,63,63,44100,3410.29,25227.62,150000
R614,S2,2026-07-24,400,118,118,177000,9912.63,103594.17,150000
R615,S3,2026-07-24,246,29,29,60900,2443.78,36242.86,150000
R616,S4,2026-07-24,444,24,72,43200,1820.55,25655.26,150000
R617,S5,2026-07-24,184,82,246,123000,2342.45,74807.68,150000
R618,S6,2026-07-24,637,314,628,816400,29383.76,487950.07,150000
R619,S7,2026-07-24,414,40,40,32000,2161.63,18499.79,150000
R620,S8,2026-07-24,243,115,345,828000,3104.37,511435.29,150000
R621,S9,2026-07-24,588,255,1020,2448000,145803.68,1427361.72,150000
R622,S1,2026-07-23,691,234,234,491400,22006.19,291024.16,150000
R623,S2,2026-07-23,136,50,150,285000,6736.78,172523.2,150000
R624,S3,2026-07-23,481,64,192,364800,13096.87,218055.94,150000
R625,S4,2026-07-23,286,47,94,65800,4151.12,38222.31,150000
R626,S5,2026-07-23,627,229,916,2015200,158486.85,1151162.15,150000
R627,S6,2026-07-23,135,51,153,229500,69.96,142246.62,150000
R628,S7,2026-07-23,449,98,98,98000,2646.66,59119.07,150000
R629,S8,2026-07-23,648,266,1064,1489600,73832.58,877775.8,150000
R630,S9,2026-07-23,486,161,161,80500,5875.46,46267.21,150000
R631,S1,2026-07-22,652,32,96,211200,7938.74,126021.98,150000
R632,S2,2026-07-22,192,53,106,180200,8517.15,106443.37,150000
R633,S3,2026-07-22,626,111,111,133200,7202.25,78118.6,150000
R634,S4,2026-07-22,226,53,106,63600,1220.55,38675.26,150000
R635,S5,2026-07-22,580,288,288,604800,24641.92,359698.01,150000
R636,S6,2026-07-22,446,193,579,636900,2931.41,393060.53,150000
R637,S7,2026-07-22,137,68,204,142800,10336.96,82127.08,150000
R638,S8,2026-07-22,413,77,77,146300,10869.84,83966.7,150000
R639,S9,2026-07-22,249,89,267,534000,33175.24,310511.35,150000
R640,S1,2026-07-21,203,92,368,809600,7807.71,497111.22,150000
R641,S2,2026-07-21,588,243,486,1069200,45757.57,634534.31,150000
R642,S3,2026-07-21,512,109,109,119900,5759.23,70767.28,150000
R643,S4,2026-07-21,243,26,104,114400,5883.34,67280.33,150000
R644,S5,2026-07-21,481,237,711,1706400,43908.77,1030744.56,150000
R645,S6,2026-07-21,679,31,124,260400,10387.61,155007.68,150000
R646,S7,2026-07-21,122,27,54,32400,2419.46,18587.93,150000
R647,S8,2026-07-21,636,276,276,138000,4032.39,83059.92,150000
R648,S9,2026-07-21,459,35,140,182000,3944.18,110394.61,150000
R649,S1,2026-07-20,357,144,432,648000,33464.07,381012.28,150000
R650,S2,2026-07-20,259,53,106,116600,8582.81,66970.66,150000
R651,S3,2026-07-20,566,269,269,511100,30843.86,297758.81,150000
R652,S4,2026-07-20,596,98,98,127400,1153.37,78272.91,150000
R653,S5,2026-07-20,348,72,288,172800,4549.69,104315.19,150000
R654,S6,2026-07-20,532,73,146,131400,5774.08,77888.07,150000
R655,S7,2026-07-20,388,96,384,192000,3127.11,117101.19,150000
R656,S8,2026-07-20,649,45,135,216000,3292.03,131878.94,150000
R657,S9,2026-07-20,611,22,22,48400,430.2,29741.28,150000
R658,S1,2026-07-19,367,56,168,134400,3387.29,81227.88,150000
R659,S2,2026-07-19,146,39,156,171600,8985.08,100821.25,150000
R660,S3,2026-07-19,580,154,462,508200,21456.59,301780.91,150000
R661,S4,2026-07-19,534,219,219,262800,2938.98,161113.83,150000
R662,S5,2026-07-19,525,161,644,1545600,12005.35,950828.68,150000
R663,S6,2026-07-19,330,73,219,350400,11004.24,210425.37,150000
R664,S7,2026-07-19,295,142,568,511200,36598.26,294253.08,150000
R665,S8,2026-07-19,304,63,63,107100,7174.94,61953.54,150000
R666,S9,2026-07-19,158,27,108,97200,1151.34,59550.17,150000
R667,S1,2026-07-18,595,83,166,132800,7742.13,77535.88,150000
R668,S2,2026-07-18,510,61,244,414800,24449.12,242017.55,150000
R669,S3,2026-07-18,244,64,256,256000,14825.53,149528.17,150000
R670,S4,2026-07-18,673,216,432,950400,7433.61,584639.16,150000
R671,S5,2026-07-18,435,46,184,331200,399.03,205096.6,150000
R672,S6,2026-07-18,638,135,270,378000,12048.6,226889.87,150000
R673,S7,2026-07-18,556,130,390,390000,26694.51,225249.4,150000
R674,S8,2026-07-18,464,176,704,844800,57713.37,487993.71,150000
R675,S9,2026-07-18,104,29,58,139200,905.94,85742.32,150000
R676,S1,2026-07-17,188,42,84,50400,3559.91,29040.86,150000
R677,S2,2026-07-17,551,112,336,537600,11030.8,326472.9,150000
R678,S3,2026-07-17,581,185,740,444000,19398.9,263252.68,150000
R679,S4,2026-07-17,447,201,804,884400,2034.1,547066.86,150000
R680,S5,2026-07-17,359,21,21,12600,77.45,7763.98,150000
R681,S6,2026-07-17,409,87,348,348000,15623.54,206073.41,150000
R682,S7,2026-07-17,674,147,147,352800,8559.74,213428.96,150000
R683,S8,2026-07-17,362,100,200,280000,8767.1,168164.4,150000
R684,S9,2026-07-17,322,157,157,172700,5968.82,103373.33,150000
R685,S1,2026-07-16,198,83,332,796800,43828.9,466842.08,150000
R686,S2,2026-07-16,258,91,91,118300,690.55,72917.86,150000
R687,S3,2026-07-16,414,68,204,387600,6715.61,236148.32,150000
R688,S4,2026-07-16,584,165,165,99000,3015.18,59510.59,150000
R689,S5,2026-07-16,161,43,172,309600,10633.18,185359.43,150000
R690,S6,2026-07-16,560,212,424,890400,20382.85,539410.63,150000
R691,S7,2026-07-16,318,32,32,19200,686.89,11478.13,150000
R692,S8,2026-07-16,436,166,166,398400,18301.88,235660.83,150000
R693,S9,2026-07-16,218,47,188,300800,23834.47,171718.63,150000
R694,S1,2026-07-15,231,22,88,184800,181.77,114463.3,150000
R695,S2,2026-07-15,578,56,224,268800,5327.95,163352.67,150000
R696,S3,2026-07-15,466,230,230,161000,10655.08,93213.85,150000
R697,S4,2026-07-15,521,153,306,428400,21902.94,252028.18,150000
R698,S5,2026-07-15,223,44,176,193600,3546.38,117833.24,150000
R699,S6,2026-07-15,291,105,105,147000,4117.5,88587.15,150000
R700,S7,2026-07-15,415,142,284,340800,20822.47,198386.07,150000
R701,S8,2026-07-15,470,126,126,302400,16668.16,177153.74,150000
R702,S9,2026-07-15,116,47,47,84600,4838.78,49451.96,150000
R703,S1,2026-07-14,360,127,381,228600,3445.72,139595.65,150000
R704,S2,2026-07-14,298,106,106,212000,1226.99,130679.27,150000
R705,S3,2026-07-14,616,24,24,14400,401.21,8679.25,150000
R706,S4,2026-07-14,691,315,315,189000,3328.91,115116.08,150000
R707,S5,2026-07-14,642,143,429,429000,23955.44,251127.63,150000
R708,S6,2026-07-14,521,225,450,765000,5430.51,470933.08,150000
R709,S7,2026-07-14,192,46,138,276000,17524.33,160254.92,150000
R710,S8,2026-07-14,635,308,924,831600,2773.51,513872.42,150000
R711,S9,2026-07-14,285,128,128,294400,22840.38,168366.96,150000
R712,S1,2026-07-13,248,34,34,17000,86.61,10486.3,150000
R713,S2,2026-07-13,142,30,120,96000,7455.95,54897.31,150000
R714,S3,2026-07-13,631,144,144,316800,10548.03,189876.22,150000
R715,S4,2026-07-13,260,48,144,144000,10777.48,82597.96,150000
R716,S5,2026-07-13,388,92,276,331200,2348.83,203887.73,150000
R717,S6,2026-07-13,272,103,206,226600,7295.21,135968.97,150000
R718,S7,2026-07-13,442,216,864,950400,30945.56,570061.75,150000
R719,S8,2026-07-13,665,26,104,249600,11398.52,147684.92,150000
R720,S9,2026-07-13,136,51,102,204000,4756.5,123530.97,150000
R721,S1,2026-07-12,690,219,219,459900,10391.17,278695.47,150000
R722,S2,2026-07-12,353,127,508,508000,21103.92,301875.57,150000
R723,S3,2026-07-12,662,187,561,1234200,58981.98,728635.17,150000
R724,S4,2026-07-12,135,50,200,360000,17040.72,212634.75,150000
R725,S5,2026-07-12,439,125,500,350000,26045.39,200851.86,150000
R726,S6,2026-07-12,555,34,68,122400,2905.3,74086.71,150000
R727,S7,2026-07-12,568,225,900,450000,19694.6,266789.35,150000
R728,S8,2026-07-12,306,150,150,345000,22593.94,199891.76,150000
R729,S9,2026-07-12,696,265,795,874500,26069.93,526026.64,150000
R730,S1,2026-07-11,366,109,327,392400,26362.02,226943.55,150000
R731,S2,2026-07-11,654,128,384,537600,14056.57,324596.93,150000
R732,S3,2026-07-11,227,23,23,41400,3226.41,23667.63,150000
R733,S4,2026-07-11,515,77,231,485100,26580.18,284282.29,150000
R734,S5,2026-07-11,427,152,152,243200,17736.92,139787.11,150000
R735,S6,2026-07-11,160,79,79,79000,4875.42,45957.24,150000
R736,S7,2026-07-11,478,103,412,494400,1574.89,305551.57,150000
R737,S8,2026-07-11,287,92,184,294400,13618.54,174084.51,150000
R738,S9,2026-07-11,259,93,372,855600,31625.62,510864.12,150000
R739,S1,2026-07-10,633,242,726,580800,9639.94,354119.24,150000
R740,S2,2026-07-10,197,31,93,148800,2009.99,91009.81,150000
R741,S3,2026-07-10,647,293,1172,2461200,48590.72,1495817.75,150000
R742,S4,2026-07-10,509,37,148,88800,3958.24,52601.89,150000
R743,S5,2026-07-10,564,193,772,849200,26354.05,510164.49,150000
R744,S6,2026-07-10,511,185,555,666000,49411.66,382284.77,150000
R745,S7,2026-07-10,484,51,204,265200,5129.38,161243.78,150000
R746,S8,2026-07-10,178,87,261,469800,6892.74,287002.5,150000
R747,S9,2026-07-10,700,190,380,456000,28741.49,264900.28,150000
R748,S1,2026-07-09,367,129,387,774000,50951.31,448290.19,150000
R749,S2,2026-07-09,556,117,117,257400,20275.75,147017.04,150000
R750,S3,2026-07-09,194,22,44,79200,2212.05,47732.53,150000
R751,S4,2026-07-09,531,256,512,614400,7658.33,376179.84,150000
R752,S5,2026-07-09,459,152,152,364800,20531.25,213446.62,150000
R753,S6,2026-07-09,270,35,140,308000,16371.86,180809.45,150000
R754,S7,2026-07-09,180,43,129,103200,1563.97,63014.34,150000
R755,S8,2026-07-09,163,67,268,375200,2792.2,230892.84,150000
R756,S9,2026-07-09,125,27,54,64800,4481.66,37397.37,150000
R757,S1,2026-07-08,472,48,48,52800,2183.94,31381.96,150000
R758,S2,2026-07-08,324,55,110,77000,1405.88,46868.35,150000
R759,S3,2026-07-08,445,53,106,63600,1904.12,38251.45,150000
R760,S4,2026-07-08,180,79,316,758400,59653.89,433222.59,150000
R761,S5,2026-07-08,441,172,172,309600,4923.54,188899.41,150000
R762,S6,2026-07-08,260,125,375,825000,2705.69,509822.47,150000
R763,S7,2026-07-08,178,25,25,30000,1334.49,17772.62,150000
R764,S8,2026-07-08,478,239,717,932100,47484.85,548461.39,150000
R765,S9,2026-07-08,551,43,172,275200,9931.34,164466.57,150000
R766,S1,2026-07-07,392,28,56,134400,9743.13,77287.26,150000
R767,S2,2026-07-07,282,53,53,31800,2030.31,18457.21,150000
R768,S3,2026-07-07,189,31,62,68200,1850.37,41136.77,150000
R769,S4,2026-07-07,341,144,144,345600,17141.14,203644.49,150000
R770,S5,2026-07-07,325,150,600,660000,3113.99,407269.33,150000
R771,S6,2026-07-07,606,282,564,282000,6576.72,170762.43,150000
R772,S7,2026-07-07,569,113,339,745800,8347.96,457220.26,150000
R773,S8,2026-07-07,584,115,115,69000,81.7,42729.35,150000
R774,S9,2026-07-07,370,47,47,79900,3543.88,47340.79,150000
R775,S1,2026-07-06,562,207,207,331200,19992.64,192948.56,150000
R776,S2,2026-07-06,387,81,162,340200,1023.8,210289.24,150000
R777,S3,2026-07-06,459,187,561,729300,44653.39,424480.9,150000
R778,S4,2026-07-06,401,74,148,118400,5297.99,70123.25,150000
R779,S5,2026-07-06,351,133,532,1117200,42797.39,666129.62,150000
R780,S6,2026-07-06,276,136,544,326400,17471.8,191535.48,150000
R781,S7,2026-07-06,582,119,119,154700,8545.7,90615.67,150000
R782,S8,2026-07-06,417,137,548,383600,14187.77,229035.58,150000
R783,S9,2026-07-06,519,241,964,1156800,28569.77,699502.74,150000
R784,S1,2026-07-05,596,198,198,356400,6260.65,217086.4,150000
R785,S2,2026-07-05,293,65,65,117000,5776.66,68958.47,150000
R786,S3,2026-07-05,572,255,510,1122000,59046.31,659031.29,150000
R787,S4,2026-07-05,498,209,418,209000,10270.66,123212.19,150000
R788,S5,2026-07-05,301,70,210,357000,4640.89,218462.65,150000
R789,S6,2026-07-05,463,95,95,190000,8772.11,112361.29,150000
R790,S7,2026-07-05,698,157,314,251200,17836.96,144685.08,150000
R791,S8,2026-07-05,565,196,588,1293600,15183.47,792618.25,150000
R792,S9,2026-07-05,579,230,460,414000,9487.59,250797.69,150000
R793,S1,2026-07-04,250,25,25,32500,1467.95,19239.87,150000
R794,S2,2026-07-04,436,168,336,436800,24403.87,255685.6,150000
R795,S3,2026-07-04,361,57,114,79800,5445.35,46099.88,150000
R796,S4,2026-07-04,648,291,1164,1629600,74577.34,964114.05,150000
R797,S5,2026-07-04,393,79,316,632000,14391.71,382917.14,150000
R798,S6,2026-07-04,132,37,74,148000,2786.16,90032.58,150000
R799,S7,2026-07-04,567,149,596,596000,32532.8,349349.66,150000
R800,S8,2026-07-04,518,85,85,187000,3448.78,113801.76,150000
R801,S9,2026-07-04,668,124,496,843200,302.53,522596.43,150000
R802,S1,2026-07-03,406,171,171,188100,5113.47,113451.65,150000
R803,S2,2026-07-03,555,65,195,351000,5741.69,214060.15,150000
R804,S3,2026-07-03,665,51,102,163200,3724.81,98874.62,150000
R805,S4,2026-07-03,479,165,495,445500,1818.93,275082.26,150000
R806,S5,2026-07-03,529,238,952,1142400,59088.24,671653.29,150000
R807,S6,2026-07-03,321,28,84,42000,3148.03,24088.22,150000
R808,S7,2026-07-03,564,40,80,96000,6981.87,55191.24,150000
R809,S8,2026-07-03,551,94,376,300800,1718.05,185430.81,150000
R810,S9,2026-07-03,617,202,202,222200,13923.02,129131.73,150000
R811,S1,2026-07-02,500,186,558,837000,20089.28,506484.65,150000
R812,S2,2026-07-02,610,170,680,1564000,45932.04,941202.14,150000
R813,S3,2026-07-02,151,37,74,66600,1826.63,40159.49,150000
R814,S4,2026-07-02,301,80,160,96000,4468.62,56749.46,150000
R815,S5,2026-07-02,553,116,232,440800,14106.42,264550.02,150000
R816,S6,2026-07-02,550,187,374,523600,8199.5,319548.31,150000
R817,S7,2026-07-02,160,30,30,42000,1312.12,25226.49,150000
R818,S8,2026-07-02,251,31,93,139500,7285.67,81972.88,150000
R819,S9,2026-07-02,350,143,143,171600,7932.48,101473.86,150000
R820,S1,2026-07-01,579,117,351,315900,18094.68,184639.3,150000
R821,S2,2026-07-01,346,78,312,312000,13052.63,185347.37,150000
R822,S3,2026-07-01,455,222,888,710400,44204.0,413041.52,150000
R823,S4,2026-07-01,372,76,228,410400,8362.68,249263.14,150000
R824,S5,2026-07-01,507,139,139,166800,5822.78,99805.88,150000
R825,S6,2026-07-01,670,43,129,129000,3679.66,77698.61,150000
R826,S7,2026-07-01,598,105,105,231000,8321.06,138060.94,150000
R827,S8,2026-07-01,461,191,191,382000,10179.44,230528.75,150000
R828,S9,2026-07-01,540,151,302,453000,7685.05,276095.27,150000
R829,S1,2026-06-30,175,47,47,28200,2055.69,16209.47,150000
R830,S2,2026-06-30,298,21,63,100800,5760.48,58924.5,150000
R831,S3,2026-06-30,289,72,288,259200,10243.76,154352.87,150000
R832,S4,2026-06-30,398,155,310,279000,19904.98,160638.91,150000
R833,S5,2026-06-30,351,46,92,82800,4183.75,48742.07,150000
R834,S6,2026-06-30,206,30,90,108000,3164.08,64998.27,150000
R835,S7,2026-06-30,447,111,222,199800,12117.47,116363.17,150000
R836,S8,2026-06-30,561,279,1116,1562400,24744.3,953346.53,150000
R837,S9,2026-06-30,531,70,70,49000,2420.59,28879.23,150000
R838,S1,2026-06-29,189,38,38,76000,5600.56,43647.65,150000
R839,S2,2026-06-29,449,30,60,36000,189.57,22202.47,150000
R840,S3,2026-06-29,332,79,79,134300,4065.96,80745.1,150000
R841,S4,2026-06-29,288,64,256,537600,19518.6,321210.47,150000
R842,S5,2026-06-29,435,93,186,93000,3177.32,55690.06,150000
R843,S6,2026-06-29,223,27,27,35100,2532.95,20191.57,150000
R844,S7,2026-06-29,358,76,152,304000,4809.2,185498.3,150000
R845,S8,2026-06-29,571,91,91,154700,6562.55,91845.22,150000
R846,S9,2026-06-29,271,59,177,424800,31843.09,243633.28,150000
R847,S1,2026-06-28,452,173,692,415200,11875.11,250061.43,150000
R848,S2,2026-06-28,524,210,210,504000,3514.48,310301.02,150000
R849,S3,2026-06-28,665,148,296,148000,11138.1,84854.38,150000
R850,S4,2026-06-28,655,60,60,72000,4295.49,41976.8,150000
R851,S5,2026-06-28,234,56,56,84000,3186.4,50104.43,150000
R852,S6,2026-06-28,167,27,81,97200,7297.07,55739.82,150000
R853,S7,2026-06-28,497,225,225,427500,32565.37,244859.47,150000
R854,S8,2026-06-28,156,29,29,58000,2635.84,34325.78,150000
R855,S9,2026-06-28,479,75,150,270000,21261.06,154218.14,150000
R856,S1,2026-06-27,602,242,242,532400,28105.69,312662.47,150000
R857,S2,2026-06-27,587,281,562,1011600,78939.17,578249.71,150000
R858,S3,2026-06-27,250,85,170,408000,31747.8,233276.36,150000
R859,S4,2026-06-27,375,110,440,396000,5939.01,241837.81,150000
R860,S5,2026-06-27,254,30,30,24000,120.53,14805.27,150000
R861,S6,2026-06-27,417,161,322,225400,496.75,139440.01,150000
R862,S7,2026-06-27,164,55,165,99000,4061.2,58862.06,150000
R863,S8,2026-06-27,160,65,195,429000,1357.15,265138.57,150000
R864,S9,2026-06-27,456,40,120,264000,18114.91,152448.76,150000
R865,S1,2026-06-26,226,79,316,695200,43781.92,403879.21,150000
R866,S2,2026-06-26,477,29,58,92800,3042.35,55649.74,150000
R867,S3,2026-06-26,255,99,198,435600,27185.03,253217.28,150000
R868,S4,2026-06-26,440,111,111,166500,6661.26,99100.02,150000
R869,S5,2026-06-26,430,38,152,288800,8465.15,173807.61,150000
R870,S6,2026-06-26,411,48,48,48000,2717.76,28074.99,150000
R871,S7,2026-06-26,424,92,276,579600,31621.91,339746.42,150000
R872,S8,2026-06-26,555,75,150,270000,14186.76,158604.21,150000
R873,S9,2026-06-26,399,116,232,556800,12918.84,337206.32,150000
R874,S1,2026-06-25,518,175,350,525000,23280.23,311066.26,150000
R875,S2,2026-06-25,451,45,45,90000,3455.25,53657.75,150000
R876,S3,2026-06-25,447,101,303,515100,23077.09,305054.2,150000
R877,S4,2026-06-25,306,20,80,144000,10070.7,83036.17,150000
R878,S5,2026-06-25,201,77,231,115500,6451.29,67610.2,150000
R879,S6,2026-06-25,236,75,300,630000,35722.42,368452.1,150000
R880,S7,2026-06-25,544,133,399,518700,31101.43,302311.11,150000
R881,S8,2026-06-25,250,24,96,153600,7282.34,90716.95,150000
R882,S9,2026-06-25,692,269,538,753200,7288.7,462465.01,150000
R883,S1,2026-06-24,482,170,340,748000,33954.91,442707.96,150000
R884,S2,2026-06-24,560,162,486,291600,11610.42,173593.54,150000
R885,S3,2026-06-24,190,27,54,54000,1827.48,32346.96,150000
R886,S4,2026-06-24,473,142,568,852000,36424.83,505656.61,150000
R887,S5,2026-06-24,630,75,300,660000,31922.95,389407.77,150000
R888,S6,2026-06-24,227,99,99,138600,1803.63,84813.75,150000
R889,S7,2026-06-24,538,195,585,1111500,72075.49,644443.2,150000
R890,S8,2026-06-24,399,53,159,349800,1644.61,215856.34,150000
R891,S9,2026-06-24,663,264,264,211200,4772.85,127984.83,150000
R892,S1,2026-06-23,389,31,124,210800,16110.32,120707.6,150000
R893,S2,2026-06-23,462,167,668,1603200,11538.66,986830.03,150000
R894,S3,2026-06-23,571,31,124,136400,5286.62,81290.3,150000
R895,S4,2026-06-23,468,83,166,298800,17823.23,174205.6,150000
R896,S5,2026-06-23,648,247,494,494000,24081.77,291349.3,150000
R897,S6,2026-06-23,635,134,536,964800,39624.24,573608.97,150000
R898,S7,2026-06-23,455,174,174,382800,3967.6,234876.09,150000
R899,S8,2026-06-23,678,160,320,320000,16480.67,188181.98,150000
R900,S9,2026-06-23,402,164,492,442800,9511.81,268638.68,150000
R901,S1,2026-06-22,358,165,165,346500,3938.06,212388.4,150000
R902,S2,2026-06-22,514,46,92,147200,3757.93,88934.08,150000
R903,S3,2026-06-22,291,127,508,660400,15778.75,399665.17,150000
R904,S4,2026-06-22,225,83,83,132800,1971.47,81113.69,150000
R905,S5,2026-06-22,163,31,124,248000,19767.57,141504.11,150000
R906,S6,2026-06-22,452,86,258,619200,38030.33,360325.2,150000
R907,S7,2026-06-22,644,96,192,422400,7948.8,256959.74,150000
R908,S8,2026-06-22,322,45,180,108000,6571.71,62885.54,150000
R909,S9,2026-06-22,606,48,192,384000,3001.34,236219.17,150000
R910,S1,2026-06-21,159,26,104,145600,7028.87,85914.1,150000
R911,S2,2026-06-21,439,187,374,598400,3330.59,368943.03,150000
R912,S3,2026-06-21,549,199,199,119400,8754.2,68600.4,150000
R913,S4,2026-06-21,166,42,126,126000,5101.59,74957.01,150000
R914,S5,2026-06-21,132,60,120,252000,5822.1,152630.3,150000
R915,S6,2026-06-21,561,54,108,140400,1363.6,86202.57,150000
R916,S7,2026-06-21,667,104,208,499200,486.28,309202.51,150000
R917,S8,2026-06-21,586,60,180,324000,25752.21,184913.63,150000
R918,S9,2026-06-21,213,101,303,575700,30271.31,338165.79,150000
R919,S1,2026-06-20,490,171,171,136800,9245.94,79083.52,150000
R920,S2,2026-06-20,260,22,88,211200,12263.15,123340.85,150000
R921,S3,2026-06-20,164,28,84,176400,6210.63,105517.41,150000
R922,S4,2026-06-20,142,29,87,43500,272.24,26801.21,150000
R923,S5,2026-06-20,649,128,128,243200,12707.77,142905.18,150000
R924,S6,2026-06-20,582,113,452,994400,60108.39,579260.8,150000
R925,S7,2026-06-20,288,120,360,432000,30886.31,248690.49,150000
R926,S8,2026-06-20,447,134,268,643200,6218.78,394928.36,150000
R927,S9,2026-06-20,280,96,192,307200,6356.15,186523.19,150000
R928,S1,2026-06-19,154,55,165,231000,768.65,142743.44,150000
R929,S2,2026-06-19,578,34,68,95200,1616.17,58021.97,150000
R930,S3,2026-06-19,610,39,117,222300,621.36,137440.76,150000
R931,S4,2026-06-19,527,162,648,1555200,19908.21,951880.91,150000
R932,S5,2026-06-19,242,43,172,240800,5506.82,145881.77,150000
R933,S6,2026-06-19,650,205,205,184500,10366.54,107962.75,150000
R934,S7,2026-06-19,654,216,648,1555200,1367.28,963376.29,150000
R935,S8,2026-06-19,452,172,172,206400,15609.68,118290.0,150000
R936,S9,2026-06-19,212,64,64,89600,62.3,55513.37,150000
R937,S1,2026-06-18,447,182,364,728000,36816.81,428533.58,150000
R938,S2,2026-06-18,157,37,37,59200,3173.31,34736.55,150000
R939,S3,2026-06-18,359,144,576,1152000,54452.08,680479.71,150000
R940,S4,2026-06-18,535,83,166,315400,15365.16,186021.6,150000
R941,S5,2026-06-18,581,101,404,929200,33895.63,555088.71,150000
R942,S6,2026-06-18,662,101,404,727200,25093.48,435306.04,150000
R943,S7,2026-06-18,673,321,642,577800,46042.14,329689.87,150000
R944,S8,2026-06-18,342,110,220,506000,16394.51,303555.4,150000
R945,S9,2026-06-18,135,33,66,85800,111.69,53126.75,150000
R946,S1,2026-06-17,137,40,80,160000,7537.79,94526.57,150000
R947,S2,2026-06-17,693,198,594,653400,28719.99,387301.61,150000
R948,S3,2026-06-17,459,52,208,270400,1700.19,166593.88,150000
R949,S4,2026-06-17,186,70,280,364000,20019.34,213268.01,150000
R950,S5,2026-06-17,646,77,231,254100,8848.06,152056.2,150000
R951,S6,2026-06-17,135,64,192,326400,9845.93,196263.52,150000
R952,S7,2026-06-17,611,178,356,605200,23077.34,360916.05,150000
R953,S8,2026-06-17,678,135,540,1026000,78881.07,587213.74,150000
R954,S9,2026-06-17,523,141,282,423000,17825.19,251208.38,150000
R955,S1,2026-06-16,181,84,84,142800,4142.7,85967.53,150000
R956,S2,2026-06-16,486,139,556,333600,11459.28,199727.25,150000
R957,S3,2026-06-16,525,31,124,86800,6390.47,49853.91,150000
R958,S4,2026-06-16,356,48,96,163200,4190.97,98585.6,150000
R959,S5,2026-06-16,325,161,644,1223600,88956.22,703479.14,150000
R960,S6,2026-06-16,690,24,24,16800,404.01,10165.51,150000
R961,S7,2026-06-16,386,176,352,598400,2366.33,369540.88,150000
R962,S8,2026-06-16,256,101,101,101000,7247.69,58126.43,150000
R963,S9,2026-06-16,164,55,55,93500,7260.16,53468.7,150000
R964,S1,2026-06-15,470,69,207,227700,2141.74,139846.12,150000
R965,S2,2026-06-15,662,291,291,582000,29781.21,342375.65,150000
R966,S3,2026-06-15,128,20,60,132000,7241.4,77350.33,150000
R967,S4,2026-06-15,431,20,20,48000,1833.87,28623.0,150000
R968,S5,2026-06-15,348,74,148,251600,19444.11,143936.65,150000
R969,S6,2026-06-15,509,39,78,109200,5485.8,64302.8,150000
R970,S7,2026-06-15,445,178,534,907800,42181.22,536683.64,150000
R971,S8,2026-06-15,687,237,948,2085600,148755.24,1200843.75,150000
R972,S9,2026-06-15,117,40,40,60000,4233.9,34574.98,150000
R973,S1,2026-06-14,324,108,432,388800,12459.19,233331.3,150000
R974,S2,2026-06-14,141,28,28,30800,1778.45,17993.36,150000
R975,S3,2026-06-14,563,187,561,336600,900.7,208133.57,150000
R976,S4,2026-06-14,312,23,92,64400,4738.06,36990.4,150000
R977,S5,2026-06-14,565,278,278,500400,10828.05,303534.61,150000
R978,S6,2026-06-14,196,79,79,94800,3987.79,56303.57,150000
R979,S7,2026-06-14,221,67,67,147400,655.8,90981.4,150000
R980,S8,2026-06-14,310,80,320,416000,28101.5,240497.07,150000
R981,S9,2026-06-14,439,135,270,189000,11203.62,110233.76,150000
R982,S1,2026-06-13,598,176,176,264000,6912.53,159394.23,150000
R983,S2,2026-06-13,417,113,452,271200,11459.94,161038.84,150000
R984,S3,2026-06-13,330,32,64,102400,4550.1,60666.94,150000
R985,S4,2026-06-13,467,110,440,748000,50657.55,432352.32,150000
R986,S5,2026-06-13,214,101,404,646400,27767.81,383551.96,150000
R987,S6,2026-06-13,215,105,105,178500,1813.03,109545.92,150000
R988,S7,2026-06-13,185,40,160,224000,15255.19,129421.78,150000
R989,S8,2026-06-13,200,79,158,173800,13267.48,99530.16,150000
R990,S9,2026-06-13,679,322,1288,644000,47637.71,369744.62,150000
R991,S1,2026-06-12,490,88,264,158400,2135.48,96884.0,150000
R992,S2,2026-06-12,259,103,309,154500,1290.14,94990.11,150000
R993,S3,2026-06-12,263,109,109,76300,4652.74,44421.3,150000
R994,S4,2026-06-12,567,55,165,82500,5934.57,47470.57,150000
R995,S5,2026-06-12,421,86,344,791200,43316.51,463687.76,150000
R996,S6,2026-06-12,643,145,435,261000,1384.59,160961.55,150000
R997,S7,2026-06-12,204,81,162,291600,16916.58,170303.72,150000
R998,S8,2026-06-12,429,188,564,958800,48750.36,564230.78,150000
R999,S9,2026-06-12,254,108,216,367200,7717.9,222878.9,150000
R1000,S1,2026-06-11,533,164,492,492000,3269.31,303013.03,150000
R1001,S2,2026-06-11,403,80,160,80000,2611.8,47980.68,150000
R1002,S3,2026-06-11,273,48,192,460800,17551.64,274813.98,150000
R1003,S4,2026-06-11,448,129,516,774000,20519.38,467157.98,150000
R1004,S5,2026-06-11,584,25,25,50000,1792.09,29888.9,150000
R1005,S6,2026-06-11,552,98,392,470400,20209.61,279118.04,150000
R1006,S7,2026-06-11,250,84,336,268800,20037.98,154232.45,150000
R1007,S8,2026-06-11,653,36,144,72000,2361.91,43175.62,150000
R1008,S9,2026-06-11,576,248,496,892800,14210.81,544725.3,150000
R1009,S1,2026-06-10,142,64,256,486400,36758.29,278777.86,150000
R1010,S2,2026-06-10,271,99,198,415800,30691.88,238767.03,150000
R1011,S3,2026-06-10,288,54,108,216000,1052.43,133267.49,150000
R1012,S4,2026-06-10,165,59,236,259600,2265.16,159547.6,150000
R1013,S5,2026-06-10,567,45,180,180000,3312.98,109545.95,150000
R1014,S6,2026-06-10,152,21,63,37800,631.88,23044.23,150000
R1015,S7,2026-06-10,679,228,456,319200,4185.54,195308.97,150000
R1016,S8,2026-06-10,232,69,276,662400,24650.13,395404.92,150000
R1017,S9,2026-06-10,638,260,780,702000,6838.24,431000.29,150000
R1018,S1,2026-06-09,467,76,228,387600,5679.85,236790.49,150000
R1019,S2,2026-06-09,401,181,181,416300,24262.77,243063.08,150000
R1020,S3,2026-06-09,396,143,143,100100,7833.49,57205.24,150000
R1021,S4,2026-06-09,384,171,684,820800,42582.01,482495.15,150000
R1022,S5,2026-06-09,403,99,396,435600,513.52,269753.62,150000
R1023,S6,2026-06-09,303,87,174,243600,8795.36,145578.88,150000
R1024,S7,2026-06-09,227,78,234,468000,1479.05,289242.99,150000
R1025,S8,2026-06-09,201,34,102,61200,3264.19,35920.2,150000
R1026,S9,2026-06-09,468,187,561,1346400,65647.78,794066.38,150000
R1027,S1,2026-06-08,137,59,236,330400,19939.85,192485.29,150000
R1028,S2,2026-06-08,633,209,627,501600,37570.63,287698.21,150000
R1029,S3,2026-06-08,341,163,489,391200,18930.45,230807.12,150000
R1030,S4,2026-06-08,417,104,104,104000,2401.13,62991.3,150000
R1031,S5,2026-06-08,166,32,96,115200,7380.66,66847.99,150000
R1032,S6,2026-06-08,568,49,49,93100,2860.63,55948.41,150000
R1033,S7,2026-06-08,278,31,31,18600,442.78,11257.48,150000
R1034,S8,2026-06-08,698,280,1120,2576000,101159.53,1534401.09,150000
R1035,S9,2026-06-08,514,94,94,225600,11961.15,132456.09,150000
R1036,S1,2026-06-07,329,64,192,192000,9158.58,113361.68,150000
R1037,S2,2026-06-07,180,26,52,62400,2750.68,36982.58,150000
R1038,S3,2026-06-07,155,76,76,152000,11287.81,87241.56,150000
R1039,S4,2026-06-07,286,87,261,313200,8930.42,188647.14,150000
R1040,S5,2026-06-07,559,279,837,1004400,61851.76,584379.91,150000
R1041,S6,2026-06-07,582,33,33,56100,2411.89,33286.63,150000
R1042,S7,2026-06-07,291,76,76,121600,5716.78,71847.6,150000
R1043,S8,2026-06-07,161,34,68,40800,1217.17,24541.35,150000
R1044,S9,2026-06-07,124,24,24,45600,1993.13,27036.26,150000
R1045,S1,2026-06-06,373,146,584,992800,13825.03,606964.48,150000
R1046,S2,2026-06-06,404,72,72,108000,2462.22,65433.42,150000
R1047,S3,2026-06-06,586,70,280,364000,21654.25,212254.36,150000
R1048,S4,2026-06-06,667,109,327,228900,17774.04,130898.1,150000
R1049,S5,2026-06-06,522,110,220,462000,33351.86,265761.85,150000
R1050,S6,2026-06-06,572,205,205,287000,12142.93,170411.38,150000
R1051,S7,2026-06-06,327,132,132,303600,9937.47,182070.77,150000
R1052,S8,2026-06-06,509,127,508,1117600,80601.02,642939.37,150000
R1053,S9,2026-06-06,239,79,316,632000,42990.29,365186.02,150000
R1054,S1,2026-06-05,465,221,442,707200,7896.52,433568.16,150000
R1055,S2,2026-06-05,226,77,154,354200,1068.89,218941.29,150000
R1056,S3,2026-06-05,686,138,414,621000,7511.98,380362.57,150000
R1057,S4,2026-06-05,548,271,542,596200,31155.32,350327.7,150000
R1058,S5,2026-06-05,396,176,352,352000,23808.1,203478.98,150000
R1059,S6,2026-06-05,184,28,84,184800,2986.39,112724.44,150000
R1060,S7,2026-06-05,641,288,1152,1728000,27901.04,1054061.36,150000
R1061,S8,2026-06-05,203,61,183,201300,778.31,124323.45,150000
R1062,S9,2026-06-05,375,43,43,21500,325.12,13128.43,150000
R1063,S1,2026-06-04,212,28,112,123200,2487.9,74841.5,150000
R1064,S2,2026-06-04,252,126,504,907200,7049.64,558093.22,150000
R1065,S3,2026-06-04,241,38,152,152000,7952.89,89309.21,150000
R1066,S4,2026-06-04,355,128,384,499200,15987.92,299591.49,150000
R1067,S5,2026-06-04,665,27,108,226800,13620.84,132171.08,150000
R1068,S6,2026-06-04,202,96,288,316800,8477.07,191160.22,150000
R1069,S7,2026-06-04,137,55,220,396000,28847.87,227634.32,150000
R1070,S8,2026-06-04,247,99,297,594000,38948.73,344131.79,150000
R1071,S9,2026-06-04,274,68,68,47600,3218.27,27516.67,150000
R1072,S1,2026-06-03,164,44,176,422400,22033.31,248227.35,150000
R1073,S2,2026-06-03,549,156,468,795600,48737.86,463054.53,150000
R1074,S3,2026-06-03,377,85,340,612000,28024.01,362065.11,150000
R1075,S4,2026-06-03,387,117,117,140400,4101.14,84505.29,150000
R1076,S5,2026-06-03,614,47,141,310200,19658.75,180135.58,150000
R1077,S6,2026-06-03,442,30,60,48000,1147.17,29048.75,150000
R1078,S7,2026-06-03,476,238,952,1713600,5458.84,1059047.52,150000
R1079,S8,2026-06-03,247,123,369,738000,18104.94,446334.94,150000
R1080,S9,2026-06-03,243,43,129,180600,4530.22,109163.26,150000
R1081,S1,2026-06-02,390,94,188,300800,427.74,186230.8,150000
R1082,S2,2026-06-02,682,115,345,345000,15769.08,204123.17,150000
R1083,S3,2026-06-02,351,156,156,296400,10620.27,177183.43,150000
R1084,S4,2026-06-02,454,80,80,112000,8959.86,63884.89,150000
R1085,S5,2026-06-02,511,108,108,97200,344.49,60050.42,150000
R1086,S6,2026-06-02,422,158,316,442400,21325.81,261066.0,150000
R1087,S7,2026-06-02,362,152,304,577600,5134.35,354928.7,150000
R1088,S8,2026-06-02,332,121,242,217800,9328.91,129252.08,150000
R1089,S9,2026-06-02,253,25,75,150000,1219.51,92243.9,150000
R1090,S1,2026-06-01,388,76,304,577600,4717.35,355187.24,150000
R1091,S2,2026-06-01,511,182,182,364000,11777.24,218378.11,150000
R1092,S3,2026-06-01,342,135,270,216000,13351.89,125641.83,150000
R1093,S4,2026-06-01,107,35,140,140000,5207.79,83571.17,150000
R1094,S5,2026-06-01,435,24,96,105600,7179.36,61020.8,150000
R1095,S6,2026-06-01,681,201,603,1266300,27943.21,767781.21,150000
R1096,S7,2026-06-01,556,175,350,630000,1714.48,389537.02,150000
R1097,S8,2026-06-01,113,47,94,225600,1258.51,139091.72,150000
R1098,S9,2026-06-01,515,179,716,1002400,50647.66,590086.45,150000
R1099,S1,2026-05-31,455,137,548,657600,48977.18,377346.15,150000
R1100,S2,2026-05-31,559,255,510,612000,463.86,379152.41,150000
R1101,S3,2026-05-31,206,53,212,296800,18079.29,172806.84,150000
R1102,S4,2026-05-31,681,314,628,879200,1086.45,544430.4,150000
R1103,S5,2026-05-31,304,60,240,216000,6356.99,129978.67,150000
R1104,S6,2026-05-31,482,149,596,715200,11040.62,436578.82,150000
R1105,S7,2026-05-31,642,315,1260,1386000,47094.59,830121.35,150000
R1106,S8,2026-05-31,453,82,82,49200,1909.38,29320.18,150000
R1107,S9,2026-05-31,534,105,210,462000,18911.28,274715.01,150000
R1108,S1,2026-05-30,112,43,43,60200,2710.48,35643.5,150000
R1109,S2,2026-05-30,442,174,348,417600,8780.05,253468.37,150000
R1110,S3,2026-05-30,365,98,294,558600,14708.02,337213.03,150000
R1111,S4,2026-05-30,152,69,276,165600,12565.44,94881.43,150000
R1112,S5,2026-05-30,592,203,406,243600,4870.58,148012.24,150000
R1113,S6,2026-05-30,321,159,477,1144800,42786.24,683248.53,150000
R1114,S7,2026-05-30,259,69,138,234600,1820.87,144323.06,150000
R1115,S8,2026-05-30,585,131,131,209600,10858.74,123219.58,150000
R1116,S9,2026-05-30,651,268,536,536000,24701.01,317005.37,150000
R1117,S1,2026-05-29,544,106,424,508800,1397.25,314589.71,150000
R1118,S2,2026-05-29,622,142,568,1306400,68270.95,767640.01,150000
R1119,S3,2026-05-29,472,109,436,218000,10002.41,128958.51,150000
R1120,S4,2026-05-29,333,103,103,123600,4810.64,73649.4,150000
R1121,S5,2026-05-29,324,91,91,81900,3966.84,48318.56,150000
R1122,S6,2026-05-29,370,80,160,192000,5395.94,115694.52,150000
R1123,S7,2026-05-29,461,122,122,256200,18499.31,147374.43,150000
R1124,S8,2026-05-29,400,143,572,400400,13434.29,239918.74,150000
R1125,S9,2026-05-29,270,81,162,340200,12167.03,203380.44,150000
R1126,S1,2026-05-28,198,36,72,100800,5818.2,58888.72,150000
R1127,S2,2026-05-28,603,182,546,546000,25294.13,322837.64,150000
R1128,S3,2026-05-28,538,176,352,598400,9885.99,364878.69,150000
R1129,S4,2026-05-28,527,233,932,1304800,79338.22,759786.3,150000
R1130,S5,2026-05-28,451,185,370,222000,8403.32,132429.94,150000
R1131,S6,2026-05-28,116,37,111,66600,4197.25,38689.71,150000
R1132,S7,2026-05-28,216,30,30,51000,14.27,31611.15,150000
R1133,S8,2026-05-28,434,75,225,157500,7600.64,92937.6,150000
R1134,S9,2026-05-28,536,190,570,798000,61981.9,456331.22,150000
R1135,S1,2026-05-27,464,124,372,186000,9460.05,109454.77,150000
R1136,S2,2026-05-27,121,38,38,83600,303.09,51644.08,150000
R1137,S3,2026-05-27,554,191,191,191000,8229.45,113317.74,150000
R1138,S4,2026-05-27,366,69,138,234600,6153.27,141636.97,150000
R1139,S5,2026-05-27,237,38,152,91200,1344.12,55710.65,150000
R1140,S6,2026-05-27,579,107,321,256800,5641.6,155718.21,150000
R1141,S7,2026-05-27,298,103,206,350200,11406.93,210051.7,150000
R1142,S8,2026-05-27,332,141,141,98700,3063.0,59294.94,150000
R1143,S9,2026-05-27,317,30,120,264000,261.15,163518.09,150000
R1144,S1,2026-05-26,607,107,214,192600,166.07,119309.04,150000
R1145,S2,2026-05-26,641,187,374,224400,14740.83,129988.69,150000
R1146,S3,2026-05-26,137,47,94,75200,678.6,46203.27,150000
R1147,S4,2026-05-26,387,110,440,704000,22239.99,422691.21,150000
R1148,S5,2026-05-26,605,66,132,92400,6603.7,53193.71,150000
R1149,S6,2026-05-26,633,35,35,84000,1012.65,51452.16,150000
R1150,S7,2026-05-26,148,50,150,120000,1964.45,73182.04,150000
R1151,S8,2026-05-26,390,120,480,240000,17889.34,137708.61,150000
R1152,S9,2026-05-26,110,22,88,167200,13021.5,95590.67,150000
R1153,S1,2026-05-25,480,83,332,232400,12010.97,136641.2,150000
R1154,S2,2026-05-25,368,34,136,231200,12550.01,135562.99,150000
R1155,S3,2026-05-25,625,303,909,1999800,88419.84,1185055.7,150000
R1156,S4,2026-05-25,108,38,114,250800,5917.84,151826.94,150000
R1157,S5,2026-05-25,699,117,234,163800,10934.94,94776.34,150000
R1158,S6,2026-05-25,491,205,205,492000,23730.37,290327.17,150000
R1159,S7,2026-05-25,272,88,352,246400,16300.79,142661.51,150000
R1160,S8,2026-05-25,673,285,570,1083000,47566.92,641968.51,150000
R1161,S9,2026-05-25,663,65,195,234000,163.52,144978.62,150000
R1162,S1,2026-05-24,140,40,120,132000,6390.11,77878.13,150000
R1163,S2,2026-05-24,438,68,204,204000,14860.28,117266.63,150000
R1164,S3,2026-05-24,566,46,138,110400,6279.12,64554.95,150000
R1165,S4,2026-05-24,305,33,132,118800,1175.71,72927.06,150000
R1166,S5,2026-05-24,524,262,1048,1257600,86258.67,726231.62,150000
R1167,S6,2026-05-24,679,109,327,294300,17822.68,171415.94,150000
R1168,S7,2026-05-24,697,129,129,129000,1.36,79979.16,150000
R1169,S8,2026-05-24,176,34,34,20400,1611.65,11648.78,150000
R1170,S9,2026-05-24,522,242,968,484000,33991.22,279005.44,150000
R1171,S1,2026-05-23,378,88,352,598400,25254.82,355350.01,150000
R1172,S2,2026-05-23,293,66,66,85800,5989.35,49482.6,150000
R1173,S3,2026-05-23,417,151,302,694600,48027.56,400874.91,150000
R1174,S4,2026-05-23,443,212,424,593600,43438.7,341100.01,150000
R1175,S5,2026-05-23,274,41,164,344400,27078.4,196739.39,150000
R1176,S6,2026-05-23,441,151,151,181200,761.73,111871.73,150000
R1177,S7,2026-05-23,523,21,21,25200,1199.75,14880.16,150000
R1178,S8,2026-05-23,491,177,708,566400,15276.08,341696.83,150000
R1179,S9,2026-05-23,639,307,307,429800,514.37,266157.09,150000
R1180,S1,2026-05-22,614,111,222,532800,80.32,330286.2,150000
R1181,S2,2026-05-22,678,334,1336,668000,32655.22,393913.76,150000
R1182,S3,2026-05-22,426,78,156,218400,614.84,135026.8,150000
R1183,S4,2026-05-22,170,64,192,441600,21838.31,260252.25,150000
R1184,S5,2026-05-22,698,299,1196,1913600,54850.35,1152424.78,150000
R1185,S6,2026-05-22,194,67,134,80400,3651.39,47584.14,150000
R1186,S7,2026-05-22,167,71,71,120700,1828.38,73700.4,150000
R1187,S8,2026-05-22,275,84,84,84000,2573.4,50484.49,150000
R1188,S9,2026-05-22,391,184,368,184000,4216.97,111465.48,150000
R1189,S1,2026-05-21,186,38,76,114000,2200.59,69315.63,150000
R1190,S2,2026-05-21,435,59,118,82600,2881.98,49425.17,150000
R1191,S3,2026-05-21,304,116,464,510400,24654.27,301162.35,150000
R1192,S4,2026-05-21,408,78,312,156000,2998.94,94860.66,150000
R1193,S5,2026-05-21,507,26,52,83200,561.48,51235.88,150000
R1194,S6,2026-05-21,573,92,276,331200,24306.44,190274.01,150000
R1195,S7,2026-05-21,630,279,1116,1116000,5966.52,688220.76,150000
R1196,S8,2026-05-21,268,71,71,149100,6467.24,88432.31,150000
R1197,S9,2026-05-21,501,36,144,158400,2985.97,96356.7,150000
R1198,S1,2026-05-20,539,136,544,1033600,33011.03,620365.16,150000
R1199,S2,2026-05-20,379,184,736,1619200,40234.69,978958.49,150000
R1200,S3,2026-05-20,334,107,428,898800,31432.26,537768.0,150000
R1201,S4,2026-05-20,295,91,182,400400,19473.92,236174.17,150000
R1202,S5,2026-05-20,313,152,456,1048800,82210.35,599285.58,150000
R1203,S6,2026-05-20,537,123,492,492000,36969.71,282118.78,150000
R1204,S7,2026-05-20,299,127,381,838200,41628.62,493874.26,150000
R1205,S8,2026-05-20,455,202,202,141400,7304.19,83139.4,150000
R1206,S9,2026-05-20,324,89,89,106800,7049.21,61845.49,150000
R1207,S1,2026-05-19,551,122,488,292800,9884.34,175407.71,150000
R1208,S2,2026-05-19,545,217,868,520800,3718.12,320590.77,150000
R1209,S3,2026-05-19,690,301,903,993300,13932.02,607208.15,150000
R1210,S4,2026-05-19,195,41,123,246000,17426.64,141715.48,150000
R1211,S5,2026-05-19,673,287,1148,2755200,7235.51,1703737.98,150000
R1212,S6,2026-05-19,225,58,174,417600,19243.65,246980.94,150000
R1213,S7,2026-05-19,582,115,460,1104000,81310.51,634067.48,150000
R1214,S8,2026-05-19,669,163,326,521600,29864.35,304876.1,150000
R1215,S9,2026-05-19,603,124,124,111600,7582.27,64490.99,150000
R1216,S1,2026-05-18,664,265,1060,1378000,96387.94,794599.48,150000
R1217,S2,2026-05-18,484,133,133,292600,4257.4,178772.41,150000
R1218,S3,2026-05-18,480,57,171,359100,17161.13,212002.1,150000
R1219,S4,2026-05-18,457,47,188,413600,10573.69,249876.31,150000
R1220,S5,2026-05-18,443,191,573,744900,11252.17,454861.65,150000
R1221,S6,2026-05-18,678,326,326,586800,39238.42,339488.18,150000
R1222,S7,2026-05-18,213,66,66,59400,995.31,36210.91,150000
R1223,S8,2026-05-18,538,83,249,473100,29123.26,275265.58,150000
R1224,S9,2026-05-18,447,97,388,504400,2278.3,311315.45,150000
R1225,S1,2026-05-17,205,52,156,374400,7485.21,227487.17,150000
R1226,S2,2026-05-17,555,130,520,364000,17758.89,214669.49,150000
R1227,S3,2026-05-17,329,89,89,213600,13401.74,124122.92,150000
R1228,S4,2026-05-17,103,38,152,76000,5539.56,43685.47,150000
R1229,S5,2026-05-17,105,31,124,248000,13285.58,145522.94,150000
R1230,S6,2026-05-17,456,53,212,127200,1385.56,78004.95,150000
R1231,S7,2026-05-17,358,136,408,693600,49029.77,399633.54,150000
R1232,S8,2026-05-17,299,127,508,1168400,86612.35,670708.34,150000
R1233,S9,2026-05-17,316,88,88,202400,9429.8,119641.52,150000
R1234,S1,2026-05-16,349,50,100,210000,6117.35,126407.24,150000
R1235,S2,2026-05-16,138,37,37,85100,1168.28,52037.67,150000
R1236,S3,2026-05-16,559,195,195,429000,16111.84,255990.66,150000
R1237,S4,2026-05-16,388,169,338,236600,16512.17,136454.45,150000
R1238,S5,2026-05-16,494,227,454,635600,31794.74,374359.26,150000
R1239,S6,2026-05-16,309,32,32,70400,4947.11,40580.79,150000
R1240,S7,2026-05-16,582,78,78,140400,9279.93,81294.44,150000
R1241,S8,2026-05-16,530,141,423,296100,761.66,183109.77,150000
R1242,S9,2026-05-16,166,81,243,170100,10231.75,99118.32,150000
R1243,S1,2026-05-15,372,185,555,555000,9266.29,338354.9,150000
R1244,S2,2026-05-15,141,69,69,110400,4570.89,65614.05,150000
R1245,S3,2026-05-15,440,178,178,391600,2687.83,241125.55,150000
R1246,S4,2026-05-15,163,39,78,132600,6273.79,78322.25,150000
R1247,S5,2026-05-15,443,62,248,148800,4827.73,89262.81,150000
R1248,S6,2026-05-15,648,250,250,350000,7430.25,212393.24,150000
R1249,S7,2026-05-15,515,100,100,230000,1232.24,141836.01,150000
R1250,S8,2026-05-15,123,44,88,149600,6353.68,88812.72,150000
R1251,S9,2026-05-15,335,42,126,75600,2362.89,45407.01,150000
R1252,S1,2026-05-14,465,189,567,737100,38048.76,433411.77,150000
R1253,S2,2026-05-14,187,82,246,565800,19639.24,338619.67,150000
R1254,S3,2026-05-14,250,54,54,37800,396.87,23189.94,150000
R1255,S4,2026-05-14,361,77,77,123200,5157.66,73186.25,150000
R1256,S5,2026-05-14,348,171,342,273600,1896.23,168456.34,150000
R1257,S6,2026-05-14,696,276,552,552000,4770.38,339282.36,150000
R1258,S7,2026-05-14,115,21,21,50400,273.12,31078.67,150000
R1259,S8,2026-05-14,434,48,96,211200,11442.04,123849.94,150000
R1260,S9,2026-05-14,242,81,162,145800,8481.57,85137.43,150000
R1261,S1,2026-05-13,284,109,436,523200,15316.85,314887.55,150000
R1262,S2,2026-05-13,145,36,72,100800,5515.13,59076.62,150000
R1263,S3,2026-05-13,329,95,285,285000,14332.97,167813.56,150000
R1264,S4,2026-05-13,636,179,537,375900,19229.2,221135.9,150000
R1265,S5,2026-05-13,103,40,160,272000,19202.4,156734.51,150000
R1266,S6,2026-05-13,159,52,208,478400,13216.96,288413.48,150000
R1267,S7,2026-05-13,300,33,132,145200,3068.93,88121.26,150000
R1268,S8,2026-05-13,187,82,164,393600,23789.8,229282.32,150000
R1269,S9,2026-05-13,444,91,182,91000,1729.3,55347.83,150000
R1270,S1,2026-05-12,599,167,334,400800,5463.67,245108.52,150000
R1271,S2,2026-05-12,647,135,270,513000,8721.7,312652.55,150000
R1272,S3,2026-05-12,643,106,212,254400,2088.43,156433.17,150000
R1273,S4,2026-05-12,371,21,84,50400,1441.76,30354.11,150000
R1274,S5,2026-05-12,521,144,432,950400,69957.44,545874.39,150000
R1275,S6,2026-05-12,632,248,248,545600,21546.01,324913.47,150000
R1276,S7,2026-05-12,632,233,466,745600,59045.8,425663.6,150000
R1277,S8,2026-05-12,523,95,190,152000,4805.39,91260.66,150000
R1278,S9,2026-05-12,281,35,35,77000,5020.12,44627.53,150000
R1279,S1,2026-05-11,100,31,31,52700,2641.77,31036.1,150000
R1280,S2,2026-05-11,308,21,21,33600,2502.62,19280.38,150000
R1281,S3,2026-05-11,340,123,246,172200,228.33,106622.44,150000
R1282,S4,2026-05-11,398,157,628,1444400,24951.36,880058.16,150000
R1283,S5,2026-05-11,179,46,138,220800,13401.63,128586.99,150000
R1284,S6,2026-05-11,691,184,368,699200,10437.66,427032.65,150000
R1285,S7,2026-05-11,273,107,214,214000,9938.12,126518.37,150000
R1286,S8,2026-05-11,130,44,44,26400,1519.66,15425.81,150000
R1287,S9,2026-05-11,319,71,71,49700,2025.65,29558.1,150000
R1288,S1,2026-05-10,665,238,714,1285200,6112.17,793034.45,150000
R1289,S2,2026-05-10,154,58,58,29000,1005.03,17356.88,150000
R1290,S3,2026-05-10,554,50,200,320000,4559.32,195573.22,150000
R1291,S4,2026-05-10,417,95,380,304000,8324.65,183318.72,150000
R1292,S5,2026-05-10,319,44,88,44000,109.47,27212.13,150000
R1293,S6,2026-05-10,559,218,436,915600,42132.3,541549.97,150000
R1294,S7,2026-05-10,406,100,100,50000,1342.53,30167.63,150000
R1295,S8,2026-05-10,326,110,220,396000,13126.9,237381.32,150000
R1296,S9,2026-05-10,262,124,372,334800,9582.06,201635.12,150000
R1297,S1,2026-05-09,220,64,64,70400,4257.59,41008.29,150000
R1298,S2,2026-05-09,506,243,729,656100,2700.84,405107.48,150000
R1299,S3,2026-05-09,600,24,24,12000,40.15,7415.11,150000
R1300,S4,2026-05-09,689,47,188,432400,9218.65,262372.44,150000
R1301,S5,2026-05-09,636,310,1240,2108000,116522.64,1234715.96,150000
R1302,S6,2026-05-09,358,71,71,113600,4437.76,67680.59,150000
R1303,S7,2026-05-09,186,86,258,206400,5088.92,124812.87,150000
R1304,S8,2026-05-09,555,189,756,1814400,64073.01,1085202.73,150000
R1305,S9,2026-05-09,348,86,172,344000,11931.24,205882.63,150000
R1306,S1,2026-05-08,176,75,300,720000,7184.77,441945.44,150000
R1307,S2,2026-05-08,637,135,405,324000,18051.38,189688.14,150000
R1308,S3,2026-05-08,587,270,810,1539000,113869.05,883581.19,150000
R1309,S4,2026-05-08,311,86,172,275200,16825.39,160192.26,150000
R1310,S5,2026-05-08,374,55,165,363000,18158.83,213801.53,150000
R1311,S6,2026-05-08,679,42,126,189000,13662.45,108709.28,150000
R1312,S7,2026-05-08,683,152,456,638400,39630.82,371236.89,150000
R1313,S8,2026-05-08,510,107,321,770400,16153.46,467632.85,150000
R1314,S9,2026-05-08,326,111,333,333000,8300.97,201313.4,150000
R1315,S1,2026-05-07,613,159,318,731400,57255.82,417969.39,150000
R1316,S2,2026-05-07,404,195,585,819000,55520.66,473357.19,150000
R1317,S3,2026-05-07,566,278,834,1501200,69173.99,887856.13,150000
R1318,S4,2026-05-07,160,51,51,76500,5987.26,43717.9,150000
R1319,S5,2026-05-07,416,69,276,607200,45308.6,348372.67,150000
R1320,S6,2026-05-07,641,131,524,262000,17575.45,151543.22,150000
R1321,S7,2026-05-07,284,34,68,61200,644.35,37544.5,150000
R1322,S8,2026-05-07,220,64,64,147200,8761.85,85831.65,150000
R1323,S9,2026-05-07,152,41,41,82000,2211.25,49469.03,150000
R1324,S1,2026-05-06,265,39,78,148200,8658.9,86515.48,150000
R1325,S2,2026-05-06,624,279,558,669600,46395.74,386386.64,150000
R1326,S3,2026-05-06,403,133,532,478800,32898.69,276458.81,150000
R1327,S4,2026-05-06,284,43,86,189200,14870.53,108084.27,150000
R1328,S5,2026-05-06,236,101,202,404000,31444.5,230984.41,150000
R1329,S6,2026-05-06,129,39,117,280800,15694.01,164365.71,150000
R1330,S7,2026-05-06,465,69,207,207000,3800.72,125983.55,150000
R1331,S8,2026-05-06,447,155,465,697500,14799.96,423274.02,150000
R1332,S9,2026-05-06,571,25,25,55000,1950.49,32890.7,150000
R1333,S1,2026-05-05,602,195,390,702000,53834.68,401862.5,150000
R1334,S2,2026-05-05,342,44,88,132000,2195.55,80478.76,150000
R1335,S3,2026-05-05,199,44,88,176000,3267.05,107094.43,150000
R1336,S4,2026-05-05,694,181,181,289600,1747.06,178468.82,150000
R1337,S5,2026-05-05,220,30,60,120000,697.47,73967.57,150000
R1338,S6,2026-05-05,322,121,363,290400,9811.25,173965.02,150000
R1339,S7,2026-05-05,201,27,54,108000,1932.69,65761.73,150000
R1340,S8,2026-05-05,366,93,93,223200,8580.95,133063.81,150000
R1341,S9,2026-05-05,689,199,398,199000,5840.56,119758.85,150000
R1342,S1,2026-05-04,647,46,138,262200,12423.62,154861.36,150000
R1343,S2,2026-05-04,580,268,268,348400,25174.02,200400.11,150000
R1344,S3,2026-05-04,409,80,160,272000,12074.63,161153.73,150000
R1345,S4,2026-05-04,250,31,93,195300,14590.13,112040.12,150000
R1346,S5,2026-05-04,173,75,75,82500,4732.61,48215.78,150000
R1347,S6,2026-05-04,562,107,107,139100,10031.97,80022.18,150000
R1348,S7,2026-05-04,548,20,60,54000,3588.07,31255.4,150000
R1349,S8,2026-05-04,497,160,640,1216000,79649.43,704537.35,150000
R1350,S9,2026-05-04,302,151,151,135900,472.32,83965.16,150000
R1351,S1,2026-05-03,198,51,102,224400,8402.49,133918.46,150000
R1352,S2,2026-05-03,462,120,240,360000,10741.39,216540.34,150000
R1353,S3,2026-05-03,459,116,348,174000,9765.28,101825.53,150000
R1354,S4,2026-05-03,253,107,214,492200,3159.06,303205.38,150000
R1355,S5,2026-05-03,459,113,339,711900,24584.03,426135.9,150000
R1356,S6,2026-05-03,328,148,592,710400,49048.29,410038.06,150000
R1357,S7,2026-05-03,686,39,117,163800,5739.31,97997.63,150000
R1358,S8,2026-05-03,415,97,97,145500,1429.17,89323.91,150000
R1359,S9,2026-05-03,401,109,218,305200,10505.66,182710.49,150000
R1360,S1,2026-05-02,108,45,45,108000,6929.26,62663.86,150000
R1361,S2,2026-05-02,457,120,360,612000,44806.15,351660.19,150000
R1362,S3,2026-05-02,458,35,35,21000,274.02,12850.11,150000
R1363,S4,2026-05-02,310,126,252,579600,31284.48,339955.62,150000
R1364,S5,2026-05-02,606,124,248,297600,11326.6,177489.51,150000
R1365,S6,2026-05-02,341,124,248,446400,20992.52,263752.64,150000
R1366,S7,2026-05-02,250,114,456,775200,17925.56,469510.15,150000
R1367,S8,2026-05-02,466,72,72,129600,5114.13,77181.24,150000
R1368,S9,2026-05-02,608,260,520,936000,16055.51,570365.58,150000
R1369,S1,2026-05-01,336,101,202,404000,23659.28,235811.25,150000
R1370,S2,2026-05-01,636,102,204,183600,893.74,113277.88,150000
R1371,S3,2026-05-01,328,150,600,660000,33782.29,388254.98,150000
R1372,S4,2026-05-01,157,61,183,219600,4344.18,133458.61,150000
R1373,S5,2026-05-01,528,233,466,279600,6799.39,169136.38,150000
R1374,S6,2026-05-01,462,228,228,205200,4247.16,124590.76,150000
R1375,S7,2026-05-01,107,52,208,499200,29804.86,291024.99,150000
R1376,S8,2026-05-01,317,96,96,220800,6721.57,132728.63,150000
R1377,S9,2026-05-01,554,258,258,232200,13652.61,135499.38,150000
R1378,S1,2026-04-30,535,203,609,974400,20543.75,591390.88,150000
R1379,S2,2026-04-30,336,144,576,1324800,36082.87,799004.62,150000
R1380,S3,2026-04-30,401,121,484,968000,47868.57,570481.49,150000
R1381,S4,2026-04-30,467,212,848,1696000,18408.21,1040106.91,150000
R1382,S5,2026-04-30,539,96,96,67200,4467.27,38894.29,150000
R1383,S6,2026-04-30,486,149,298,596000,36382.06,346963.12,150000
R1384,S7,2026-04-30,278,23,46,101200,7041.03,58378.56,150000
R1385,S8,2026-04-30,359,43,86,68800,3296.89,40611.93,150000
R1386,S9,2026-04-30,400,30,30,63000,4372.78,36348.88,150000
R1387,S1,2026-04-29,224,106,424,890400,23539.7,537453.39,150000
R1388,S2,2026-04-29,189,78,312,405600,19072.8,239646.86,150000
R1389,S3,2026-04-29,625,257,1028,1130800,8591.82,695769.07,150000
R1390,S4,2026-04-29,130,59,177,212400,13549.64,123287.22,150000
R1391,S5,2026-04-29,385,121,121,217800,4881.53,132009.45,150000
R1392,S6,2026-04-29,216,85,170,306000,553.31,189376.95,150000
R1393,S7,2026-04-29,107,26,52,41600,780.59,25308.03,150000
R1394,S8,2026-04-29,512,44,176,404800,25018.1,235464.78,150000
R1395,S9,2026-04-29,268,53,106,127200,4447.58,76106.5,150000
R1396,S1,2026-04-28,561,270,1080,2592000,193609.8,1487001.92,150000
R1397,S2,2026-04-28,497,138,276,552000,26441.79,325846.09,150000
R1398,S3,2026-04-28,103,38,152,197600,6776.92,118310.31,150000
R1399,S4,2026-04-28,282,35,140,308000,18633.39,179407.3,150000
R1400,S5,2026-04-28,173,44,176,387200,11725.42,232794.24,150000
R1401,S6,2026-04-28,682,144,144,115200,2249.82,70029.11,150000
R1402,S7,2026-04-28,558,171,513,461700,25448.32,270476.04,150000
R1403,S8,2026-04-28,670,299,897,1435200,4502.07,887032.72,150000
R1404,S9,2026-04-28,550,143,429,600600,21574.99,358995.51,150000
R1405,S1,2026-04-27,116,24,48,57600,2354.28,34252.35,150000
R1406,S2,2026-04-27,523,101,202,161600,7950.12,95262.93,150000
R1407,S3,2026-04-27,548,113,339,203400,14626.61,117039.5,150000
R1408,S4,2026-04-27,594,160,320,576000,754.69,356652.09,150000
R1409,S5,2026-04-27,214,91,273,518700,32141.07,301666.54,150000
R1410,S6,2026-04-27,605,216,432,864000,42122.83,509563.85,150000
R1411,S7,2026-04-27,690,165,330,198000,10692.37,116130.73,150000
R1412,S8,2026-04-27,340,104,416,707200,47997.57,408705.51,150000
R1413,S9,2026-04-27,290,118,118,82600,1937.76,50010.59,150000
R1414,S1,2026-04-26,326,90,90,90000,3180.61,53828.02,150000
R1415,S2,2026-04-26,340,136,408,244800,7782.38,146950.92,150000
R1416,S3,2026-04-26,393,105,210,126000,1775.71,77019.06,150000
R1417,S4,2026-04-26,225,67,268,187600,3301.5,114265.07,150000
R1418,S5,2026-04-26,526,231,924,1386000,48860.94,829026.22,150000
R1419,S6,2026-04-26,487,62,124,235600,15526.5,136445.57,150000
R1420,S7,2026-04-26,246,52,156,124800,7041.19,73010.46,150000
R1421,S8,2026-04-26,291,120,240,336000,20530.96,195590.8,150000
R1422,S9,2026-04-26,341,144,576,1382400,78061.51,808689.86,150000
R1423,S1,2026-04-25,387,93,372,781200,28075.89,466936.95,150000
R1424,S2,2026-04-25,337,162,324,777600,52593.21,449504.21,150000
R1425,S3,2026-04-25,443,54,108,216000,10405.82,127468.39,150000
R1426,S4,2026-04-25,584,112,224,313600,2053.55,193158.8,150000
R1427,S5,2026-04-25,351,91,182,91000,6858.13,52167.96,150000
R1428,S6,2026-04-25,600,71,142,284000,8663.87,170708.4,150000
R1429,S7,2026-04-25,364,149,149,342700,11574.95,205297.53,150000
R1430,S8,2026-04-25,290,46,138,303600,12852.7,180263.33,150000
R1431,S9,2026-04-25,620,118,118,59000,2362.56,35115.21,150000
R1432,S1,2026-04-24,506,60,240,432000,25030.24,252321.25,150000
R1433,S2,2026-04-24,294,137,274,657600,7060.65,403334.4,150000
R1434,S3,2026-04-24,246,34,68,40800,3055.15,23401.81,150000
R1435,S4,2026-04-24,208,103,412,206000,3026.19,125843.76,150000
R1436,S5,2026-04-24,348,77,77,123200,6269.84,72496.7,150000
R1437,S6,2026-04-24,692,32,96,172800,11170.65,100210.2,150000
R1438,S7,2026-04-24,221,103,103,113300,8310.86,65093.27,150000
R1439,S8,2026-04-24,217,46,92,82800,5451.76,47955.91,150000
R1440,S9,2026-04-24,361,98,196,196000,4112.57,118970.21,150000
R1441,S1,2026-04-23,524,86,86,189200,335.7,117095.87,150000
R1442,S2,2026-04-23,179,75,300,450000,24925.47,263546.21,150000
R1443,S3,2026-04-23,455,205,205,369000,15564.03,219130.3,150000
R1444,S4,2026-04-23,341,102,204,142800,2175.34,87187.29,150000
R1445,S5,2026-04-23,608,135,405,648000,50550.06,370418.96,150000
R1446,S6,2026-04-23,484,114,114,68400,2782.49,40682.86,150000
R1447,S7,2026-04-23,248,76,76,152000,7593.07,89532.3,150000
R1448,S8,2026-04-23,546,227,681,1021500,56828.7,598096.21,150000
R1449,S9,2026-04-23,700,291,291,291000,6827.7,176186.83,150000
R1450,S1,2026-04-22,401,126,252,403200,10186.78,243668.2,150000
R1451,S2,2026-04-22,335,81,162,307800,15048.63,181505.85,150000
R1452,S3,2026-04-22,628,28,56,67200,2828.16,39910.54,150000
R1453,S4,2026-04-22,598,28,112,78400,773.9,48128.18,150000
R1454,S5,2026-04-22,162,26,78,109200,4447.86,64946.33,150000
R1455,S6,2026-04-22,374,66,198,435600,23416.87,255553.54,150000
R1456,S7,2026-04-22,247,22,66,112200,382.58,69326.8,150000
R1457,S8,2026-04-22,511,21,63,138600,2511.88,84374.63,150000
R1458,S9,2026-04-22,553,273,819,1228500,94137.76,703304.59,150000
R1459,S1,2026-04-21,150,60,120,288000,7571.45,173865.7,150000
R1460,S2,2026-04-21,659,313,626,1189400,77500.71,689377.56,150000
R1461,S3,2026-04-21,166,46,46,50600,3188.59,29395.07,150000
R1462,S4,2026-04-21,242,120,480,432000,28141.5,250392.27,150000
R1463,S5,2026-04-21,207,101,202,262600,9959.27,156637.25,150000
R1464,S6,2026-04-21,177,78,156,202800,5464.22,122348.18,150000
R1465,S7,2026-04-21,424,158,474,758400,262.22,470045.42,150000
R1466,S8,2026-04-21,533,46,138,207000,8983.47,122770.25,150000
R1467,S9,2026-04-21,697,195,780,624000,17281.17,376165.67,150000
R1468,S1,2026-04-20,491,84,336,302400,20013.38,175079.7,150000
R1469,S2,2026-04-20,261,74,74,125800,633.0,77603.54,150000
R1470,S3,2026-04-20,525,127,508,812800,10972.14,497133.27,150000
R1471,S4,2026-04-20,380,114,114,148200,10758.89,85213.49,150000
R1472,S5,2026-04-20,696,51,153,198900,6565.21,119247.57,150000
R1473,S6,2026-04-20,376,47,47,32900,233.43,20253.27,150000
R1474,S7,2026-04-20,605,253,759,759000,55743.44,436019.07,150000
R1475,S8,2026-04-20,577,287,574,918400,28277.38,551876.02,150000
R1476,S9,2026-04-20,243,111,111,255300,14544.32,149268.52,150000
R1477,S1,2026-04-19,630,182,546,709800,30773.73,420996.29,150000
R1478,S2,2026-04-19,620,174,696,417600,26734.18,242336.81,150000
R1479,S3,2026-04-19,686,258,774,541800,510.64,335599.4,150000
R1480,S4,2026-04-19,191,25,100,210000,1591.68,129213.16,150000
R1481,S5,2026-04-19,683,138,276,469200,10883.33,284156.34,150000
R1482,S6,2026-04-19,160,63,63,138600,10957.97,79138.06,150000
R1483,S7,2026-04-19,456,216,864,518400,34300.12,300141.93,150000
R1484,S8,2026-04-19,132,21,63,144900,3169.68,87872.8,150000
R1485,S9,2026-04-19,472,236,236,401200,24613.46,233483.65,150000
R1486,S1,2026-04-18,106,46,46,69000,303.29,42591.96,150000
R1487,S2,2026-04-18,147,31,62,130200,6503.16,76692.04,150000
R1488,S3,2026-04-18,565,254,254,127000,8547.14,73440.77,150000
R1489,S4,2026-04-18,354,155,465,511500,40130.0,292249.4,150000
R1490,S5,2026-04-18,528,80,320,288000,5000.84,175459.48,150000
R1491,S6,2026-04-18,136,34,136,217600,14353.08,126013.09,150000
R1492,S7,2026-04-18,676,34,34,51000,479.75,31322.56,150000
R1493,S8,2026-04-18,381,78,312,655200,43534.96,379232.32,150000
R1494,S9,2026-04-18,195,27,108,162000,8283.86,95304.01,150000
R1495,S1,2026-04-17,190,74,74,44400,2479.16,25990.92,150000
R1496,S2,2026-04-17,126,23,69,144900,10689.14,83210.73,150000
R1497,S3,2026-04-17,247,76,304,152000,9746.17,88197.37,150000
R1498,S4,2026-04-17,132,28,28,58800,4520.88,33653.05,150000
R1499,S5,2026-04-17,497,143,572,1029600,9628.15,632382.55,150000
R1500,S6,2026-04-17,188,82,328,721600,44097.29,420051.68,150000
R1501,S7,2026-04-17,633,252,504,705600,18876.19,425768.76,150000
R1502,S8,2026-04-17,330,37,37,48100,847.08,29296.81,150000
R1503,S9,2026-04-17,287,113,339,406800,19363.78,240210.46,150000
R1504,S1,2026-04-16,558,93,279,195300,1993.99,119849.73,150000
R1505,S2,2026-04-16,456,201,201,221100,7173.47,132634.45,150000
R1506,S3,2026-04-16,661,207,414,828000,49240.9,482830.64,150000
R1507,S4,2026-04-16,466,133,133,146300,2420.09,89205.54,150000
R1508,S5,2026-04-16,513,110,440,924000,26824.02,556249.11,150000
R1509,S6,2026-04-16,111,54,54,108000,6404.38,62989.28,150000
R1510,S7,2026-04-16,465,160,320,224000,15539.24,129245.67,150000
R1511,S8,2026-04-16,371,135,540,1026000,69987.99,592727.45,150000
R1512,S9,2026-04-16,439,55,220,506000,12470.33,305988.4,150000
R1513,S1,2026-04-15,216,70,280,252000,4100.03,153697.98,150000
R1514,S2,2026-04-15,310,137,548,1260400,99335.03,719860.28,150000
R1515,S3,2026-04-15,338,158,632,505600,36532.35,290821.94,150000
R1516,S4,2026-04-15,363,61,183,329400,16857.13,193776.58,150000
R1517,S5,2026-04-15,447,106,424,339200,15795.66,200510.69,150000
R1518,S6,2026-04-15,666,274,1096,657600,10361.95,401287.59,150000
R1519,S7,2026-04-15,569,244,488,1024800,1979.16,634148.92,150000
R1520,S8,2026-04-15,530,142,142,269800,1068.32,166613.64,150000
R1521,S9,2026-04-15,346,93,93,204600,8745.28,121429.93,150000
R1522,S1,2026-04-14,156,20,40,28000,983.12,16750.47,150000
R1523,S2,2026-04-14,402,110,440,440000,21070.01,259736.59,150000
R1524,S3,2026-04-14,543,62,186,186000,2672.57,113663.01,150000
R1525,S4,2026-04-14,104,40,80,96000,236.89,59373.13,150000
R1526,S5,2026-04-14,589,42,84,50400,1337.09,30419.0,150000
R1527,S6,2026-04-14,405,71,142,156200,7317.64,92307.06,150000
R1528,S7,2026-04-14,227,26,78,93600,3933.8,55593.04,150000
R1529,S8,2026-04-14,559,147,147,73500,40.87,45544.66,150000
R1530,S9,2026-04-14,238,118,118,271400,16450.41,158068.75,150000
R1531,S1,2026-04-13,513,33,66,132000,9846.84,75734.96,150000
R1532,S2,2026-04-13,469,135,135,324000,12690.6,193011.83,150000
R1533,S3,2026-04-13,573,28,112,246400,11815.51,145442.38,150000
R1534,S4,2026-04-13,150,45,45,45000,1939.01,26697.81,150000
R1535,S5,2026-04-13,165,59,177,318600,3876.53,195128.55,150000
R1536,S6,2026-04-13,532,144,432,993600,14742.05,606891.93,150000
R1537,S7,2026-04-13,316,89,356,854400,38099.46,506106.33,150000
R1538,S8,2026-04-13,400,108,216,302400,20180.57,174976.05,150000
R1539,S9,2026-04-13,487,201,804,482400,5236.86,295841.15,150000
R1540,S1,2026-04-12,446,42,42,29400,2202.3,16862.57,150000
R1541,S2,2026-04-12,146,41,164,278800,2730.59,171163.03,150000
R1542,S3,2026-04-12,117,49,98,78400,4800.23,45631.86,150000
R1543,S4,2026-04-12,523,164,656,1508800,69968.7,892075.41,150000
R1544,S5,2026-04-12,143,54,54,124200,7452.5,72383.45,150000
R1545,S6,2026-04-12,400,91,91,100100,3593.38,59834.1,150000
R1546,S7,2026-04-12,686,233,932,1584400,83190.2,930750.08,150000
R1547,S8,2026-04-12,522,156,312,343200,6442.53,208789.63,150000
R1548,S9,2026-04-12,621,279,1116,1897200,65493.09,1135658.28,150000
R1549,S1,2026-04-11,341,39,117,257400,15677.28,149868.09,150000
R1550,S2,2026-04-11,244,92,276,441600,22226.15,260011.79,150000
R1551,S3,2026-04-11,699,328,656,524800,18355.19,313995.78,150000
R1552,S4,2026-04-11,563,124,124,173600,6262.06,103749.52,150000
R1553,S5,2026-04-11,525,227,908,1271200,14296.31,779280.29,150000
R1554,S6,2026-04-11,443,172,172,275200,16143.79,160614.85,150000
R1555,S7,2026-04-11,349,133,266,292600,13614.09,172971.26,150000
R1556,S8,2026-04-11,694,215,645,645000,34223.88,378681.19,150000
R1557,S9,2026-04-11,209,85,340,816000,4701.3,503005.19,150000
R1558,S1,2026-04-10,507,234,234,351000,18658.71,206051.6,150000
R1559,S2,2026-04-10,379,96,288,518400,23843.76,306624.87,150000
R1560,S3,2026-04-10,445,105,420,252000,8022.34,151266.15,150000
R1561,S4,2026-04-10,199,98,294,441000,14410.81,264485.3,150000
R1562,S5,2026-04-10,159,67,268,160800,11247.94,92722.28,150000
R1563,S6,2026-04-10,644,254,508,609600,27588.21,360847.31,150000
R1564,S7,2026-04-10,369,37,148,296000,1488.71,182597.0,150000
R1565,S8,2026-04-10,419,150,150,75000,3930.13,44063.32,150000
R1566,S9,2026-04-10,334,133,532,798000,55796.33,460166.28,150000
R1567,S1,2026-04-09,250,110,330,297000,22577.81,170141.76,150000
R1568,S2,2026-04-09,423,210,840,924000,60917.1,535111.4,150000
R1569,S3,2026-04-09,140,52,104,62400,429.67,38421.6,150000
R1570,S4,2026-04-09,672,111,111,122100,9430.55,69855.06,150000
R1571,S5,2026-04-09,231,102,408,530400,12638.57,321012.09,150000
R1572,S6,2026-04-09,359,68,272,163200,10570.45,94630.32,150000
R1573,S7,2026-04-09,573,207,828,496800,6271.94,304127.4,150000
R1574,S8,2026-04-09,323,127,254,177800,11838.04,102896.42,150000
R1575,S9,2026-04-09,587,23,69,165600,2044.39,101404.48,150000
R1576,S1,2026-04-08,172,34,136,231200,15205.11,133916.83,150000
R1577,S2,2026-04-08,268,80,240,552000,10128.9,335960.08,150000
R1578,S3,2026-04-08,584,131,131,275100,13542.53,162165.63,150000
R1579,S4,2026-04-08,590,177,354,601800,28402.15,355506.67,150000
R1580,S5,2026-04-08,326,138,414,289800,20556.17,166931.17,150000
R1581,S6,2026-04-08,453,91,364,582400,45290.91,333007.64,150000
R1582,S7,2026-04-08,601,156,624,1248000,95210.08,714729.75,150000
R1583,S8,2026-04-08,598,70,280,224000,17782.84,127854.64,150000
R1584,S9,2026-04-08,220,91,91,182000,1002.65,112218.36,150000
R1585,S1,2026-04-07,123,30,90,162000,2883.2,98652.42,150000
R1586,S2,2026-04-07,280,130,390,273000,8300.82,164113.49,150000
R1587,S3,2026-04-07,431,167,167,400800,11440.47,241402.91,150000
R1588,S4,2026-04-07,452,159,636,1462800,74125.98,860977.89,150000
R1589,S5,2026-04-07,266,111,222,444000,4345.02,272586.09,150000
R1590,S6,2026-04-07,377,172,688,756800,44951.5,441346.07,150000
R1591,S7,2026-04-07,599,197,788,1891200,51639.23,1140527.68,150000
R1592,S8,2026-04-07,647,257,257,514000,4163.15,316098.85,150000
R1593,S9,2026-04-07,444,205,820,1804000,48099.61,1088658.24,150000
R1594,S1,2026-04-06,304,88,264,237600,15420.63,137751.21,150000
R1595,S2,2026-04-06,344,168,504,403200,1431.56,249096.43,150000
R1596,S3,2026-04-06,349,119,119,119000,5516.85,70359.55,150000
R1597,S4,2026-04-06,481,105,210,462000,21194.76,273299.25,150000
R1598,S5,2026-04-06,354,48,48,28800,662.14,17445.47,150000
R1599,S6,2026-04-06,660,153,459,229500,4108.04,139743.02,150000
R1600,S7,2026-04-06,282,37,111,144300,10374.52,83033.8,150000
R1601,S8,2026-04-06,544,96,384,384000,22559.76,224092.95,150000
R1602,S9,2026-04-06,336,157,314,282600,21957.56,161598.31,150000
R1603,S1,2026-04-05,233,93,372,892800,56315.55,518620.36,150000
R1604,S2,2026-04-05,434,51,153,306000,17727.65,178728.86,150000
R1605,S3,2026-04-05,309,36,144,115200,6189.02,67586.81,150000
R1606,S4,2026-04-05,504,85,85,68000,4768.73,39203.39,150000
R1607,S5,2026-04-05,432,23,92,82800,574.88,50979.57,150000
R1608,S6,2026-04-05,169,81,81,64800,97.62,40115.48,150000
R1609,S7,2026-04-05,462,171,513,461700,15462.21,276667.43,150000
R1610,S8,2026-04-05,556,184,736,1251200,42508.24,749388.89,150000
R1611,S9,2026-04-05,391,101,404,727200,56957.89,415550.11,150000
R1612,S1,2026-04-04,150,56,224,448000,34157.13,256582.58,150000
R1613,S2,2026-04-04,457,156,468,280800,72.4,174051.11,150000
R1614,S3,2026-04-04,121,43,43,90300,6775.36,51785.28,150000
R1615,S4,2026-04-04,639,88,264,184800,61.25,114538.02,150000
R1616,S5,2026-04-04,350,100,400,360000,737.91,222742.5,150000
R1617,S6,2026-04-04,128,26,52,72800,4190.43,42537.93,150000
R1618,S7,2026-04-04,366,180,540,918000,34362.12,547855.49,150000
R1619,S8,2026-04-04,272,40,120,264000,3322.87,161619.82,150000
R1620,S9,2026-04-04,544,47,141,225600,12743.97,131970.74,150000
